Data;Id_Compra;Loja;Vendedor;Produto;Cliente_Nome;Cliente_Genero;Forma_Pagto
2025-09-21 14:19:28.351875;0;Salvador;Viviane Souza;Cadeira;Roseann Brownell;feminino;Cartão de Crédito
2025-09-21 15:37:20.566857;1;Rio de Janeiro;Ricardo Bonfim;Notebook;Betty Ryan;feminino;Pix
2025-09-21 15:49:21.815891;2;Belo Horizonte;Lucas Bernardo;Celular;Kelly Phillies;feminino;Dinheiro
2025-09-21 16:34:21.109058;3;Florianópolis;Rafaela Alves;Monitor;Marilyn Ross;feminino;Cartão de Crédito
2025-09-21 18:57:25.068592;4;Porto Alegre;André Lima;Cadeira;Amy Kazanjian;feminino;Cartão de Crédito
2025-09-21 19:44:26.301679;5;Salvador;Viviane Souza;Celular;Christopher Donaldson;masculino;Boleto
2025-09-21 20:09:21.051605;6;Porto Alegre;Breno Antônio;Notebook;Bobbi Broussard;feminino;Dinheiro
2025-09-21 20:14:22.561594;7;Rio de Janeiro;Stephanie Riga;Celular;Garnett Norris;feminino;Cartão de Crédito
2025-09-21 20:27:26.061896;8;Salvador;Elias Damasco;Celular;Michael Dobiesz;masculino;Dinheiro
2025-09-22 00:24:20.234926;9;São Paulo;Pedro Almeida;Mouse;David Polizio;masculino;Cartão de Crédito
2025-09-22 23:30:20.528513;10;São Paulo;Maria Antonia;Monitor;Jean Doverspike;feminino;Cartão de Débito
2025-09-23 20:11:21.144783;11;Florianópolis;Rafaela Alves;Celular;Brian Johnson;masculino;Cartão de Débito
2025-09-23 20:52:27.364877;12;Florianópolis;Paulo André;Monitor;Joseph Pierce;masculino;Pix
2025-09-23 23:15:23.183996;13;Florianópolis;Paulo André;Notebook;Jose Rogers;masculino;Cartão de Crédito
2025-09-23 23:31:19.393784;14;Belo Horizonte;Lucas Bernardo;Notebook;William Johnson;masculino;Pix
2025-09-24 00:34:28.659162;15;Rio de Janeiro;Juliana Bonde;Celular;Edwin Fuston;masculino;Cartão de Crédito
2025-09-24 00:48:23.614999;16;Porto Alegre;André Lima;Cadeira;Joshua Nemoede;masculino;Dinheiro
2025-09-24 17:14:27.519235;17;Salvador;Elias Damasco;Mouse;Michael Edmonds;masculino;Dinheiro
2025-09-24 20:52:25.120789;18;Florianópolis;José Elias;Mouse;Inez Fagan;feminino;Cartão de Débito
2025-09-24 21:44:23.926707;19;Porto Alegre;Diego Costa;Cadeira;Michael Birkey;masculino;Pix
2025-09-24 23:55:28.851782;20;Rio de Janeiro;Ricardo Bonfim;Monitor;Jennifer Marshall;feminino;Dinheiro
2025-09-25 00:31:24.012566;21;Porto Alegre;André Lima;Teclado;Richard Painter;masculino;Cartão de Débito
2025-09-25 14:16:23.415211;22;Rio de Janeiro;Juliana Bonde;Mouse;Jeffrey Benward;masculino;Pix
2025-09-25 21:56:26.478299;23;Porto Alegre;Diego Costa;Monitor;Jorge Hicks;masculino;Dinheiro
2025-09-25 23:25:22.593499;24;Salvador;Elias Damasco;Mouse;Jean Saunders;feminino;Cartão de Crédito
2025-09-26 16:00:24.737991;25;Salvador;Pedro Alves;Monitor;Joanne James;feminino;Pix
2025-09-26 21:03:21.594243;26;Salvador;Elias Damasco;Mouse;Moshe Mumbower;masculino;Cartão de Crédito
2025-09-26 21:35:24.832378;27;Porto Alegre;André Lima;Celular;Aleen Martinez;feminino;Cartão de Crédito
2025-09-26 22:31:22.784201;28;São Paulo;Pedro Almeida;Notebook;Jana Childress;feminino;Cartão de Crédito
2025-09-26 22:45:22.358006;29;São Paulo;João Marcos;Mouse;Anthony Burke;masculino;Cartão de Crédito
2025-09-26 22:53:24.815860;30;Florianópolis;José Elias;Cadeira;Sylvia Higginson;feminino;Boleto
2025-09-27 00:10:18.233582;31;Salvador;Viviane Souza;Cadeira;Gregory Sciancalepore;masculino;Boleto
2025-09-27 14:45:20.156069;32;Florianópolis;Paulo André;Mouse;Stacy Jones;feminino;Cartão de Crédito
2025-09-27 16:06:22.786021;33;Porto Alegre;André Lima;Notebook;Shannon Pfifer;feminino;Cartão de Crédito
2025-09-27 17:20:19.625196;34;Belo Horizonte;Eduardo Silva;Mouse;Janet Dugue;feminino;Dinheiro
2025-09-27 19:57:28.006118;35;São Paulo;João Marcos;Celular;George Iannotti;masculino;Boleto
2025-09-28 00:11:19.748757;36;São Paulo;Maria Antonia;Celular;Leona Simmons;feminino;Dinheiro
2025-09-28 00:19:23.758602;37;Porto Alegre;Diego Costa;Celular;Allen Lopez;masculino;Cartão de Crédito
2025-09-28 16:30:20.468910;38;São Paulo;Pedro Almeida;Teclado;Michael Barnett;masculino;Boleto
2025-09-28 16:34:27.369295;39;Porto Alegre;André Lima;Notebook;Seth Petzold;masculino;Cartão de Crédito
2025-09-28 17:03:25.519828;40;Porto Alegre;Diego Costa;Teclado;James Manciel;masculino;Pix
2025-09-28 21:21:25.185627;41;Belo Horizonte;Paola Luz;Notebook;Bertha Caudill;feminino;Dinheiro
2025-09-28 21:42:20.016655;42;Porto Alegre;Diego Costa;Monitor;Nancy Graig;feminino;Cartão de Crédito
2025-09-28 21:50:23.447930;43;Belo Horizonte;Paola Luz;Monitor;Helga Friesen;feminino;Pix
2025-09-29 15:31:18.293797;44;Florianópolis;José Elias;Monitor;Louis Townsend;masculino;Boleto
2025-09-29 22:56:22.080223;45;Salvador;Pedro Alves;Mouse;Mary Kroes;feminino;Dinheiro
2025-09-29 23:02:26.762431;46;Salvador;Elias Damasco;Notebook;Deborah Bradshaw;feminino;Boleto
2025-09-30 15:11:18.475059;47;Florianópolis;José Elias;Celular;Jennifer Underwood;feminino;Cartão de Crédito
2025-09-30 16:23:25.134857;48;Porto Alegre;Breno Antônio;Cadeira;Willie Peters;masculino;Dinheiro
2025-09-30 18:59:18.799450;49;Porto Alegre;Diego Costa;Celular;Joselyn Mogan;feminino;Cartão de Crédito
2025-09-30 18:59:24.346455;50;Porto Alegre;Diego Costa;Teclado;Manuel Wilson;masculino;Boleto
2025-09-30 22:25:25.687247;51;Rio de Janeiro;Stephanie Riga;Mouse;Helen Abrams;feminino;Dinheiro
2025-09-30 22:40:22.853387;52;Porto Alegre;Breno Antônio;Celular;Jane Ellis;feminino;Cartão de Débito
2025-09-30 23:11:19.242914;53;Rio de Janeiro;Juliana Bonde;Monitor;Mary White;feminino;Dinheiro
2025-10-01 15:30:17.916114;54;Rio de Janeiro;Stephanie Riga;Cadeira;Jennifer Greek;feminino;Cartão de Débito
2025-10-01 18:02:20.822007;55;Florianópolis;José Elias;Notebook;Alexandra Gearing;feminino;Cartão de Crédito
2025-10-01 22:59:20.012530;56;Florianópolis;Paulo André;Mouse;Travis Beck;masculino;Dinheiro
2025-10-02 15:14:19.900915;57;São Paulo;Pedro Almeida;Teclado;Cynthia Underwood;feminino;Cartão de Crédito
2025-10-02 15:47:21.956042;58;Salvador;Elias Damasco;Teclado;Jennie Meikle;feminino;Boleto
2025-10-02 17:32:24.152983;59;Belo Horizonte;Paola Luz;Mouse;Rosa Clary;feminino;Cartão de Crédito
2025-10-02 18:16:25.338035;60;Rio de Janeiro;Ricardo Bonfim;Monitor;William Colon;masculino;Pix
2025-10-03 15:27:21.780264;61;Salvador;Pedro Alves;Celular;Joseph Muzzy;masculino;Dinheiro
2025-10-03 20:53:26.358373;62;Rio de Janeiro;Stephanie Riga;Notebook;Rita Leray;feminino;Dinheiro
2025-10-03 22:39:24.335264;63;São Paulo;João Marcos;Cadeira;Odell Amick;masculino;Cartão de Débito
2025-10-04 00:27:22.497791;64;Salvador;Pedro Alves;Mouse;Macy Hilton;feminino;Dinheiro
2025-10-04 17:18:17.765820;65;Porto Alegre;André Lima;Teclado;Andrew Valenzuela;masculino;Boleto
2025-10-04 17:25:18.985937;66;Porto Alegre;André Lima;Monitor;Jessie Garcia;feminino;Cartão de Débito
2025-10-04 19:04:24.876141;67;Porto Alegre;Diego Costa;Teclado;David Hawkins;masculino;Cartão de Crédito
2025-10-04 19:05:17.718813;68;Porto Alegre;Diego Costa;Mouse;Michael Terry;masculino;Cartão de Crédito
2025-10-04 22:35:23.898508;69;Florianópolis;Paulo André;Teclado;Joyce Brady;feminino;Dinheiro
2025-10-05 15:56:22.356098;70;Belo Horizonte;Paola Luz;Monitor;Margaret Abraham;feminino;Pix
2025-10-05 16:34:28.877358;71;Porto Alegre;Breno Antônio;Teclado;Sharon Ernesto;feminino;Pix
2025-10-05 18:46:27.690329;72;São Paulo;Maria Antonia;Mouse;Henry Cantrelle;masculino;Boleto
2025-10-06 14:58:24.876649;73;Rio de Janeiro;Juliana Bonde;Monitor;Suzanne Billinghurst;feminino;Cartão de Débito
2025-10-06 16:23:27.770430;74;Rio de Janeiro;Juliana Bonde;Celular;Caroline Sheth;feminino;Dinheiro
2025-10-06 17:18:18.140318;75;Belo Horizonte;Eduardo Silva;Notebook;Florence Laxson;feminino;Dinheiro
2025-10-06 21:24:20.369145;76;Florianópolis;Paulo André;Teclado;Max Ng;masculino;Pix
2025-10-07 00:11:20.521835;77;Florianópolis;Rafaela Alves;Cadeira;Grant Forbis;masculino;Cartão de Débito
2025-10-07 00:12:27.079897;78;Salvador;Viviane Souza;Notebook;Debbie Ruiz;feminino;Pix
2025-10-07 00:32:18.917202;79;Rio de Janeiro;Juliana Bonde;Cadeira;Charles Price;masculino;Cartão de Crédito
2025-10-07 14:42:28.192370;80;São Paulo;Maria Antonia;Monitor;Kim Odougherty;feminino;Pix
2025-10-07 17:17:20.201663;81;Florianópolis;Rafaela Alves;Notebook;Sharon Ranck;feminino;Cartão de Crédito
2025-10-07 17:37:27.119786;82;Salvador;Pedro Alves;Celular;John Morey;masculino;Dinheiro
2025-10-07 18:25:26.611424;83;Belo Horizonte;Lucas Bernardo;Celular;Jose Johnson;masculino;Boleto
2025-10-07 18:55:18.411245;84;Rio de Janeiro;Ricardo Bonfim;Celular;Laura Russell;feminino;Cartão de Débito
2025-10-07 20:37:25.111709;85;Belo Horizonte;Paola Luz;Celular;Carol Wax;feminino;Boleto
2025-10-07 20:48:27.995545;86;Salvador;Pedro Alves;Mouse;Elizabeth Carmichael;feminino;Pix
2025-10-08 14:21:28.247653;87;Porto Alegre;Diego Costa;Notebook;Trina Young;feminino;Pix
2025-10-08 17:06:18.295565;88;Salvador;Viviane Souza;Teclado;Joseph Lindsay;masculino;Dinheiro
2025-10-09 00:51:20.283710;89;Florianópolis;José Elias;Celular;Benjamin Ryan;masculino;Boleto
2025-10-09 15:44:20.956088;90;São Paulo;Pedro Almeida;Celular;Jose Salomon;masculino;Cartão de Débito
2025-10-09 15:47:25.254127;91;Rio de Janeiro;Ricardo Bonfim;Celular;Lucinda Craig;feminino;Cartão de Crédito
2025-10-09 16:07:23.965210;92;Salvador;Elias Damasco;Teclado;Martin Winston;masculino;Pix
2025-10-09 17:27:22.071306;93;Florianópolis;Paulo André;Cadeira;Tom Pardue;masculino;Pix
2025-10-09 19:13:21.559234;94;Salvador;Pedro Alves;Celular;Geraldine Wolfe;feminino;Dinheiro
2025-10-09 23:18:20.470068;95;São Paulo;Pedro Almeida;Monitor;Robin Seneker;feminino;Cartão de Débito
2025-10-10 14:21:22.904580;96;Florianópolis;Rafaela Alves;Monitor;James Redding;masculino;Cartão de Débito
2025-10-10 14:54:20.744753;97;Rio de Janeiro;Juliana Bonde;Cadeira;Tania Keith;feminino;Boleto
2025-10-10 15:30:25.784327;98;Salvador;Viviane Souza;Notebook;Deborah French;feminino;Boleto
2025-10-10 15:49:21.391678;99;Porto Alegre;Breno Antônio;Cadeira;Granville Mitchell;masculino;Boleto
2025-10-11 00:15:24.721121;100;Porto Alegre;Breno Antônio;Notebook;Diego Perez;masculino;Cartão de Débito
2025-10-11 14:27:20.063355;101;Belo Horizonte;Lucas Bernardo;Teclado;Deborah Mielke;feminino;Cartão de Débito
2025-10-11 14:43:24.707610;102;Porto Alegre;André Lima;Celular;Teresa Jennings;feminino;Cartão de Crédito
2025-10-11 17:11:24.136780;103;Belo Horizonte;Paola Luz;Monitor;Steven Lopez;masculino;Cartão de Débito
2025-10-11 17:51:20.199095;104;Salvador;Viviane Souza;Cadeira;Pamela Terry;feminino;Cartão de Crédito
2025-10-11 20:02:22.000965;105;São Paulo;Maria Antonia;Cadeira;Sharon Hoyle;feminino;Cartão de Débito
2025-10-11 23:00:28.505977;106;Florianópolis;José Elias;Teclado;Eduardo Delperdang;masculino;Pix
2025-10-11 23:55:23.599558;107;Porto Alegre;André Lima;Celular;Sarah Ferrara;feminino;Dinheiro
2025-10-12 16:08:24.631565;108;Porto Alegre;Diego Costa;Notebook;Angelo Quay;masculino;Dinheiro
2025-10-12 17:27:21.185550;109;Belo Horizonte;Lucas Bernardo;Notebook;George Pearce;masculino;Boleto
2025-10-12 17:31:23.521637;110;Porto Alegre;André Lima;Celular;Wilma Tolbert;feminino;Cartão de Débito
2025-10-12 21:41:20.331559;111;São Paulo;Maria Antonia;Celular;Harry Gilbertson;masculino;Cartão de Débito
2025-10-12 23:15:25.737434;112;Salvador;Pedro Alves;Cadeira;Troy Seward;masculino;Cartão de Crédito
2025-10-13 17:50:28.846090;113;Rio de Janeiro;Juliana Bonde;Cadeira;Diane Strickland;feminino;Dinheiro
2025-10-13 19:21:25.187774;114;Porto Alegre;Diego Costa;Celular;Marion Hinojosa;feminino;Cartão de Débito
2025-10-13 20:06:22.885056;115;São Paulo;Pedro Almeida;Celular;Felicia Caron;feminino;Pix
2025-10-13 20:43:24.721863;116;Porto Alegre;Diego Costa;Teclado;Teresa Trimble;feminino;Boleto
2025-10-13 22:13:24.993973;117;Belo Horizonte;Eduardo Silva;Cadeira;Michael Stevenson;masculino;Dinheiro
2025-10-14 20:41:19.731876;118;Florianópolis;Rafaela Alves;Monitor;Sofia Cummings;feminino;Boleto
2025-10-14 21:05:28.815127;119;Salvador;Elias Damasco;Cadeira;Ingrid Smith;feminino;Boleto
2025-10-14 22:08:23.244283;120;São Paulo;Pedro Almeida;Celular;Margaret Coles;feminino;Dinheiro
2025-10-14 22:28:20.983364;121;Florianópolis;Rafaela Alves;Notebook;Jimmy Boston;masculino;Pix
2025-10-15 15:39:29.104324;122;Belo Horizonte;Paola Luz;Notebook;James Milligan;masculino;Pix
2025-10-15 16:36:23.104573;123;Salvador;Elias Damasco;Celular;Ericka Whetstone;feminino;Pix
2025-10-15 17:06:27.435348;124;Rio de Janeiro;Ricardo Bonfim;Teclado;Maria Brunner;feminino;Pix
2025-10-15 17:08:19.278400;125;Salvador;Elias Damasco;Mouse;Julie Decamp;feminino;Cartão de Crédito
2025-10-15 18:36:21.274625;126;Porto Alegre;Breno Antônio;Mouse;Brian Galarza;masculino;Boleto
2025-10-15 18:39:26.098697;127;Salvador;Pedro Alves;Teclado;John Steward;masculino;Dinheiro
2025-10-15 19:53:20.934653;128;Rio de Janeiro;Stephanie Riga;Mouse;Steve Whitfield;masculino;Cartão de Crédito
2025-10-15 21:30:22.240322;129;Porto Alegre;Diego Costa;Notebook;Doris Simmons;feminino;Cartão de Crédito
2025-10-16 00:54:17.399488;130;Rio de Janeiro;Stephanie Riga;Mouse;Alyson Brown;feminino;Dinheiro
2025-10-16 01:06:27.882326;131;Porto Alegre;Diego Costa;Notebook;Helen Marple;feminino;Dinheiro
2025-10-16 15:34:20.769809;132;Belo Horizonte;Lucas Bernardo;Teclado;Benny Allbee;masculino;Boleto
2025-10-16 16:35:25.689162;133;Belo Horizonte;Eduardo Silva;Mouse;Robert Taveras;masculino;Cartão de Débito
2025-10-16 21:04:21.110006;134;Rio de Janeiro;Stephanie Riga;Teclado;Anderson Carter;masculino;Cartão de Crédito
2025-10-16 21:52:22.929071;135;Rio de Janeiro;Ricardo Bonfim;Celular;Kathleen Truman;feminino;Cartão de Débito
2025-10-16 23:10:28.695904;136;São Paulo;Pedro Almeida;Cadeira;Carl Legra;masculino;Dinheiro
2025-10-17 00:27:24.164941;137;Rio de Janeiro;Juliana Bonde;Celular;Glenda Williams;feminino;Dinheiro
2025-10-17 15:11:21.317841;138;Florianópolis;Rafaela Alves;Celular;Diana Lopez;feminino;Dinheiro
2025-10-17 15:55:26.295558;139;Belo Horizonte;Eduardo Silva;Cadeira;Stephanie Fowler;feminino;Boleto
2025-10-17 16:33:28.257051;140;Belo Horizonte;Eduardo Silva;Cadeira;William Bova;masculino;Dinheiro
2025-10-17 18:34:18.044104;141;Porto Alegre;André Lima;Monitor;Matthew Wise;masculino;Pix
2025-10-17 19:00:26.131928;142;São Paulo;Maria Antonia;Celular;Jason Maranto;masculino;Cartão de Débito
2025-10-17 20:08:19.211415;143;Salvador;Pedro Alves;Monitor;Joycelyn Guerrero;feminino;Cartão de Débito
2025-10-17 22:27:18.455362;144;Rio de Janeiro;Stephanie Riga;Monitor;Ryan Williams;masculino;Cartão de Crédito
2025-10-17 23:16:22.903836;145;Florianópolis;Rafaela Alves;Mouse;Christopher Bernard;masculino;Pix
2025-10-17 23:19:25.179129;146;Belo Horizonte;Paola Luz;Cadeira;Karl Worrell;masculino;Pix
2025-10-18 18:06:19.679135;147;Salvador;Pedro Alves;Mouse;John Casas;masculino;Boleto
2025-10-18 19:12:20.930895;148;Salvador;Elias Damasco;Mouse;Ismael Boyette;masculino;Dinheiro
2025-10-18 21:03:22.308580;149;Salvador;Pedro Alves;Celular;John Guerrero;masculino;Cartão de Crédito
2025-10-18 22:47:24.592222;150;Rio de Janeiro;Ricardo Bonfim;Mouse;John Longley;masculino;Boleto
2025-10-18 23:27:25.781410;151;São Paulo;Pedro Almeida;Notebook;John Klein;masculino;Cartão de Crédito
2025-10-18 23:50:21.804108;152;Porto Alegre;Diego Costa;Celular;Colby Rocchio;feminino;Cartão de Débito
2025-10-19 01:06:22.398333;153;Belo Horizonte;Eduardo Silva;Mouse;Heather Wiersteiner;feminino;Cartão de Crédito
2025-10-19 01:10:29.136503;154;São Paulo;Pedro Almeida;Teclado;Garry Clouser;masculino;Boleto
2025-10-19 15:36:22.250475;155;São Paulo;Maria Antonia;Celular;David Witman;masculino;Cartão de Crédito
2025-10-19 19:50:19.749924;156;Rio de Janeiro;Juliana Bonde;Monitor;Mark Kozak;masculino;Dinheiro
2025-10-19 20:41:22.594198;157;Porto Alegre;Diego Costa;Teclado;Edmund Gilliam;masculino;Pix
2025-10-19 23:16:22.394308;158;Rio de Janeiro;Juliana Bonde;Notebook;Kevin Mortenson;masculino;Boleto
2025-10-20 01:01:22.755628;159;São Paulo;João Marcos;Teclado;Joesph Bruce;masculino;Dinheiro
2025-10-20 14:53:25.220235;160;Salvador;Elias Damasco;Monitor;Jenni Bickel;feminino;Dinheiro
2025-10-20 18:22:23.757443;161;Porto Alegre;Diego Costa;Notebook;Leslie Richards;masculino;Pix
2025-10-20 19:16:26.032366;162;Porto Alegre;Breno Antônio;Teclado;John Lizardi;masculino;Cartão de Crédito
2025-10-20 22:56:23.754461;163;Porto Alegre;André Lima;Monitor;Jean Leavitt;feminino;Cartão de Débito
2025-10-20 23:26:18.152509;164;Rio de Janeiro;Stephanie Riga;Celular;Christopher Naz;masculino;Cartão de Débito
2025-10-21 15:27:17.880506;165;Porto Alegre;Breno Antônio;Cadeira;Shannon Weatherwax;feminino;Dinheiro
2025-10-21 19:38:17.915790;166;São Paulo;Pedro Almeida;Notebook;Nathan Walker;masculino;Pix
2025-10-21 21:21:29.130565;167;Florianópolis;José Elias;Notebook;Shirley Gordon;feminino;Boleto
2025-10-21 22:56:29.197227;168;Belo Horizonte;Lucas Bernardo;Cadeira;Gabriel Dalley;masculino;Pix
2025-10-22 01:08:22.928526;169;Rio de Janeiro;Juliana Bonde;Celular;Nathan Mcdonald;masculino;Dinheiro
2025-10-22 16:16:27.434156;170;Belo Horizonte;Lucas Bernardo;Notebook;Carolyn Stephenson;feminino;Boleto
2025-10-22 17:30:23.575152;171;Florianópolis;José Elias;Notebook;Gwen Heyward;feminino;Dinheiro
2025-10-22 20:45:26.763187;172;São Paulo;Maria Antonia;Cadeira;Laura Fanter;feminino;Cartão de Crédito
2025-10-22 21:37:26.743039;173;Florianópolis;José Elias;Mouse;Vicki Uren;feminino;Boleto
2025-10-22 21:42:18.670092;174;Rio de Janeiro;Ricardo Bonfim;Teclado;Kyle Firestine;masculino;Cartão de Débito
2025-10-22 23:23:23.234328;175;Florianópolis;José Elias;Notebook;Maria Jones;feminino;Dinheiro
2025-10-22 23:27:23.663613;176;Porto Alegre;Diego Costa;Teclado;Harry Trinh;masculino;Boleto
2025-10-23 14:15:20.365855;177;São Paulo;Maria Antonia;Mouse;Marsha Conner;feminino;Pix
2025-10-23 14:21:17.913164;178;Porto Alegre;Diego Costa;Cadeira;Jo Jean;feminino;Dinheiro
2025-10-23 18:18:25.792109;179;Salvador;Pedro Alves;Celular;Rita Hayes;feminino;Dinheiro
2025-10-23 19:16:25.193182;180;Salvador;Pedro Alves;Celular;Tomika Kelley;feminino;Boleto
2025-10-23 19:49:28.459801;181;Porto Alegre;Diego Costa;Monitor;Melissa Citizen;feminino;Cartão de Débito
2025-10-23 21:39:17.182673;182;Salvador;Viviane Souza;Cadeira;Victor Rahaman;masculino;Boleto
2025-10-23 21:52:25.490902;183;Florianópolis;Paulo André;Mouse;Patricia Madeira;feminino;Dinheiro
2025-10-23 22:52:27.457080;184;Salvador;Viviane Souza;Cadeira;Orlando Perry;masculino;Cartão de Débito
2025-10-23 23:48:21.114611;185;São Paulo;Maria Antonia;Notebook;Edward Odoms;masculino;Cartão de Crédito
2025-10-24 01:09:27.807854;186;Florianópolis;Paulo André;Monitor;Victoria Carpenter;feminino;Cartão de Débito
2025-10-24 15:27:24.492753;187;Rio de Janeiro;Ricardo Bonfim;Cadeira;Michelle Hirneise;feminino;Pix
2025-10-24 15:39:19.860686;188;São Paulo;Pedro Almeida;Celular;George Foley;masculino;Dinheiro
2025-10-24 15:53:23.253662;189;Belo Horizonte;Lucas Bernardo;Cadeira;Gretchen Guzman;feminino;Boleto
2025-10-24 18:11:24.770708;190;São Paulo;Maria Antonia;Celular;Patrick Massey;masculino;Boleto
2025-10-24 22:16:24.875876;191;Salvador;Elias Damasco;Notebook;Lawrence Burns;masculino;Cartão de Débito
2025-10-25 00:53:24.834383;192;Belo Horizonte;Eduardo Silva;Cadeira;Anette Lam;feminino;Dinheiro
2025-10-25 15:52:19.268966;193;Belo Horizonte;Paola Luz;Teclado;Willie Marcus;masculino;Dinheiro
2025-10-25 17:32:27.018292;194;Belo Horizonte;Paola Luz;Notebook;James Davis;masculino;Boleto
2025-10-25 19:36:20.974501;195;Belo Horizonte;Paola Luz;Teclado;Nilda King;feminino;Boleto
2025-10-25 19:41:23.911316;196;Belo Horizonte;Eduardo Silva;Notebook;Mary Sanchez;feminino;Boleto
2025-10-25 20:05:22.008991;197;Salvador;Pedro Alves;Teclado;Richard Benson;masculino;Cartão de Crédito
2025-10-26 00:33:19.864565;198;Porto Alegre;Breno Antônio;Mouse;Susan Rodriguez;feminino;Cartão de Débito
2025-10-26 16:19:24.740992;199;Salvador;Viviane Souza;Mouse;Terry Gallegos;feminino;Pix
2025-10-26 22:02:22.354182;200;Belo Horizonte;Paola Luz;Mouse;Charlotte Rivera;feminino;Cartão de Débito
2025-10-26 22:31:27.480806;201;Salvador;Elias Damasco;Monitor;Rickey Rickert;masculino;Boleto
2025-10-26 22:58:27.286901;202;Salvador;Pedro Alves;Cadeira;Laura Reilly;feminino;Cartão de Crédito
2025-10-27 16:55:28.559142;203;Rio de Janeiro;Juliana Bonde;Cadeira;Thomas Clough;masculino;Cartão de Débito
2025-10-27 17:03:21.661638;204;São Paulo;Pedro Almeida;Mouse;Roberta Stewart;feminino;Cartão de Crédito
2025-10-27 21:40:28.070512;205;Florianópolis;José Elias;Cadeira;Sandra Koch;feminino;Cartão de Crédito
2025-10-27 22:11:26.537550;206;Porto Alegre;Breno Antônio;Teclado;Victor Bridges;masculino;Dinheiro
2025-10-28 15:30:23.699709;207;Florianópolis;José Elias;Teclado;Lorena Starkey;feminino;Boleto
2025-10-28 16:37:20.746113;208;Florianópolis;Rafaela Alves;Mouse;Charita Bozeman;feminino;Dinheiro
2025-10-28 19:27:25.192010;209;Salvador;Pedro Alves;Celular;Antwan Taylor;masculino;Dinheiro
2025-10-28 20:21:27.116772;210;São Paulo;João Marcos;Teclado;Connie Grimmett;feminino;Boleto
2025-10-28 20:31:29.052836;211;Rio de Janeiro;Ricardo Bonfim;Teclado;Wilson Gupton;masculino;Cartão de Crédito
2025-10-28 23:03:22.853876;212;Salvador;Elias Damasco;Mouse;Juanita Ellis;feminino;Cartão de Débito
2025-10-29 00:08:25.739581;213;Rio de Janeiro;Stephanie Riga;Cadeira;Gabriel Jackson;masculino;Pix
2025-10-29 14:45:21.457816;214;Salvador;Viviane Souza;Celular;Donna Curry;feminino;Boleto
2025-10-29 19:36:25.745121;215;Porto Alegre;André Lima;Monitor;Juan Hout;masculino;Pix
2025-10-29 22:40:21.511547;216;Florianópolis;Rafaela Alves;Teclado;Melissa Cherenfant;feminino;Dinheiro
2025-10-29 23:36:19.599087;217;Rio de Janeiro;Stephanie Riga;Cadeira;James Joosten;masculino;Pix
2025-10-30 00:01:27.845587;218;Florianópolis;Paulo André;Celular;Sadie Lansing;feminino;Boleto
2025-10-30 01:03:21.560093;219;Salvador;Viviane Souza;Monitor;Barbara Jensen;feminino;Pix
2025-10-30 16:29:28.919110;220;Porto Alegre;André Lima;Monitor;Nathaniel Kwong;masculino;Cartão de Crédito
2025-10-30 18:51:20.569702;221;Porto Alegre;André Lima;Notebook;Essie Myers;feminino;Cartão de Débito
2025-10-30 21:02:17.338100;222;Porto Alegre;André Lima;Mouse;Jeannette Alvarez;feminino;Cartão de Débito
2025-10-30 21:35:23.193544;223;São Paulo;João Marcos;Cadeira;Carol Klase;feminino;Cartão de Crédito
2025-10-30 23:23:27.952757;224;Rio de Janeiro;Juliana Bonde;Cadeira;Joseph Crider;masculino;Boleto
2025-10-31 14:25:19.963944;225;Porto Alegre;Breno Antônio;Celular;Frank Land;masculino;Cartão de Débito
2025-11-01 15:56:17.654877;226;Belo Horizonte;Eduardo Silva;Celular;Maureen Deschamps;feminino;Boleto
2025-11-01 16:40:20.970207;227;Belo Horizonte;Eduardo Silva;Notebook;Kevin Hernandez;masculino;Pix
2025-11-01 16:44:19.965454;228;Porto Alegre;Diego Costa;Notebook;Rose Mccoy;feminino;Cartão de Débito
2025-11-01 16:47:23.650690;229;São Paulo;João Marcos;Cadeira;Robert Wilkerson;masculino;Pix
2025-11-01 17:06:19.011954;230;Florianópolis;Paulo André;Mouse;Todd Donahoe;masculino;Dinheiro
2025-11-01 18:57:22.269998;231;Porto Alegre;Diego Costa;Monitor;Robert Nowak;masculino;Boleto
2025-11-01 19:15:22.225044;232;Florianópolis;Rafaela Alves;Teclado;Timothy Turnquist;masculino;Cartão de Débito
2025-11-01 19:21:29.119567;233;São Paulo;Maria Antonia;Celular;Gary Brito;masculino;Cartão de Débito
2025-11-01 20:20:28.929940;234;São Paulo;Pedro Almeida;Monitor;Linda Sullivan;feminino;Boleto
2025-11-02 14:57:25.381141;235;Salvador;Pedro Alves;Teclado;Margaret Keeton;feminino;Boleto
2025-11-02 16:48:27.158971;236;São Paulo;João Marcos;Notebook;Brian Miller;masculino;Cartão de Débito
2025-11-02 21:51:22.295706;237;Porto Alegre;André Lima;Monitor;Sheila Storlie;feminino;Cartão de Crédito
2025-11-02 22:57:28.345776;238;Rio de Janeiro;Juliana Bonde;Cadeira;Kimberly Adams;feminino;Pix
2025-11-02 23:17:26.503044;239;Belo Horizonte;Paola Luz;Notebook;Mabel Mason;feminino;Pix
2025-11-02 23:47:26.532533;240;Belo Horizonte;Paola Luz;Celular;Ruth Young;feminino;Cartão de Crédito
2025-11-03 00:41:18.131626;241;Belo Horizonte;Eduardo Silva;Teclado;Sara Girouard;feminino;Cartão de Débito
2025-11-03 01:08:18.886471;242;Rio de Janeiro;Juliana Bonde;Notebook;Jimmy Bell;masculino;Dinheiro
2025-11-03 16:40:21.554072;243;Rio de Janeiro;Ricardo Bonfim;Notebook;Juan Noble;masculino;Cartão de Débito
2025-11-03 18:17:17.796811;244;Belo Horizonte;Paola Luz;Celular;Craig Roe;masculino;Cartão de Crédito
2025-11-03 18:56:26.505774;245;Florianópolis;Paulo André;Cadeira;Samuel Sanders;masculino;Pix
2025-11-03 19:06:21.480588;246;Belo Horizonte;Eduardo Silva;Monitor;William Mcdowell;masculino;Dinheiro
2025-11-03 21:17:18.869405;247;Belo Horizonte;Lucas Bernardo;Teclado;Bryan Brueggeman;masculino;Boleto
2025-11-03 22:33:23.281478;248;Porto Alegre;André Lima;Cadeira;Peter Booker;masculino;Dinheiro
2025-11-03 23:03:26.099979;249;Rio de Janeiro;Stephanie Riga;Cadeira;Linda Roblez;feminino;Cartão de Crédito
2025-11-04 01:11:18.915801;250;Rio de Janeiro;Ricardo Bonfim;Cadeira;Patrick Smith;masculino;Cartão de Crédito
2025-11-04 17:22:21.990299;251;Rio de Janeiro;Stephanie Riga;Teclado;Violeta Gramling;feminino;Cartão de Débito
2025-11-04 22:02:17.275604;252;São Paulo;João Marcos;Notebook;Esther Goldizen;feminino;Boleto
2025-11-04 23:25:22.507986;253;Salvador;Viviane Souza;Mouse;Lisa Tanaka;feminino;Boleto
2025-11-04 23:27:26.528732;254;São Paulo;Pedro Almeida;Notebook;Joannie Kennedy;feminino;Dinheiro
2025-11-05 00:24:21.459339;255;São Paulo;Maria Antonia;Notebook;Irwin Giles;masculino;Cartão de Débito
2025-11-05 00:55:27.458351;256;Rio de Janeiro;Ricardo Bonfim;Cadeira;Joshua Camille;masculino;Dinheiro
2025-11-05 16:09:21.555288;257;Florianópolis;Rafaela Alves;Monitor;Raymond Mccallum;masculino;Cartão de Crédito
2025-11-05 19:31:21.769607;258;Florianópolis;Paulo André;Cadeira;Amanda Bennett;feminino;Dinheiro
2025-11-05 19:44:26.255526;259;Salvador;Elias Damasco;Cadeira;Ralph Myers;masculino;Cartão de Crédito
2025-11-05 20:52:23.519631;260;Porto Alegre;André Lima;Cadeira;Brian Mccray;masculino;Pix
2025-11-05 22:42:20.200174;261;Salvador;Pedro Alves;Mouse;Tamara Goodwin;feminino;Boleto
2025-11-06 23:18:27.903035;262;Rio de Janeiro;Stephanie Riga;Teclado;Theresa Nunez;feminino;Boleto
2025-11-07 22:30:28.416923;263;Florianópolis;José Elias;Cadeira;Anthony Fazzone;masculino;Dinheiro
2025-11-08 15:14:24.163128;264;Porto Alegre;André Lima;Teclado;Nathan Stokes;masculino;Cartão de Débito
2025-11-08 15:41:19.905635;265;Florianópolis;Paulo André;Monitor;Imelda Weiner;feminino;Pix
2025-11-08 16:26:24.054705;266;São Paulo;Pedro Almeida;Notebook;William Negrete;masculino;Cartão de Crédito
2025-11-08 18:01:19.069996;267;Belo Horizonte;Paola Luz;Notebook;Miriam Talbot;feminino;Boleto
2025-11-08 18:04:25.720149;268;Rio de Janeiro;Ricardo Bonfim;Mouse;Virginia Speed;feminino;Dinheiro
2025-11-08 19:34:20.598344;269;Porto Alegre;Diego Costa;Teclado;Tracy Wilson;masculino;Boleto
2025-11-09 00:25:29.158868;270;Belo Horizonte;Lucas Bernardo;Celular;Andrea Williamson;feminino;Pix
2025-11-09 01:01:25.385635;271;Belo Horizonte;Paola Luz;Monitor;Ryan Lee;masculino;Pix
2025-11-09 14:19:19.536307;272;Porto Alegre;Diego Costa;Cadeira;Charles Tullis;masculino;Pix
2025-11-09 15:49:28.658698;273;Rio de Janeiro;Stephanie Riga;Notebook;Robert Armstrong;masculino;Cartão de Débito
2025-11-09 15:57:25.798755;274;São Paulo;João Marcos;Monitor;Sheila Ramey;feminino;Boleto
2025-11-09 20:26:19.317560;275;Rio de Janeiro;Juliana Bonde;Monitor;Stanley Kranawetter;masculino;Cartão de Crédito
2025-11-09 20:49:26.611716;276;Belo Horizonte;Paola Luz;Cadeira;Matthew Swinger;masculino;Cartão de Débito
2025-11-09 21:11:20.517727;277;Florianópolis;Paulo André;Cadeira;Kenneth Johnson;masculino;Pix
2025-11-09 23:48:23.894472;278;Porto Alegre;Breno Antônio;Notebook;Andrea Gonzales;feminino;Dinheiro
2025-11-10 14:42:25.838934;279;Salvador;Elias Damasco;Monitor;Regina Frutchey;feminino;Dinheiro
2025-11-10 14:44:27.881778;280;Belo Horizonte;Lucas Bernardo;Celular;Richard Nunez;masculino;Cartão de Débito
2025-11-10 15:24:24.253859;281;São Paulo;João Marcos;Cadeira;James Thau;masculino;Cartão de Crédito
2025-11-10 17:07:18.570002;282;Florianópolis;Rafaela Alves;Notebook;Donna Franco;feminino;Dinheiro
2025-11-10 17:13:26.661640;283;Rio de Janeiro;Stephanie Riga;Notebook;George Waterhouse;masculino;Cartão de Crédito
2025-11-10 20:16:20.916845;284;Florianópolis;Paulo André;Notebook;Margret Rains;feminino;Dinheiro
2025-11-10 22:36:19.694821;285;Rio de Janeiro;Stephanie Riga;Notebook;Katie Sietsma;feminino;Dinheiro
2025-11-10 23:09:22.247807;286;Porto Alegre;Diego Costa;Monitor;Ted Lopez;masculino;Pix
2025-11-11 19:21:26.302415;287;Belo Horizonte;Lucas Bernardo;Celular;Cecil Corbo;masculino;Boleto
2025-11-11 20:35:28.973285;288;Rio de Janeiro;Stephanie Riga;Teclado;Kay Lovely;feminino;Cartão de Crédito
2025-11-11 23:30:21.293097;289;São Paulo;Pedro Almeida;Monitor;Robert Reeves;masculino;Pix
2025-11-12 15:04:23.581668;290;Belo Horizonte;Lucas Bernardo;Teclado;Bobby Koll;feminino;Cartão de Débito
2025-11-12 18:07:19.901642;291;Belo Horizonte;Lucas Bernardo;Notebook;Michael Wasson;masculino;Boleto
2025-11-12 18:31:20.540768;292;Belo Horizonte;Lucas Bernardo;Cadeira;Lucy Greenman;feminino;Cartão de Crédito
2025-11-12 19:54:21.037848;293;São Paulo;Maria Antonia;Teclado;Duane Berry;masculino;Boleto
2025-11-13 00:48:23.522716;294;Florianópolis;José Elias;Celular;Norman Kelley;masculino;Pix
2025-11-13 00:54:26.854181;295;Rio de Janeiro;Juliana Bonde;Cadeira;Elizabeth Witt;feminino;Boleto
2025-11-13 16:27:22.019836;296;Florianópolis;José Elias;Celular;Robert Yahna;masculino;Cartão de Débito
2025-11-13 19:17:27.052080;297;Rio de Janeiro;Stephanie Riga;Mouse;Willis Sanches;masculino;Pix
2025-11-13 19:45:25.194367;298;Salvador;Pedro Alves;Celular;Amanda Mccollom;feminino;Boleto
2025-11-14 00:27:24.492286;299;Salvador;Elias Damasco;Celular;Micheal Jackson;masculino;Dinheiro
2025-11-14 22:00:27.243254;300;Rio de Janeiro;Juliana Bonde;Celular;Jeanne Collins;feminino;Boleto
2025-11-14 22:06:17.930601;301;São Paulo;João Marcos;Monitor;Daniel Taylor;masculino;Cartão de Débito
2025-11-14 22:54:24.596302;302;São Paulo;João Marcos;Notebook;Andre Clingan;masculino;Cartão de Débito
2025-11-15 15:06:17.894741;303;Belo Horizonte;Lucas Bernardo;Mouse;James Mcgowan;masculino;Boleto
2025-11-15 17:59:17.387496;304;Florianópolis;Paulo André;Cadeira;Clifton Conaway;masculino;Boleto
2025-11-15 19:28:18.983209;305;Salvador;Elias Damasco;Mouse;Maria Gray;feminino;Dinheiro
2025-11-15 20:09:28.986422;306;Belo Horizonte;Paola Luz;Cadeira;Henrietta Rubio;feminino;Pix
2025-11-15 22:21:28.695549;307;Belo Horizonte;Lucas Bernardo;Monitor;Laura Torres;feminino;Cartão de Crédito
2025-11-15 23:09:20.462957;308;Rio de Janeiro;Ricardo Bonfim;Celular;Benny Torres;masculino;Dinheiro
2025-11-16 00:58:24.587240;309;Florianópolis;Paulo André;Cadeira;Mary Cascio;feminino;Dinheiro
2025-11-16 14:29:19.687947;310;São Paulo;Pedro Almeida;Cadeira;Anna Silva;feminino;Cartão de Crédito
2025-11-16 14:42:25.284930;311;São Paulo;João Marcos;Monitor;Jon Kinney;feminino;Pix
2025-11-16 21:37:21.287938;312;Belo Horizonte;Lucas Bernardo;Notebook;Vicki Gaylord;feminino;Pix
2025-11-16 23:30:26.098147;313;São Paulo;João Marcos;Teclado;Brian Beasley;masculino;Boleto
2025-11-17 15:04:22.355580;314;Belo Horizonte;Lucas Bernardo;Mouse;Charles Alvarado;masculino;Pix
2025-11-17 15:41:26.357023;315;Salvador;Viviane Souza;Cadeira;David Pollard;masculino;Boleto
2025-11-17 16:05:28.651782;316;Porto Alegre;Breno Antônio;Monitor;Yvonne Hill;feminino;Cartão de Crédito
2025-11-17 16:29:18.882242;317;São Paulo;João Marcos;Celular;Michael Roberts;masculino;Pix
2025-11-18 01:11:29.122071;318;Florianópolis;Rafaela Alves;Cadeira;Lynda Foy;feminino;Cartão de Crédito
2025-11-18 14:43:29.143697;319;Florianópolis;Paulo André;Teclado;Clarence Seawright;masculino;Cartão de Crédito
2025-11-18 22:12:27.808468;320;São Paulo;Pedro Almeida;Celular;Valerie Taylor;feminino;Pix
2025-11-19 00:24:21.508414;321;Salvador;Pedro Alves;Cadeira;Stanley Milner;masculino;Pix
2025-11-19 14:51:24.837089;322;Belo Horizonte;Lucas Bernardo;Celular;Brian Cloe;masculino;Pix
2025-11-19 17:17:25.412305;323;Belo Horizonte;Lucas Bernardo;Celular;Russell Hoium;masculino;Cartão de Crédito
2025-11-19 22:41:20.733998;324;Belo Horizonte;Paola Luz;Celular;Richard Stacks;masculino;Pix
2025-11-20 14:23:25.192553;325;Florianópolis;Rafaela Alves;Mouse;Ana Baker;feminino;Cartão de Crédito
2025-11-20 14:47:25.773751;326;Salvador;Elias Damasco;Mouse;Ashlie Street;feminino;Cartão de Débito
2025-11-20 16:53:19.583480;327;Salvador;Pedro Alves;Notebook;Irene Valcourt;feminino;Cartão de Crédito
2025-11-20 18:52:24.922581;328;São Paulo;João Marcos;Teclado;Darin Chance;masculino;Pix
2025-11-20 18:53:17.599395;329;Rio de Janeiro;Ricardo Bonfim;Mouse;Joseph Anderson;masculino;Boleto
2025-11-20 19:34:19.296869;330;Belo Horizonte;Lucas Bernardo;Teclado;Krystal Springer;feminino;Dinheiro
2025-11-21 00:24:21.213382;331;Salvador;Elias Damasco;Cadeira;Danna Wilson;feminino;Cartão de Crédito
2025-11-21 00:44:25.386286;332;Belo Horizonte;Paola Luz;Teclado;Wayne Libel;masculino;Boleto
2025-11-21 14:17:22.727621;333;Salvador;Pedro Alves;Notebook;Alma Clarke;feminino;Dinheiro
2025-11-21 14:21:25.740904;334;Salvador;Elias Damasco;Notebook;Carolina Rigdon;feminino;Dinheiro
2025-11-21 16:03:26.152397;335;Salvador;Viviane Souza;Notebook;Edward Chaney;masculino;Pix
2025-11-21 17:45:19.396310;336;Porto Alegre;André Lima;Celular;Adriana Grigg;feminino;Cartão de Crédito
2025-11-21 17:46:17.338871;337;Belo Horizonte;Lucas Bernardo;Cadeira;Jermaine Gerula;masculino;Boleto
2025-11-21 18:51:22.852744;338;Belo Horizonte;Eduardo Silva;Mouse;Matthew Bailey;masculino;Pix
2025-11-21 19:28:20.366575;339;São Paulo;João Marcos;Teclado;Virgil Maldonado;masculino;Pix
2025-11-21 20:17:23.855518;340;Belo Horizonte;Eduardo Silva;Cadeira;Joan Jaeger;feminino;Boleto
2025-11-21 20:21:24.875511;341;São Paulo;Maria Antonia;Teclado;Carolyn Holmes;feminino;Boleto
2025-11-21 20:46:28.076363;342;Salvador;Pedro Alves;Monitor;Claire Taylor;feminino;Cartão de Débito
2025-11-22 00:45:20.596157;343;Porto Alegre;Breno Antônio;Celular;Kelly Mathis;feminino;Dinheiro
2025-11-22 16:29:22.781406;344;Belo Horizonte;Eduardo Silva;Cadeira;Joe Noriega;masculino;Cartão de Débito
2025-11-22 16:43:24.146914;345;Belo Horizonte;Lucas Bernardo;Cadeira;Richard Deitz;masculino;Dinheiro
2025-11-22 16:49:29.112452;346;Porto Alegre;André Lima;Mouse;Esmeralda Kenyon;feminino;Cartão de Débito
2025-11-22 19:57:19.815711;347;São Paulo;Maria Antonia;Notebook;Beverly Miles;feminino;Dinheiro
2025-11-22 21:54:27.706789;348;Porto Alegre;André Lima;Teclado;Allen Maisch;masculino;Pix
2025-11-23 00:20:18.476056;349;Rio de Janeiro;Ricardo Bonfim;Cadeira;Frederick Lane;masculino;Dinheiro
2025-11-23 17:04:25.831468;350;São Paulo;João Marcos;Notebook;Michael Eugene;masculino;Cartão de Débito
2025-11-23 23:05:27.342853;351;Florianópolis;José Elias;Monitor;Laura Beach;feminino;Cartão de Crédito
2025-11-23 23:17:20.464139;352;Belo Horizonte;Paola Luz;Notebook;Earnest Heinrich;masculino;Dinheiro
2025-11-24 15:21:25.457278;353;Salvador;Pedro Alves;Monitor;Curtis Capone;masculino;Pix
2025-11-24 16:56:23.120705;354;Porto Alegre;André Lima;Teclado;Phillip Warner;masculino;Cartão de Débito
2025-11-24 18:36:25.664218;355;Salvador;Pedro Alves;Cadeira;Hang Farrell;feminino;Boleto
2025-11-24 19:20:28.693085;356;Salvador;Viviane Souza;Teclado;Thanh Cisneros;masculino;Cartão de Crédito
2025-11-24 19:48:21.879175;357;Florianópolis;Paulo André;Monitor;Rachel Skees;feminino;Boleto
2025-11-24 20:17:20.092192;358;Salvador;Elias Damasco;Celular;Linda Coar;feminino;Boleto
2025-11-24 23:19:26.595638;359;São Paulo;João Marcos;Celular;Barbara Hulsey;feminino;Cartão de Débito
2025-11-24 23:33:26.997835;360;Belo Horizonte;Eduardo Silva;Celular;Stewart Tedesco;masculino;Cartão de Débito
2025-11-25 18:09:20.518634;361;Salvador;Pedro Alves;Teclado;Don Brewster;masculino;Pix
2025-11-25 18:19:22.522501;362;Salvador;Viviane Souza;Teclado;Mary Zuchelkowski;feminino;Boleto
2025-11-25 20:00:27.582278;363;Porto Alegre;André Lima;Monitor;Mary Valerio;feminino;Cartão de Débito
2025-11-25 20:23:21.186372;364;Porto Alegre;Breno Antônio;Mouse;Douglas Demeter;masculino;Cartão de Débito
2025-11-26 15:31:25.063867;365;Belo Horizonte;Lucas Bernardo;Notebook;Heath Mitchell;masculino;Boleto
2025-11-26 19:03:18.138814;366;Porto Alegre;Breno Antônio;Mouse;Amanda Cornell;feminino;Cartão de Débito
2025-11-26 19:57:22.753659;367;Rio de Janeiro;Juliana Bonde;Teclado;Ariel Silverman;masculino;Cartão de Crédito
2025-11-26 20:51:19.861689;368;Salvador;Elias Damasco;Celular;Karen Griffin;feminino;Boleto
2025-11-27 14:47:29.211409;369;Florianópolis;Rafaela Alves;Celular;Anna Johnson;feminino;Dinheiro
2025-11-27 15:11:19.899997;370;Florianópolis;José Elias;Mouse;Ricardo Pierce;masculino;Pix
2025-11-27 17:10:20.367207;371;Belo Horizonte;Eduardo Silva;Teclado;Goldie Dunn;feminino;Pix
2025-11-27 19:52:25.661375;372;Florianópolis;José Elias;Mouse;Leona Cobb;feminino;Cartão de Crédito
2025-11-28 00:23:20.298125;373;Florianópolis;José Elias;Celular;Abram Rogers;masculino;Boleto
2025-11-28 00:45:18.918999;374;São Paulo;João Marcos;Notebook;Timothy Larson;masculino;Pix
2025-11-28 16:34:17.329775;375;Florianópolis;José Elias;Notebook;Keith Shore;masculino;Cartão de Crédito
2025-11-28 17:12:22.937525;376;Rio de Janeiro;Ricardo Bonfim;Notebook;Augustine Hoskins;masculino;Boleto
2025-11-28 18:09:19.444034;377;Porto Alegre;Breno Antônio;Notebook;Rachel Huddleston;feminino;Cartão de Crédito
2025-11-28 23:56:25.777889;378;Rio de Janeiro;Ricardo Bonfim;Notebook;Michael Mcbee;masculino;Cartão de Crédito
2025-11-29 14:15:18.322822;379;Florianópolis;Paulo André;Teclado;Mark Southall;masculino;Dinheiro
2025-11-29 14:18:20.755115;380;Rio de Janeiro;Juliana Bonde;Monitor;Robert Banks;masculino;Dinheiro
2025-11-29 14:24:23.790908;381;Porto Alegre;André Lima;Notebook;Dean Logan;masculino;Pix
2025-11-29 17:42:25.780808;382;Belo Horizonte;Eduardo Silva;Cadeira;Deborah Steele;feminino;Boleto
2025-11-29 20:50:18.476528;383;Porto Alegre;André Lima;Teclado;Edwin Marguez;masculino;Dinheiro
2025-11-29 22:01:23.760156;384;Rio de Janeiro;Juliana Bonde;Mouse;Ralph Ortiz;masculino;Dinheiro
2025-11-29 22:04:20.284522;385;Florianópolis;Rafaela Alves;Notebook;Mary Winston;feminino;Dinheiro
2025-11-30 19:33:20.070859;386;São Paulo;João Marcos;Cadeira;Stanley Mendoza;masculino;Pix
2025-11-30 19:53:20.817931;387;São Paulo;Maria Antonia;Teclado;Ivan Dietz;masculino;Cartão de Débito
2025-11-30 23:08:26.760196;388;São Paulo;Pedro Almeida;Cadeira;Travis Beaty;masculino;Cartão de Débito
2025-11-30 23:21:25.629859;389;Rio de Janeiro;Stephanie Riga;Teclado;Carolyn Erwin;feminino;Dinheiro
2025-11-30 23:47:19.171117;390;São Paulo;Maria Antonia;Celular;Dorothy Smith;feminino;Pix
2025-12-01 00:01:21.344309;391;São Paulo;Pedro Almeida;Mouse;Linda Stockton;feminino;Cartão de Crédito
2025-12-01 16:54:25.717539;392;Porto Alegre;Breno Antônio;Monitor;Wayne Jordan;masculino;Cartão de Débito
2025-12-01 19:20:20.364883;393;Rio de Janeiro;Ricardo Bonfim;Teclado;Ricardo Clark;masculino;Cartão de Débito
2025-12-01 19:57:24.591798;394;Belo Horizonte;Eduardo Silva;Teclado;Cynthia Campbell;feminino;Cartão de Crédito
2025-12-02 15:06:23.604426;395;Porto Alegre;Breno Antônio;Notebook;Robert Gravley;masculino;Boleto
2025-12-02 16:35:26.099577;396;Porto Alegre;Diego Costa;Teclado;Stephanie Kim;feminino;Boleto
2025-12-02 20:25:24.997963;397;Belo Horizonte;Eduardo Silva;Mouse;Doris Bolden;feminino;Cartão de Débito
2025-12-02 21:02:23.234967;398;São Paulo;Pedro Almeida;Notebook;Carl Nawrocki;masculino;Cartão de Débito
2025-12-02 21:13:24.812061;399;Rio de Janeiro;Juliana Bonde;Notebook;Billy Shafer;masculino;Boleto
2025-12-02 22:51:27.580344;400;São Paulo;Maria Antonia;Mouse;Sonia Parker;feminino;Cartão de Crédito
2025-12-03 19:04:21.036722;401;Rio de Janeiro;Stephanie Riga;Mouse;Anthony Kyle;masculino;Pix
2025-12-03 21:56:28.451964;402;São Paulo;João Marcos;Celular;Edgar Sheffer;masculino;Dinheiro
2025-12-03 23:12:29.196338;403;Florianópolis;Paulo André;Notebook;Eduardo Stanley;masculino;Pix
2025-12-04 00:01:20.225991;404;Florianópolis;José Elias;Teclado;Tony Moran;masculino;Cartão de Débito
2025-12-04 14:14:22.595288;405;Belo Horizonte;Lucas Bernardo;Notebook;Virgie Croft;feminino;Cartão de Débito
2025-12-04 16:00:29.159557;406;São Paulo;Pedro Almeida;Teclado;Matthew Jaeger;masculino;Pix
2025-12-04 18:11:23.701984;407;Belo Horizonte;Lucas Bernardo;Teclado;Diane Slosek;feminino;Cartão de Débito
2025-12-05 14:31:18.918407;408;Belo Horizonte;Lucas Bernardo;Monitor;Emily Tate;feminino;Boleto
2025-12-05 15:56:27.498431;409;Rio de Janeiro;Stephanie Riga;Celular;Robert Evans;masculino;Boleto
2025-12-05 19:26:18.080386;410;Porto Alegre;André Lima;Celular;Diane Waage;feminino;Pix
2025-12-05 20:03:24.724679;411;Belo Horizonte;Lucas Bernardo;Monitor;Mary Medley;feminino;Dinheiro
2025-12-05 20:32:21.470766;412;São Paulo;Pedro Almeida;Notebook;Brandon Mccoy;masculino;Cartão de Crédito
2025-12-05 22:22:21.697573;413;Salvador;Viviane Souza;Mouse;Rita Garcia;feminino;Boleto
2025-12-05 23:11:24.876376;414;Porto Alegre;Diego Costa;Mouse;Julia Elliott;feminino;Pix
2025-12-06 16:46:25.785936;415;Belo Horizonte;Lucas Bernardo;Monitor;David Owsley;masculino;Dinheiro
2025-12-06 19:43:24.010156;416;Belo Horizonte;Lucas Bernardo;Mouse;Janet Travers;feminino;Cartão de Crédito
2025-12-06 21:48:20.438713;417;Salvador;Elias Damasco;Teclado;Adam Devlin;masculino;Pix
2025-12-06 23:45:23.521010;418;Florianópolis;José Elias;Celular;Darlene Bell;feminino;Cartão de Débito
2025-12-07 16:26:24.066132;419;Florianópolis;José Elias;Notebook;Betty Buban;feminino;Pix
2025-12-07 18:44:24.304047;420;Belo Horizonte;Lucas Bernardo;Cadeira;Gina Hefty;feminino;Cartão de Crédito
2025-12-08 00:54:26.504261;421;Florianópolis;Rafaela Alves;Mouse;Annette Brown;feminino;Cartão de Débito
2025-12-08 14:16:17.862211;422;Florianópolis;Paulo André;Celular;Patricia Hill;feminino;Cartão de Débito
2025-12-08 14:50:25.012583;423;Belo Horizonte;Eduardo Silva;Monitor;Juanita Schellermann;feminino;Dinheiro
2025-12-08 20:22:24.347115;424;Rio de Janeiro;Stephanie Riga;Teclado;Julene Zupancic;feminino;Boleto
2025-12-08 21:50:24.726142;425;Rio de Janeiro;Stephanie Riga;Monitor;Charlene Just;feminino;Pix
2025-12-08 22:58:25.659940;426;Florianópolis;Rafaela Alves;Teclado;Maria Strong;feminino;Pix
2025-12-08 23:21:29.114312;427;Porto Alegre;Breno Antônio;Monitor;Albert Testerman;masculino;Boleto
2025-12-10 00:27:20.382892;428;Salvador;Viviane Souza;Cadeira;Frank Lahey;masculino;Pix
2025-12-10 14:46:20.322663;429;Salvador;Elias Damasco;Mouse;Alphonse Slagle;masculino;Cartão de Débito
2025-12-10 15:05:27.080902;430;Belo Horizonte;Lucas Bernardo;Cadeira;Tara Felix;feminino;Cartão de Crédito
2025-12-10 19:27:27.797862;431;Florianópolis;Rafaela Alves;Teclado;Charles Harris;masculino;Pix
2025-12-10 22:11:19.816489;432;Belo Horizonte;Eduardo Silva;Cadeira;Dallas Rice;feminino;Cartão de Crédito
2025-12-10 22:38:21.322851;433;São Paulo;Maria Antonia;Notebook;Reginald Roberts;masculino;Cartão de Crédito
2025-12-10 22:40:27.520695;434;Rio de Janeiro;Juliana Bonde;Celular;Brenda Turner;feminino;Cartão de Débito
2025-12-10 23:00:20.381896;435;Rio de Janeiro;Stephanie Riga;Celular;Martha Dudley;feminino;Boleto
2025-12-11 15:25:26.758696;436;Salvador;Viviane Souza;Monitor;Concetta Reese;feminino;Cartão de Crédito
2025-12-11 21:34:17.607769;437;Salvador;Pedro Alves;Mouse;Lynette Lanosga;feminino;Boleto
2025-12-11 23:15:28.342065;438;Belo Horizonte;Paola Luz;Notebook;Doreen Phillips;feminino;Cartão de Débito
2025-12-12 00:42:28.656337;439;Florianópolis;Paulo André;Teclado;Nathan Dickerson;masculino;Cartão de Débito
2025-12-12 17:25:17.936719;440;Belo Horizonte;Paola Luz;Monitor;Linda Mccrae;feminino;Cartão de Crédito
2025-12-12 18:36:21.294623;441;Porto Alegre;Diego Costa;Teclado;Kristin Kelly;feminino;Cartão de Débito
2025-12-12 18:52:27.959575;442;Salvador;Pedro Alves;Celular;Charles Huston;masculino;Boleto
2025-12-12 19:16:21.316731;443;Porto Alegre;André Lima;Monitor;Mark Price;masculino;Pix
2025-12-12 21:01:24.771112;444;Belo Horizonte;Paola Luz;Teclado;George Jones;masculino;Dinheiro
2025-12-12 22:16:17.129414;445;Porto Alegre;Diego Costa;Notebook;William Valliere;masculino;Pix
2025-12-12 23:11:20.327908;446;Salvador;Viviane Souza;Celular;Cathy Low;feminino;Boleto
2025-12-13 00:51:22.574264;447;Porto Alegre;Breno Antônio;Monitor;Carolina Sundt;feminino;Boleto
2025-12-13 15:03:27.356666;448;Porto Alegre;Diego Costa;Cadeira;Melinda Morris;feminino;Boleto
2025-12-13 16:48:18.438230;449;Porto Alegre;Diego Costa;Notebook;Curt Bundy;masculino;Cartão de Crédito
2025-12-13 17:20:23.577616;450;Florianópolis;José Elias;Teclado;Cecilia Carmichael;feminino;Pix
2025-12-13 22:07:27.904205;451;Rio de Janeiro;Stephanie Riga;Cadeira;Peter Bruyere;masculino;Pix
2025-12-14 01:09:26.256025;452;Rio de Janeiro;Ricardo Bonfim;Celular;Sharon Rebuck;feminino;Boleto
2025-12-14 14:47:23.804992;453;São Paulo;Maria Antonia;Mouse;Muriel Orizabal;feminino;Boleto
2025-12-14 15:03:24.808440;454;São Paulo;Pedro Almeida;Notebook;Gladys Searle;feminino;Boleto
2025-12-14 16:23:20.985203;455;Belo Horizonte;Paola Luz;Monitor;Gilbert Minnich;masculino;Dinheiro
2025-12-14 21:15:20.521276;456;Salvador;Pedro Alves;Notebook;Elizabeth Malone;feminino;Dinheiro
2025-12-15 16:23:20.970947;457;Salvador;Pedro Alves;Cadeira;Michelle Brownell;feminino;Dinheiro
2025-12-15 16:53:26.660041;458;Rio de Janeiro;Stephanie Riga;Notebook;Roy Tuttle;masculino;Cartão de Crédito
2025-12-15 18:30:24.999120;459;Porto Alegre;Breno Antônio;Monitor;Doreen Pamplin;feminino;Pix
2025-12-15 20:50:18.816075;460;Florianópolis;Paulo André;Notebook;Carrie Dawson;feminino;Cartão de Crédito
2025-12-15 23:52:17.095849;461;Porto Alegre;Diego Costa;Mouse;Michael Stracke;masculino;Cartão de Débito
2025-12-16 01:03:21.203133;462;Salvador;Viviane Souza;Notebook;Priscilla Pelley;feminino;Boleto
2025-12-16 17:14:28.503957;463;Rio de Janeiro;Stephanie Riga;Celular;Cristy Thomas;feminino;Cartão de Débito
2025-12-16 21:04:23.597304;464;Belo Horizonte;Eduardo Silva;Notebook;Richard Will;masculino;Pix
2025-12-16 22:06:24.742673;465;Salvador;Elias Damasco;Celular;Gregory Hall;masculino;Pix
2025-12-16 23:11:23.674538;466;Porto Alegre;Breno Antônio;Cadeira;Quinton Battaglia;masculino;Cartão de Crédito
2025-12-17 14:49:25.718052;467;São Paulo;João Marcos;Mouse;Emil Perry;masculino;Pix
2025-12-17 20:03:21.278707;468;Porto Alegre;Breno Antônio;Celular;Ethel Lovin;feminino;Cartão de Débito
2025-12-17 20:10:29.011694;469;Florianópolis;Paulo André;Mouse;Anthony Seitz;masculino;Pix
2025-12-17 20:16:27.440001;470;São Paulo;Pedro Almeida;Notebook;Frances Jobst;feminino;Boleto
2025-12-17 20:31:21.326830;471;Belo Horizonte;Eduardo Silva;Mouse;Wilbert Welch;masculino;Cartão de Crédito
2025-12-17 23:12:25.177825;472;São Paulo;João Marcos;Monitor;Beverly Howell;feminino;Dinheiro
2025-12-18 14:18:20.310131;473;Porto Alegre;Diego Costa;Monitor;Gina Taylor;feminino;Cartão de Débito
2025-12-18 15:12:19.914146;474;Porto Alegre;Breno Antônio;Notebook;Ana Sprouse;feminino;Dinheiro
2025-12-18 17:20:18.460057;475;Florianópolis;Paulo André;Teclado;Doris Higgins;feminino;Cartão de Crédito
2025-12-18 19:32:25.384152;476;Belo Horizonte;Eduardo Silva;Mouse;Kristin Witt;feminino;Boleto
2025-12-19 00:31:26.855296;477;Rio de Janeiro;Ricardo Bonfim;Notebook;Scott Cherian;masculino;Cartão de Crédito
2025-12-19 17:02:22.384302;478;Porto Alegre;Diego Costa;Notebook;Maria Halterman;feminino;Boleto
2025-12-19 21:36:26.668041;479;Salvador;Viviane Souza;Cadeira;Kathryn Degasparre;feminino;Pix
2025-12-19 23:33:21.560611;480;São Paulo;Maria Antonia;Celular;Donald Nall;masculino;Pix
2025-12-20 17:25:20.762221;481;São Paulo;Maria Antonia;Mouse;Sandra Yale;feminino;Dinheiro
2025-12-20 17:47:20.416583;482;Belo Horizonte;Paola Luz;Monitor;Daniel Hernandez;feminino;Cartão de Crédito
2025-12-20 22:38:18.651761;483;Belo Horizonte;Paola Luz;Mouse;Sandi Bonneville;feminino;Cartão de Débito
2025-12-21 00:00:27.394042;484;Florianópolis;Rafaela Alves;Cadeira;Eileen Camano;feminino;Dinheiro
2025-12-21 00:37:27.877737;485;Florianópolis;Paulo André;Notebook;Joseph Witcher;masculino;Dinheiro
2025-12-21 15:08:24.054491;486;Florianópolis;Rafaela Alves;Cadeira;Mary Garcia;feminino;Cartão de Débito
2025-12-21 20:19:27.893397;487;Porto Alegre;André Lima;Cadeira;Rebecca Manning;feminino;Pix
2025-12-21 21:27:28.343654;488;Salvador;Elias Damasco;Mouse;Kevin Murray;masculino;Cartão de Crédito
2025-12-21 21:53:17.915307;489;Salvador;Viviane Souza;Teclado;Jacqueline Moore;feminino;Cartão de Crédito
2025-12-21 22:22:24.734215;490;Belo Horizonte;Paola Luz;Mouse;Elaine Simmons;feminino;Dinheiro
2025-12-21 23:05:23.414093;491;Rio de Janeiro;Juliana Bonde;Teclado;Mirian Bowers;feminino;Cartão de Crédito
2025-12-22 15:26:29.059168;492;Salvador;Elias Damasco;Notebook;Randy Susko;masculino;Dinheiro
2025-12-22 17:54:24.022435;493;Florianópolis;Rafaela Alves;Notebook;Brandon Kositzke;masculino;Boleto
2025-12-22 19:24:22.648159;494;Rio de Janeiro;Juliana Bonde;Monitor;Wanda Arreaga;feminino;Cartão de Débito
2025-12-22 19:26:24.063936;495;Belo Horizonte;Paola Luz;Celular;Mary Farnsworth;feminino;Pix
2025-12-23 18:26:26.962661;496;Florianópolis;Paulo André;Celular;Jose Lowery;masculino;Cartão de Débito
2025-12-23 19:15:22.325402;497;Salvador;Viviane Souza;Celular;Theresa Ford;feminino;Dinheiro
2025-12-23 19:33:24.919999;498;Rio de Janeiro;Stephanie Riga;Monitor;Samatha Thomson;feminino;Cartão de Crédito
2025-12-23 20:09:27.581911;499;Rio de Janeiro;Ricardo Bonfim;Mouse;Steven Olson;masculino;Boleto
2025-12-23 21:23:26.125212;500;Florianópolis;José Elias;Cadeira;Wanda Davis;feminino;Dinheiro
2025-12-23 21:57:27.858283;501;São Paulo;Maria Antonia;Monitor;Patricia Maeder;feminino;Boleto
2025-12-24 14:56:23.984391;502;Porto Alegre;Diego Costa;Teclado;Terri Smith;feminino;Cartão de Débito
2025-12-24 15:19:20.308051;503;Florianópolis;Paulo André;Teclado;Dionne Perez;feminino;Cartão de Débito
2025-12-24 22:42:24.608835;504;Rio de Janeiro;Juliana Bonde;Monitor;Brian Gerwig;masculino;Pix
2025-12-24 23:57:22.735397;505;Rio de Janeiro;Stephanie Riga;Cadeira;Angela Turbyfill;feminino;Pix
2025-12-25 15:49:23.884950;506;Salvador;Elias Damasco;Notebook;Nicholas Maggard;masculino;Dinheiro
2025-12-25 16:12:18.411880;507;Belo Horizonte;Lucas Bernardo;Cadeira;Timothy Sandoval;masculino;Dinheiro
2025-12-26 14:31:20.438063;508;Porto Alegre;Breno Antônio;Celular;Dawn Murphy;feminino;Cartão de Crédito
2025-12-26 17:41:18.031642;509;Belo Horizonte;Eduardo Silva;Teclado;Christopher Pardo;masculino;Cartão de Crédito
2025-12-26 20:56:21.290998;510;Salvador;Viviane Souza;Notebook;Frankie Guzman;feminino;Dinheiro
2025-12-26 21:46:20.365496;511;Rio de Janeiro;Juliana Bonde;Mouse;Ethel Harrison;feminino;Cartão de Crédito
2025-12-26 22:03:19.154751;512;Florianópolis;Paulo André;Teclado;Keith Holland;masculino;Dinheiro
2025-12-26 22:03:22.331030;513;Rio de Janeiro;Juliana Bonde;Teclado;Ethel Mccarthy;feminino;Cartão de Crédito
2025-12-27 17:33:26.285693;514;São Paulo;Pedro Almeida;Monitor;Laurie Dempsey;feminino;Dinheiro
2025-12-27 21:59:23.667413;515;Florianópolis;Rafaela Alves;Mouse;Frederick Aguilera;masculino;Cartão de Crédito
2025-12-27 22:26:22.324823;516;Porto Alegre;Breno Antônio;Mouse;Glenn Hill;masculino;Pix
2025-12-27 22:36:22.288551;517;Porto Alegre;André Lima;Celular;Sandra Green;feminino;Pix
2025-12-27 23:33:28.156760;518;São Paulo;Maria Antonia;Celular;Christine Goins;feminino;Cartão de Crédito
2025-12-28 21:04:21.588354;519;Porto Alegre;André Lima;Celular;Thomas Box;masculino;Boleto
2025-12-29 00:42:22.294499;520;Salvador;Viviane Souza;Celular;Delia Andrews;feminino;Pix
2025-12-29 00:54:18.852998;521;São Paulo;João Marcos;Notebook;Joshua Johnston;masculino;Cartão de Crédito
2025-12-29 01:07:17.560902;522;Florianópolis;José Elias;Celular;Christine Van;feminino;Dinheiro
2025-12-29 15:22:19.245077;523;Florianópolis;José Elias;Monitor;James Cook;masculino;Pix
2025-12-29 20:57:20.804984;524;Belo Horizonte;Eduardo Silva;Notebook;Joan Hartman;feminino;Boleto
2025-12-29 22:49:25.569158;525;Rio de Janeiro;Ricardo Bonfim;Mouse;Leila Coates;feminino;Pix
2025-12-30 19:14:17.895646;526;Florianópolis;Paulo André;Celular;Leila Groff;feminino;Boleto
2025-12-30 19:43:26.296057;527;Belo Horizonte;Lucas Bernardo;Celular;Margaret Platt;feminino;Boleto
2025-12-30 20:07:21.102549;528;Salvador;Elias Damasco;Mouse;Lori Reiter;feminino;Cartão de Débito
2025-12-30 23:44:17.719513;529;Florianópolis;Rafaela Alves;Cadeira;Jade Cline;feminino;Cartão de Débito
2025-12-30 23:56:22.452751;530;Salvador;Elias Damasco;Cadeira;Numbers Cantwell;masculino;Pix
2025-12-31 00:08:18.494379;531;São Paulo;Pedro Almeida;Notebook;Janice Lockley;feminino;Pix
2025-12-31 16:18:23.652895;532;Rio de Janeiro;Ricardo Bonfim;Mouse;Tracey Butler;masculino;Dinheiro
2025-12-31 16:38:26.253680;533;Belo Horizonte;Lucas Bernardo;Monitor;Barry Novak;masculino;Dinheiro
2025-12-31 17:45:22.061603;534;Salvador;Pedro Alves;Teclado;Mary Chamberlain;feminino;Cartão de Débito
2025-12-31 18:58:24.137520;535;Rio de Janeiro;Juliana Bonde;Celular;Mary Rene;feminino;Cartão de Crédito
2026-01-01 18:59:25.836888;536;Porto Alegre;Diego Costa;Notebook;Megan Grisham;feminino;Pix
2026-01-01 19:17:24.815203;537;Belo Horizonte;Eduardo Silva;Teclado;Marc Guthrie;masculino;Pix
2026-01-01 20:31:22.358363;538;Porto Alegre;Diego Costa;Monitor;Mary Bijou;feminino;Cartão de Débito
2026-01-02 15:58:25.568342;539;Salvador;Pedro Alves;Cadeira;Dorothy Brewer;feminino;Pix
2026-01-02 18:06:22.728602;540;Belo Horizonte;Eduardo Silva;Celular;Alberto Guarino;masculino;Boleto
2026-01-02 23:46:20.702418;541;Salvador;Elias Damasco;Mouse;Kenneth Gorsky;masculino;Boleto
2026-01-03 14:32:26.343459;542;Rio de Janeiro;Stephanie Riga;Celular;Karen Cruz;feminino;Pix
2026-01-03 15:39:21.393467;543;Belo Horizonte;Paola Luz;Monitor;Jessica Pileggi;feminino;Cartão de Débito
2026-01-03 18:02:24.771555;544;Florianópolis;Paulo André;Celular;John Iha;masculino;Dinheiro
2026-01-03 18:48:27.288137;545;Salvador;Viviane Souza;Mouse;Robert Mcpherson;masculino;Cartão de Crédito
2026-01-03 20:55:21.853168;546;Salvador;Pedro Alves;Notebook;Elizabeth Carroll;feminino;Pix
2026-01-03 23:20:28.170971;547;Porto Alegre;Diego Costa;Teclado;Lawrence Giller;masculino;Cartão de Débito
2026-01-04 00:43:21.413734;548;Porto Alegre;Diego Costa;Celular;William Downey;masculino;Cartão de Crédito
2026-01-04 15:17:23.912973;549;Florianópolis;José Elias;Monitor;Katherine Hennemann;feminino;Pix
2026-01-04 15:59:24.394200;550;Porto Alegre;Diego Costa;Celular;Michael Yocum;masculino;Dinheiro
2026-01-04 18:35:21.481370;551;Rio de Janeiro;Juliana Bonde;Mouse;Clifford Roberson;masculino;Boleto
2026-01-04 18:48:23.110549;552;Porto Alegre;Diego Costa;Monitor;Ricky Johnson;masculino;Cartão de Débito
2026-01-04 20:18:24.823529;553;Belo Horizonte;Paola Luz;Notebook;Harry Snyder;masculino;Dinheiro
2026-01-04 20:45:21.736830;554;São Paulo;Maria Antonia;Celular;Dorothy Chalender;feminino;Pix
2026-01-04 21:58:23.596825;555;Belo Horizonte;Paola Luz;Monitor;Cynthia Ward;feminino;Boleto
2026-01-04 23:40:25.463033;556;Florianópolis;Paulo André;Cadeira;Charity Skeen;feminino;Cartão de Débito
2026-01-04 23:59:19.967902;557;Salvador;Viviane Souza;Teclado;Terry Dambrosio;masculino;Dinheiro
2026-01-05 14:33:28.978505;558;Porto Alegre;Diego Costa;Monitor;Stephen Duncan;masculino;Cartão de Crédito
2026-01-05 14:40:21.046524;559;Salvador;Viviane Souza;Notebook;David Hawkins;masculino;Pix
2026-01-05 15:05:22.978978;560;Porto Alegre;Breno Antônio;Mouse;Bernice Champion;feminino;Pix
2026-01-05 17:53:24.331334;561;São Paulo;João Marcos;Notebook;Lanny White;masculino;Pix
2026-01-05 21:54:17.564496;562;Florianópolis;José Elias;Mouse;Donald Fraser;masculino;Pix
2026-01-05 22:04:19.685351;563;Florianópolis;Rafaela Alves;Mouse;Mario Bickford;masculino;Dinheiro
2026-01-06 17:52:17.661480;564;Rio de Janeiro;Stephanie Riga;Notebook;Sabrina Pope;feminino;Pix
2026-01-06 19:15:20.372925;565;Porto Alegre;Breno Antônio;Celular;Elias Jesus;masculino;Cartão de Débito
2026-01-06 21:20:18.045206;566;Porto Alegre;Diego Costa;Mouse;Jason Crockwell;masculino;Boleto
2026-01-06 21:22:26.637635;567;Salvador;Viviane Souza;Notebook;Steven Byrd;masculino;Cartão de Crédito
2026-01-06 23:10:20.936972;568;Florianópolis;Paulo André;Cadeira;Becky Odle;feminino;Cartão de Débito
2026-01-07 15:14:28.872123;569;Porto Alegre;Diego Costa;Teclado;Ida Strickland;feminino;Cartão de Débito
2026-01-07 17:00:28.160119;570;Salvador;Pedro Alves;Cadeira;Luke Milner;masculino;Cartão de Crédito
2026-01-07 17:07:29.121474;571;Salvador;Viviane Souza;Mouse;Jeffrey Maldonado;masculino;Boleto
2026-01-07 19:09:22.617692;572;Rio de Janeiro;Stephanie Riga;Cadeira;Joshua Surita;masculino;Dinheiro
2026-01-07 19:16:20.752873;573;Porto Alegre;Diego Costa;Teclado;Danielle Kern;feminino;Pix
2026-01-07 19:59:22.236970;574;Belo Horizonte;Lucas Bernardo;Cadeira;Paul Prewitt;masculino;Dinheiro
2026-01-07 21:08:23.192671;575;Belo Horizonte;Paola Luz;Cadeira;Michael Temple;masculino;Cartão de Crédito
2026-01-07 22:15:28.815762;576;Porto Alegre;André Lima;Celular;Pablo Amaya;masculino;Dinheiro
2026-01-07 22:24:25.283518;577;Salvador;Elias Damasco;Celular;Gregory Longoria;masculino;Pix
2026-01-07 22:36:29.013779;578;Belo Horizonte;Eduardo Silva;Cadeira;David Schwartz;masculino;Cartão de Crédito
2026-01-08 00:50:20.754360;579;Rio de Janeiro;Ricardo Bonfim;Celular;Annie Roberson;feminino;Cartão de Débito
2026-01-08 17:45:25.288617;580;São Paulo;Maria Antonia;Cadeira;Richard Fife;masculino;Boleto
2026-01-08 17:51:20.215500;581;Belo Horizonte;Eduardo Silva;Mouse;Karen Fortune;feminino;Boleto
2026-01-08 18:00:18.750487;582;Salvador;Elias Damasco;Celular;Sherrie Lamay;feminino;Pix
2026-01-08 22:28:17.819145;583;Florianópolis;José Elias;Notebook;Ronald Mainella;masculino;Cartão de Crédito
2026-01-09 00:37:27.989622;584;Salvador;Elias Damasco;Mouse;Alejandro Elam;masculino;Boleto
2026-01-09 00:53:18.619844;585;São Paulo;Pedro Almeida;Celular;Rachel Qualls;feminino;Boleto
2026-01-09 00:56:21.325004;586;Porto Alegre;André Lima;Notebook;Daryl Woods;masculino;Dinheiro
2026-01-09 14:22:20.220249;587;São Paulo;Maria Antonia;Monitor;Gerald Dancy;masculino;Cartão de Crédito
2026-01-09 14:42:17.092967;588;São Paulo;Maria Antonia;Mouse;Royce Burch;masculino;Pix
2026-01-09 17:53:23.361535;589;Florianópolis;Rafaela Alves;Teclado;Hortensia Robinson;feminino;Dinheiro
2026-01-09 20:01:18.986498;590;Belo Horizonte;Lucas Bernardo;Cadeira;Mandy Carrano;feminino;Pix
2026-01-09 20:02:20.321406;591;Porto Alegre;Diego Costa;Notebook;Nina George;feminino;Boleto
2026-01-09 20:47:28.982910;592;Salvador;Elias Damasco;Mouse;Joseph Mckinney;masculino;Dinheiro
2026-01-09 21:14:18.330691;593;Porto Alegre;André Lima;Mouse;Joe Goodness;masculino;Cartão de Débito
2026-01-09 23:40:24.322840;594;São Paulo;Maria Antonia;Cadeira;Steven Gurule;masculino;Cartão de Crédito
2026-01-10 14:55:25.591195;595;São Paulo;Maria Antonia;Cadeira;Woodrow Penner;masculino;Cartão de Débito
2026-01-10 21:22:20.059672;596;Florianópolis;Paulo André;Celular;Nelda Ybarra;feminino;Pix
2026-01-10 21:34:20.154331;597;Belo Horizonte;Lucas Bernardo;Monitor;Tony Temple;masculino;Dinheiro
2026-01-11 01:02:17.693332;598;Salvador;Viviane Souza;Teclado;Sidney Williams;masculino;Boleto
2026-01-11 15:13:24.812919;599;Rio de Janeiro;Stephanie Riga;Mouse;Sara Bumgarner;feminino;Cartão de Crédito
2026-01-11 15:55:26.053255;600;São Paulo;João Marcos;Teclado;Elizabeth Branton;feminino;Cartão de Débito
2026-01-11 17:29:28.655320;601;Porto Alegre;Diego Costa;Cadeira;Derek King;masculino;Dinheiro
2026-01-11 18:15:23.115301;602;Salvador;Pedro Alves;Cadeira;Ronald Lara;masculino;Boleto
2026-01-11 18:26:23.601934;603;Salvador;Viviane Souza;Mouse;Marcy South;feminino;Pix
2026-01-11 19:29:21.026538;604;Porto Alegre;Diego Costa;Notebook;Lee Markert;masculino;Dinheiro
2026-01-11 21:26:21.695393;605;Rio de Janeiro;Stephanie Riga;Teclado;Calvin Wong;masculino;Cartão de Débito
2026-01-11 21:28:20.073788;606;Salvador;Elias Damasco;Celular;Victor Creech;masculino;Cartão de Crédito
2026-01-11 21:32:27.337738;607;Salvador;Viviane Souza;Notebook;Timothy Lewis;masculino;Cartão de Débito
2026-01-11 21:39:20.287015;608;Salvador;Elias Damasco;Cadeira;Leon Wagnon;masculino;Pix
2026-01-11 23:45:20.758757;609;Rio de Janeiro;Juliana Bonde;Notebook;Herbert Earle;masculino;Dinheiro
2026-01-12 00:43:24.848798;610;São Paulo;João Marcos;Monitor;Laurie Byfield;feminino;Dinheiro
2026-01-12 14:21:19.987616;611;Rio de Janeiro;Stephanie Riga;Cadeira;Deborah Driskell;feminino;Boleto
2026-01-12 15:30:22.127047;612;Florianópolis;Paulo André;Notebook;Katherine Murdy;feminino;Dinheiro
2026-01-12 15:36:21.214741;613;Florianópolis;Paulo André;Notebook;Grace Soto;feminino;Cartão de Débito
2026-01-12 17:31:21.497899;614;Porto Alegre;Diego Costa;Celular;Jewell Jesse;feminino;Cartão de Crédito
2026-01-12 19:20:26.381050;615;Salvador;Viviane Souza;Mouse;Edward Bundy;masculino;Cartão de Crédito
2026-01-12 19:59:27.265415;616;Rio de Janeiro;Ricardo Bonfim;Monitor;Christopher Barnes;masculino;Pix
2026-01-12 21:09:23.574885;617;Salvador;Viviane Souza;Teclado;Jeffrey Lopez;masculino;Cartão de Crédito
2026-01-12 21:44:20.224932;618;Porto Alegre;André Lima;Notebook;Daniel Murray;masculino;Dinheiro
2026-01-12 21:44:23.524832;619;Rio de Janeiro;Stephanie Riga;Notebook;Cynthia Feliciano;feminino;Boleto
2026-01-13 00:00:23.357835;620;Porto Alegre;Breno Antônio;Mouse;Ronnie Davidson;masculino;Pix
2026-01-13 17:04:24.165402;621;Porto Alegre;Diego Costa;Teclado;David Popielarczyk;masculino;Dinheiro
2026-01-13 20:30:24.271340;622;São Paulo;Pedro Almeida;Monitor;Nathan Dohse;masculino;Cartão de Crédito
2026-01-13 23:19:18.917610;623;São Paulo;João Marcos;Mouse;Sharon Johnson;feminino;Boleto
2026-01-13 23:30:19.737189;624;Porto Alegre;André Lima;Monitor;Miguel Outen;masculino;Cartão de Débito
2026-01-14 00:53:24.059203;625;Belo Horizonte;Lucas Bernardo;Celular;Shannon Meyer;masculino;Cartão de Crédito
2026-01-14 00:56:27.998784;626;Florianópolis;Rafaela Alves;Teclado;Florinda Hundley;feminino;Cartão de Crédito
2026-01-14 16:25:21.183632;627;Salvador;Viviane Souza;Celular;Heidi Rosa;feminino;Pix
2026-01-14 19:18:24.341590;628;Florianópolis;José Elias;Celular;Michele Sullivan;feminino;Pix
2026-01-14 19:33:24.155578;629;Rio de Janeiro;Ricardo Bonfim;Mouse;James Jaco;masculino;Cartão de Crédito
2026-01-14 21:26:27.890218;630;São Paulo;João Marcos;Celular;Roger Abner;masculino;Cartão de Crédito
2026-01-14 23:17:18.917944;631;Salvador;Elias Damasco;Celular;Sue Mills;feminino;Pix
2026-01-14 23:21:25.754340;632;Salvador;Elias Damasco;Teclado;John Noel;masculino;Dinheiro
2026-01-15 14:23:25.722866;633;Porto Alegre;André Lima;Celular;Edith Bascom;feminino;Cartão de Crédito
2026-01-15 15:28:26.300351;634;Rio de Janeiro;Juliana Bonde;Cadeira;Nell Epps;feminino;Dinheiro
2026-01-15 16:02:25.756008;635;São Paulo;João Marcos;Celular;Lisa Sullivan;feminino;Dinheiro
2026-01-15 23:12:17.128022;636;São Paulo;Maria Antonia;Celular;Willard Jones;masculino;Boleto
2026-01-16 15:03:17.861461;637;Porto Alegre;Diego Costa;Teclado;Boyd Johnson;masculino;Cartão de Crédito
2026-01-16 16:00:23.497670;638;Florianópolis;José Elias;Celular;Pei Trace;feminino;Pix
2026-01-16 21:54:18.570800;639;Florianópolis;Rafaela Alves;Mouse;Jessica Hardy;feminino;Dinheiro
2026-01-17 14:34:26.481637;640;Porto Alegre;Diego Costa;Notebook;Joseph Flynn;masculino;Pix
2026-01-17 17:30:18.412410;641;Belo Horizonte;Lucas Bernardo;Teclado;Diana Lee;feminino;Cartão de Débito
2026-01-17 18:12:18.829653;642;Belo Horizonte;Lucas Bernardo;Notebook;Robert Prehn;masculino;Cartão de Débito
2026-01-17 19:05:17.599187;643;São Paulo;João Marcos;Celular;Steven Lee;masculino;Cartão de Crédito
2026-01-17 22:14:28.459446;644;Salvador;Pedro Alves;Cadeira;Harold Kennedy;masculino;Cartão de Débito
2026-01-17 22:33:25.684314;645;Rio de Janeiro;Juliana Bonde;Notebook;Cody Ramsey;masculino;Pix
2026-01-17 22:50:17.893985;646;Belo Horizonte;Paola Luz;Monitor;John Powell;masculino;Boleto
2026-01-18 14:34:20.943319;647;Belo Horizonte;Paola Luz;Celular;Jonathan Richard;masculino;Cartão de Crédito
2026-01-18 14:58:26.170959;648;São Paulo;João Marcos;Celular;Theresa Acevedo;feminino;Dinheiro
2026-01-18 18:12:22.269327;649;Florianópolis;José Elias;Teclado;Dorothy Davis;feminino;Boleto
2026-01-18 19:44:26.414111;650;São Paulo;João Marcos;Mouse;Charles Havens;masculino;Cartão de Débito
2026-01-18 19:54:21.989565;651;Belo Horizonte;Eduardo Silva;Mouse;Ronald Bell;masculino;Pix
2026-01-18 22:00:26.610071;652;Florianópolis;Paulo André;Mouse;James Snyder;masculino;Cartão de Crédito
2026-01-19 14:57:17.931103;653;Porto Alegre;André Lima;Teclado;Charles Ballance;masculino;Cartão de Débito
2026-01-19 15:48:28.979141;654;Salvador;Elias Damasco;Mouse;Kenneth Pinkerton;masculino;Dinheiro
2026-01-19 16:09:22.075211;655;Belo Horizonte;Paola Luz;Notebook;Laurie Eudy;feminino;Cartão de Crédito
2026-01-19 16:59:17.597653;656;São Paulo;Pedro Almeida;Monitor;John Shoemaker;masculino;Boleto
2026-01-19 19:57:25.589893;657;Florianópolis;Rafaela Alves;Celular;Carl Schmidt;masculino;Boleto
2026-01-19 22:03:28.818530;658;Florianópolis;Paulo André;Teclado;Kristy Johnson;feminino;Pix
2026-01-20 16:34:18.698445;659;Belo Horizonte;Lucas Bernardo;Mouse;Cathrine Young;feminino;Dinheiro
2026-01-20 19:26:23.523265;660;Belo Horizonte;Paola Luz;Monitor;Kieth Hannah;masculino;Boleto
2026-01-20 23:31:23.121280;661;Florianópolis;José Elias;Notebook;Timothy Powell;masculino;Cartão de Crédito
2026-01-21 15:22:21.480092;662;Belo Horizonte;Lucas Bernardo;Cadeira;Guadalupe Davis;feminino;Cartão de Crédito
2026-01-21 17:47:22.887150;663;Salvador;Elias Damasco;Celular;Michael Price;masculino;Boleto
2026-01-21 19:33:22.849382;664;Belo Horizonte;Paola Luz;Teclado;Debra Atkinson;feminino;Cartão de Débito
2026-01-22 19:10:26.126433;665;São Paulo;Maria Antonia;Teclado;Edward Olney;masculino;Cartão de Débito
2026-01-22 20:04:22.161892;666;São Paulo;Maria Antonia;Celular;Amado Herrel;masculino;Dinheiro
2026-01-22 21:05:25.479061;667;Salvador;Elias Damasco;Mouse;Robert Bissonette;masculino;Dinheiro
2026-01-22 21:10:20.316801;668;São Paulo;Pedro Almeida;Teclado;Angelia Kramer;feminino;Boleto
2026-01-22 21:26:17.335983;669;Porto Alegre;André Lima;Notebook;Lloyd Turner;masculino;Cartão de Crédito
2026-01-22 21:26:21.696344;670;Porto Alegre;Diego Costa;Monitor;Evelyn Tang;feminino;Cartão de Débito
2026-01-23 00:11:27.350945;671;São Paulo;João Marcos;Monitor;Fredrick Clover;masculino;Pix
2026-01-23 15:29:22.392350;672;São Paulo;Maria Antonia;Celular;Karl Herron;masculino;Cartão de Débito
2026-01-23 16:12:20.567219;673;Porto Alegre;André Lima;Notebook;Eric Carl;masculino;Pix
2026-01-23 16:24:26.960020;674;Florianópolis;José Elias;Teclado;Naomi Gallo;feminino;Cartão de Crédito
2026-01-23 17:50:19.516129;675;São Paulo;Maria Antonia;Celular;Samuel Reamer;masculino;Dinheiro
2026-01-23 18:28:22.209998;676;São Paulo;João Marcos;Notebook;Lori Copeland;feminino;Boleto
2026-01-23 18:30:20.365235;677;Rio de Janeiro;Stephanie Riga;Notebook;Richard Baker;masculino;Dinheiro
2026-01-23 19:54:24.863544;678;Florianópolis;Rafaela Alves;Teclado;Robert Freeman;masculino;Pix
2026-01-23 20:10:22.250039;679;São Paulo;Maria Antonia;Cadeira;Melinda Henry;feminino;Dinheiro
2026-01-24 20:31:18.296799;680;Salvador;Pedro Alves;Celular;Amanda Filippini;feminino;Cartão de Crédito
2026-01-24 21:35:28.344106;681;São Paulo;João Marcos;Monitor;Leatrice Sanchez;feminino;Pix
2026-01-25 14:35:17.552416;682;Salvador;Pedro Alves;Mouse;Velma Lares;feminino;Boleto
2026-01-25 18:01:25.776527;683;São Paulo;Maria Antonia;Monitor;Sara Bradford;feminino;Boleto
2026-01-25 20:24:18.020913;684;Florianópolis;José Elias;Notebook;William Loe;masculino;Cartão de Crédito
2026-01-25 20:42:20.058014;685;São Paulo;João Marcos;Teclado;Kenneth Martinez;masculino;Dinheiro
2026-01-25 21:01:26.507460;686;Rio de Janeiro;Juliana Bonde;Celular;Sandra Whited;feminino;Pix
2026-01-26 17:28:27.366663;687;Belo Horizonte;Eduardo Silva;Monitor;John Simpson;masculino;Cartão de Crédito
2026-01-26 20:11:19.540589;688;Salvador;Elias Damasco;Notebook;Gloria Woodbury;feminino;Cartão de Crédito
2026-01-26 20:13:18.916557;689;Rio de Janeiro;Juliana Bonde;Notebook;David Quinn;masculino;Pix
2026-01-26 20:48:28.657880;690;São Paulo;Maria Antonia;Mouse;Ricardo Joseph;masculino;Boleto
2026-01-26 21:46:27.813220;691;Florianópolis;Rafaela Alves;Cadeira;Sandra Veshedsky;feminino;Dinheiro
2026-01-26 22:14:20.156717;692;Belo Horizonte;Paola Luz;Monitor;Shelly Rioux;feminino;Dinheiro
2026-01-26 23:28:22.455666;693;Salvador;Elias Damasco;Teclado;Delfina Loper;feminino;Cartão de Crédito
2026-01-26 23:40:28.814746;694;Salvador;Pedro Alves;Monitor;Jeffery Clark;masculino;Pix
2026-01-27 17:43:24.864227;695;Belo Horizonte;Paola Luz;Celular;Dale Davis;masculino;Boleto
2026-01-27 17:57:20.200885;696;Salvador;Elias Damasco;Mouse;Teddy Reynolds;masculino;Boleto
2026-01-27 18:04:22.319384;697;Rio de Janeiro;Stephanie Riga;Mouse;Danial Stlouis;masculino;Cartão de Crédito
2026-01-27 22:11:23.890456;698;Salvador;Pedro Alves;Teclado;Rebecca Young;feminino;Pix
2026-01-27 22:18:27.077052;699;Florianópolis;Rafaela Alves;Mouse;Aaron Schwab;masculino;Boleto
2026-01-28 15:44:26.310970;700;Salvador;Elias Damasco;Monitor;Patrick Sweeney;masculino;Boleto
2026-01-28 23:02:23.326857;701;Salvador;Viviane Souza;Celular;Eleanor Clore;feminino;Pix
2026-01-28 23:32:18.886765;702;Salvador;Viviane Souza;Monitor;Daniel Murillo;masculino;Cartão de Débito
2026-01-29 00:57:21.414960;703;Belo Horizonte;Eduardo Silva;Notebook;Mary Walker;feminino;Pix
2026-01-29 15:44:27.055974;704;Porto Alegre;Breno Antônio;Monitor;Christopher Aviles;masculino;Dinheiro
2026-01-29 22:09:28.985910;705;Florianópolis;Paulo André;Notebook;Ricardo Brown;masculino;Cartão de Débito
2026-01-30 15:28:23.120324;706;Porto Alegre;Diego Costa;Notebook;Mary Taylor;feminino;Cartão de Débito
2026-01-30 23:46:25.279600;707;Salvador;Elias Damasco;Monitor;Walter Crossman;masculino;Pix
2026-01-31 00:28:23.801853;708;Florianópolis;José Elias;Notebook;Malcolm Coe;masculino;Boleto
2026-01-31 14:13:17.694136;709;Salvador;Viviane Souza;Notebook;John Foster;masculino;Dinheiro
2026-01-31 14:23:27.798375;710;Florianópolis;Rafaela Alves;Monitor;Terry King;masculino;Pix
2026-01-31 15:13:21.803477;711;Porto Alegre;André Lima;Celular;Delores Boyer;feminino;Pix
2026-01-31 17:18:18.035818;712;Florianópolis;José Elias;Teclado;Abel Lesperance;masculino;Cartão de Débito
2026-01-31 21:13:22.504251;713;São Paulo;Pedro Almeida;Notebook;Julia Christensen;feminino;Cartão de Crédito
2026-01-31 21:14:22.932181;714;Belo Horizonte;Lucas Bernardo;Mouse;Arlene Williams;feminino;Boleto
2026-01-31 21:53:23.697007;715;Salvador;Elias Damasco;Notebook;Virginia Jameson;feminino;Cartão de Débito
2026-01-31 22:02:22.663219;716;Porto Alegre;André Lima;Monitor;Linda Bowman;feminino;Dinheiro
2026-02-01 15:03:28.819566;717;Salvador;Elias Damasco;Notebook;Brenda Phaneuf;feminino;Cartão de Crédito
2026-02-01 15:28:21.853459;718;Florianópolis;Rafaela Alves;Monitor;Jacquelin Warnack;feminino;Pix
2026-02-01 18:40:26.313226;719;São Paulo;Maria Antonia;Celular;Paul Kinkelaar;masculino;Dinheiro
2026-02-01 19:19:17.447798;720;Florianópolis;José Elias;Teclado;Carrie Lee;feminino;Dinheiro
2026-02-02 14:14:22.709898;721;Porto Alegre;André Lima;Notebook;Mary Schroder;feminino;Cartão de Débito
2026-02-02 16:01:22.259873;722;Rio de Janeiro;Stephanie Riga;Cadeira;Devon Thompson;feminino;Boleto
2026-02-02 19:16:26.286876;723;Florianópolis;Rafaela Alves;Cadeira;Michael Cromartie;masculino;Cartão de Débito
2026-02-02 19:19:23.347198;724;Porto Alegre;Breno Antônio;Teclado;Tracy Thiessen;feminino;Cartão de Débito
2026-02-02 23:04:24.873172;725;Belo Horizonte;Lucas Bernardo;Notebook;Cristina Thibodeau;feminino;Pix
2026-02-02 23:25:28.102598;726;Belo Horizonte;Paola Luz;Cadeira;Gil Palacios;masculino;Cartão de Crédito
2026-02-03 00:45:21.654174;727;Rio de Janeiro;Stephanie Riga;Teclado;Marshall Pittman;masculino;Cartão de Débito
2026-02-03 15:03:29.105584;728;Rio de Janeiro;Ricardo Bonfim;Teclado;Lena Hollenbeck;feminino;Dinheiro
2026-02-03 15:59:17.862507;729;São Paulo;Pedro Almeida;Teclado;Charlene Wilson;feminino;Dinheiro
2026-02-03 16:38:27.104100;730;Rio de Janeiro;Ricardo Bonfim;Teclado;Ashley Mullins;feminino;Pix
2026-02-03 20:16:25.192889;731;Belo Horizonte;Eduardo Silva;Celular;Kevin Carlson;masculino;Dinheiro
2026-02-03 21:11:21.318147;732;Salvador;Elias Damasco;Mouse;Angelina Olson;feminino;Cartão de Crédito
2026-02-03 21:11:26.558046;733;Porto Alegre;Diego Costa;Teclado;Derek Jones;masculino;Dinheiro
2026-02-04 00:43:22.442650;734;São Paulo;Maria Antonia;Teclado;Gene Gobert;masculino;Pix
2026-02-04 14:39:17.128955;735;Florianópolis;Paulo André;Celular;Gary Hansen;masculino;Boleto
2026-02-04 16:13:24.981790;736;Belo Horizonte;Eduardo Silva;Notebook;Lorene Smith;feminino;Pix
2026-02-04 19:10:18.907416;737;Porto Alegre;Diego Costa;Monitor;Flora Ripple;feminino;Cartão de Débito
2026-02-04 20:20:25.801813;738;Florianópolis;José Elias;Monitor;Melissa Wellington;feminino;Boleto
2026-02-04 20:55:25.873612;739;Belo Horizonte;Eduardo Silva;Monitor;James Gilbert;masculino;Boleto
2026-02-04 23:59:21.035936;740;Rio de Janeiro;Ricardo Bonfim;Celular;Marie Holloway;feminino;Cartão de Débito
2026-02-05 00:07:27.160241;741;Belo Horizonte;Eduardo Silva;Teclado;Shannon Perez;masculino;Boleto
2026-02-05 00:43:20.631165;742;Belo Horizonte;Lucas Bernardo;Celular;Dean Thal;masculino;Pix
2026-02-05 01:08:27.782710;743;Rio de Janeiro;Stephanie Riga;Celular;Christina Martinez;feminino;Dinheiro
2026-02-05 15:23:21.422138;744;Florianópolis;Rafaela Alves;Monitor;Harold Blevins;masculino;Cartão de Débito
2026-02-05 15:56:23.666494;745;Porto Alegre;Diego Costa;Monitor;Mary Phelps;feminino;Cartão de Crédito
2026-02-05 16:42:22.845890;746;Salvador;Pedro Alves;Celular;Coral Denny;feminino;Boleto
2026-02-05 19:30:21.665628;747;Porto Alegre;Diego Costa;Mouse;Derrick Dixon;masculino;Dinheiro
2026-02-05 20:22:22.887871;748;Rio de Janeiro;Stephanie Riga;Celular;Hal Carvajal;masculino;Boleto
2026-02-05 20:29:27.801132;749;Florianópolis;Paulo André;Celular;Joseph Helmer;masculino;Boleto
2026-02-05 21:16:23.679056;750;Rio de Janeiro;Stephanie Riga;Mouse;Patricia Navarro;feminino;Boleto
2026-02-06 00:26:23.021909;751;Belo Horizonte;Eduardo Silva;Cadeira;Debra Kimmel;feminino;Cartão de Crédito
2026-02-06 14:57:21.098767;752;Porto Alegre;Breno Antônio;Monitor;Scott Woolley;masculino;Boleto
2026-02-06 15:03:23.413613;753;Porto Alegre;Breno Antônio;Notebook;Willie Davis;feminino;Pix
2026-02-06 17:15:26.009395;754;São Paulo;Maria Antonia;Notebook;Linda Levitz;feminino;Pix
2026-02-06 18:35:21.091430;755;Belo Horizonte;Eduardo Silva;Teclado;Rebecca Benitez;feminino;Cartão de Débito
2026-02-06 18:51:23.761645;756;Rio de Janeiro;Ricardo Bonfim;Teclado;Alyssa Frankenfield;feminino;Cartão de Crédito
2026-02-06 19:22:23.891312;757;São Paulo;Maria Antonia;Cadeira;Nelson Paterson;masculino;Dinheiro
2026-02-06 20:40:20.165393;758;Rio de Janeiro;Juliana Bonde;Teclado;James Crane;masculino;Cartão de Crédito
2026-02-06 21:29:26.627589;759;Porto Alegre;Diego Costa;Cadeira;Jeffrey Vogt;masculino;Cartão de Débito
2026-02-06 21:52:20.030977;760;Rio de Janeiro;Ricardo Bonfim;Monitor;Rebecca Sterling;feminino;Cartão de Débito
2026-02-07 14:29:20.592398;761;Belo Horizonte;Paola Luz;Celular;Jack Bouchard;masculino;Boleto
2026-02-07 16:51:20.311411;762;Florianópolis;José Elias;Notebook;Priscilla Inman;feminino;Cartão de Crédito
2026-02-07 21:02:18.884315;763;Florianópolis;Rafaela Alves;Celular;Marleen Kirby;feminino;Cartão de Débito
2026-02-07 21:55:26.253073;764;Rio de Janeiro;Stephanie Riga;Teclado;Raymond Horton;masculino;Cartão de Débito
2026-02-07 21:58:20.462093;765;São Paulo;Maria Antonia;Cadeira;Desiree Henderson;feminino;Dinheiro
2026-02-07 22:18:23.133246;766;São Paulo;Maria Antonia;Celular;Jessica Lundy;feminino;Cartão de Débito
2026-02-07 22:37:28.030976;767;São Paulo;Maria Antonia;Cadeira;Kevin Howard;masculino;Cartão de Crédito
2026-02-07 23:22:29.143301;768;Salvador;Pedro Alves;Mouse;Charles Kelly;masculino;Cartão de Crédito
2026-02-08 00:04:20.948633;769;Porto Alegre;Diego Costa;Cadeira;Betty Lassiter;feminino;Boleto
2026-02-08 14:13:20.071609;770;São Paulo;Maria Antonia;Monitor;Donald Michael;masculino;Cartão de Débito
2026-02-08 15:25:23.356795;771;Belo Horizonte;Lucas Bernardo;Teclado;Lee Fuentes;masculino;Cartão de Débito
2026-02-08 18:40:27.638680;772;Rio de Janeiro;Ricardo Bonfim;Notebook;Karen Petterson;feminino;Boleto
2026-02-08 20:13:29.131609;773;Florianópolis;Rafaela Alves;Notebook;Kathleen Johnson;feminino;Dinheiro
2026-02-08 20:48:27.992981;774;Rio de Janeiro;Ricardo Bonfim;Celular;Mary Gardiner;feminino;Boleto
2026-02-08 20:54:25.663109;775;Salvador;Elias Damasco;Celular;Maria Davies;feminino;Pix
2026-02-08 21:20:22.014680;776;Porto Alegre;Diego Costa;Notebook;Edward Donahue;masculino;Cartão de Débito
2026-02-08 22:36:25.136614;777;São Paulo;João Marcos;Cadeira;Scott Sine;masculino;Cartão de Crédito
2026-02-09 00:11:26.172049;778;Belo Horizonte;Lucas Bernardo;Mouse;James Anglen;masculino;Dinheiro
2026-02-09 15:39:27.439462;779;Florianópolis;Paulo André;Teclado;Frederick Powell;masculino;Cartão de Crédito
2026-02-09 20:08:23.252771;780;Porto Alegre;André Lima;Mouse;Melvin Warren;masculino;Cartão de Débito
2026-02-09 20:23:25.997077;781;Porto Alegre;Breno Antônio;Monitor;Myron Frye;masculino;Cartão de Débito
2026-02-10 16:16:22.354556;782;Rio de Janeiro;Juliana Bonde;Mouse;Kirk Rowland;masculino;Boleto
2026-02-10 17:17:18.458012;783;Porto Alegre;Breno Antônio;Notebook;Charles Youngblood;masculino;Cartão de Crédito
2026-02-10 21:42:25.187406;784;Porto Alegre;Breno Antônio;Cadeira;Judy Maxwell;feminino;Pix
2026-02-10 23:28:27.955497;785;São Paulo;Pedro Almeida;Cadeira;Virginia Marks;feminino;Cartão de Crédito
2026-02-11 14:46:28.747647;786;Rio de Janeiro;Juliana Bonde;Notebook;Jim Furches;masculino;Cartão de Débito
2026-02-11 15:23:24.015017;787;São Paulo;Maria Antonia;Celular;Melinda Stewart;feminino;Cartão de Débito
2026-02-11 17:05:24.654528;788;São Paulo;Maria Antonia;Notebook;Juanita Conner;feminino;Cartão de Crédito
2026-02-11 18:12:28.164702;789;Rio de Janeiro;Stephanie Riga;Monitor;Harry Begin;masculino;Boleto
2026-02-11 19:21:28.850431;790;Belo Horizonte;Eduardo Silva;Notebook;Olga Anderson;feminino;Dinheiro
2026-02-11 20:08:26.639594;791;Rio de Janeiro;Stephanie Riga;Monitor;Mary Buono;feminino;Cartão de Crédito
2026-02-11 21:13:27.159715;792;Porto Alegre;André Lima;Mouse;Joseph Daniel;masculino;Boleto
2026-02-11 23:01:26.336038;793;São Paulo;Pedro Almeida;Teclado;Eugene Vigil;masculino;Dinheiro
2026-02-12 00:00:24.444338;794;Rio de Janeiro;Stephanie Riga;Monitor;Emily Arnot;feminino;Dinheiro
2026-02-12 00:07:22.906135;795;Rio de Janeiro;Stephanie Riga;Teclado;Stephanie Scinto;feminino;Cartão de Crédito
2026-02-12 00:09:19.678486;796;Rio de Janeiro;Juliana Bonde;Notebook;Pam Lewis;feminino;Cartão de Crédito
2026-02-12 00:10:23.191977;797;Porto Alegre;André Lima;Celular;Michelle Bernard;feminino;Cartão de Débito
2026-02-12 00:15:28.799130;798;Porto Alegre;Breno Antônio;Notebook;Leatrice Sosa;feminino;Dinheiro
2026-02-12 15:04:23.246232;799;Porto Alegre;André Lima;Mouse;Scott Socha;masculino;Cartão de Crédito
2026-02-12 21:45:19.171725;800;Rio de Janeiro;Juliana Bonde;Monitor;Edward Brown;masculino;Boleto
2026-02-12 21:54:28.471275;801;Salvador;Elias Damasco;Teclado;Patricia Woodworth;feminino;Pix
2026-02-13 00:26:21.503118;802;São Paulo;Maria Antonia;Monitor;Wallace Edwards;masculino;Boleto
2026-02-13 14:38:17.766985;803;Belo Horizonte;Paola Luz;Celular;Walter Herrera;masculino;Boleto
2026-02-13 18:34:24.737522;804;Porto Alegre;Diego Costa;Celular;Bonnie Williams;feminino;Cartão de Débito
2026-02-13 18:56:22.352614;805;Florianópolis;José Elias;Mouse;Pamela Byers;feminino;Cartão de Débito
2026-02-13 18:56:24.458334;806;Belo Horizonte;Lucas Bernardo;Monitor;Linda Famulare;feminino;Dinheiro
2026-02-13 19:24:20.073034;807;Florianópolis;José Elias;Notebook;Sean Atkins;masculino;Boleto
2026-02-13 20:43:18.926062;808;Belo Horizonte;Eduardo Silva;Monitor;Sarah Adams;feminino;Cartão de Crédito
2026-02-13 21:11:26.875200;809;Florianópolis;Rafaela Alves;Monitor;Susan Seeley;feminino;Cartão de Crédito
2026-02-13 21:15:20.445980;810;Salvador;Pedro Alves;Monitor;Gwendolyn Krout;feminino;Dinheiro
2026-02-13 21:36:29.008740;811;Florianópolis;Rafaela Alves;Celular;Kathryn Guzman;feminino;Dinheiro
2026-02-14 00:29:20.848693;812;Porto Alegre;Breno Antônio;Cadeira;Clint Checca;masculino;Dinheiro
2026-02-14 00:40:19.894202;813;São Paulo;João Marcos;Monitor;Anita Kroeger;feminino;Pix
2026-02-14 14:58:17.391853;814;Florianópolis;José Elias;Cadeira;Karissa Copley;feminino;Dinheiro
2026-02-14 15:13:22.282700;815;Florianópolis;José Elias;Celular;James Studer;masculino;Boleto
2026-02-14 17:15:29.209253;816;Salvador;Elias Damasco;Mouse;Amanda Ellison;feminino;Pix
2026-02-15 14:13:28.358124;817;Belo Horizonte;Paola Luz;Monitor;John Dewispelaere;masculino;Cartão de Crédito
2026-02-15 19:28:24.491580;818;Belo Horizonte;Eduardo Silva;Teclado;Alan Berry;masculino;Dinheiro
2026-02-15 19:37:25.630977;819;Salvador;Pedro Alves;Teclado;Kelly Caulder;feminino;Dinheiro
2026-02-15 21:54:19.734244;820;Florianópolis;José Elias;Mouse;Matthew Lessard;masculino;Dinheiro
2026-02-16 15:35:29.128722;821;Salvador;Pedro Alves;Teclado;Leroy Farrow;masculino;Cartão de Crédito
2026-02-16 20:37:25.835934;822;Rio de Janeiro;Juliana Bonde;Cadeira;Jean Dill;feminino;Cartão de Débito
2026-02-16 21:06:18.283371;823;Belo Horizonte;Eduardo Silva;Monitor;Joshua Robinson;masculino;Cartão de Crédito
2026-02-16 23:29:22.507632;824;São Paulo;João Marcos;Teclado;Cynthia Nelson;feminino;Cartão de Crédito
2026-02-16 23:36:18.821605;825;Belo Horizonte;Lucas Bernardo;Mouse;Arline Dunkley;feminino;Pix
2026-02-17 14:32:18.567011;826;Porto Alegre;Diego Costa;Cadeira;Marvin Ring;masculino;Boleto
2026-02-17 14:47:25.462187;827;Salvador;Elias Damasco;Monitor;Johnny Salas;masculino;Boleto
2026-02-17 18:16:18.511475;828;Porto Alegre;Diego Costa;Monitor;Sabrina Lanzillo;feminino;Cartão de Débito
2026-02-17 21:35:20.752206;829;Rio de Janeiro;Juliana Bonde;Notebook;Cathy Harris;feminino;Cartão de Crédito
2026-02-17 22:04:21.496934;830;Porto Alegre;Breno Antônio;Monitor;Howard Frank;masculino;Pix
2026-02-18 14:16:24.014684;831;Belo Horizonte;Paola Luz;Notebook;Thomas Mendoza;masculino;Cartão de Débito
2026-02-18 18:21:21.065949;832;São Paulo;Pedro Almeida;Monitor;Elizabeth Chandler;feminino;Dinheiro
2026-02-18 18:51:25.189928;833;Salvador;Pedro Alves;Mouse;Catherine Stratton;feminino;Dinheiro
2026-02-18 18:57:22.777701;834;Porto Alegre;Breno Antônio;Monitor;Leslie Mcinnis;feminino;Cartão de Débito
2026-02-18 20:54:25.685223;835;Porto Alegre;Diego Costa;Mouse;Tina Redmond;feminino;Cartão de Débito
2026-02-18 22:50:18.284260;836;Belo Horizonte;Lucas Bernardo;Notebook;Dean Justice;masculino;Cartão de Débito
2026-02-18 23:01:21.954684;837;São Paulo;João Marcos;Notebook;Linda Lind;feminino;Cartão de Crédito
2026-02-18 23:17:18.614012;838;São Paulo;João Marcos;Celular;Maria Twigg;feminino;Boleto
2026-02-18 23:34:23.316037;839;Porto Alegre;André Lima;Mouse;Charles Jones;masculino;Pix
2026-02-19 00:19:22.248706;840;Rio de Janeiro;Stephanie Riga;Teclado;Cassidy Henderson;feminino;Dinheiro
2026-02-19 15:57:28.818056;841;Belo Horizonte;Paola Luz;Notebook;Darrell Riley;masculino;Boleto
2026-02-19 16:41:21.223935;842;Belo Horizonte;Lucas Bernardo;Mouse;Bonnie Kuehnert;feminino;Cartão de Débito
2026-02-19 21:43:20.919523;843;Porto Alegre;Breno Antônio;Cadeira;Judith Otto;feminino;Pix
2026-02-19 23:32:28.983506;844;Porto Alegre;Diego Costa;Cadeira;Regina Weir;feminino;Cartão de Débito
2026-02-20 00:22:21.708493;845;Rio de Janeiro;Stephanie Riga;Teclado;Javier Kinkelaar;masculino;Boleto
2026-02-20 15:29:20.962117;846;Belo Horizonte;Lucas Bernardo;Monitor;Roxanna Martin;feminino;Cartão de Débito
2026-02-20 22:13:19.524749;847;São Paulo;Pedro Almeida;Mouse;Clarence Kochan;masculino;Dinheiro
2026-02-20 22:19:24.136335;848;Belo Horizonte;Eduardo Silva;Teclado;Jack Robertson;masculino;Pix
2026-02-20 23:24:20.363640;849;Belo Horizonte;Paola Luz;Notebook;Woodrow Horton;masculino;Dinheiro
2026-02-21 00:23:22.708386;850;Salvador;Elias Damasco;Notebook;Ernestine Koch;feminino;Cartão de Débito
2026-02-21 14:51:26.415519;851;Belo Horizonte;Lucas Bernardo;Notebook;Alexis Peden;feminino;Pix
2026-02-21 14:57:25.629366;852;Rio de Janeiro;Ricardo Bonfim;Notebook;Barry White;masculino;Cartão de Débito
2026-02-21 18:13:23.580389;853;Salvador;Elias Damasco;Notebook;Patricia Lyons;feminino;Boleto
2026-02-21 20:08:19.684620;854;Rio de Janeiro;Juliana Bonde;Monitor;Karen Dunn;feminino;Boleto
2026-02-21 22:22:20.889739;855;Belo Horizonte;Paola Luz;Notebook;Cornelia Ciocca;feminino;Cartão de Débito
2026-02-22 00:40:25.707692;856;Porto Alegre;Diego Costa;Cadeira;Judith Schoenfeld;feminino;Dinheiro
2026-02-22 14:46:20.371106;857;Porto Alegre;André Lima;Cadeira;Peggy Bryson;feminino;Boleto
2026-02-22 16:44:23.141511;858;Porto Alegre;André Lima;Celular;Barbara Bustad;feminino;Dinheiro
2026-02-22 16:57:27.241184;859;Porto Alegre;Diego Costa;Mouse;Beverly Stein;feminino;Dinheiro
2026-02-22 17:09:19.824592;860;Florianópolis;José Elias;Notebook;Ana Lynch;feminino;Pix
2026-02-22 22:42:23.526027;861;Florianópolis;Rafaela Alves;Cadeira;Augustine Cathcart;masculino;Cartão de Débito
2026-02-23 15:15:21.423588;862;Florianópolis;Rafaela Alves;Mouse;Patrick Hattabaugh;masculino;Cartão de Crédito
2026-02-23 23:04:26.097188;863;Salvador;Elias Damasco;Notebook;Jeffery Carter;masculino;Cartão de Crédito
2026-02-24 00:38:27.881381;864;Rio de Janeiro;Ricardo Bonfim;Celular;Kevin Smith;masculino;Dinheiro
2026-02-24 01:10:18.957007;865;São Paulo;Maria Antonia;Mouse;Adela Opatz;feminino;Pix
2026-02-24 16:56:24.859086;866;Porto Alegre;André Lima;Mouse;James Groh;masculino;Cartão de Débito
2026-02-24 17:11:21.949053;867;Rio de Janeiro;Stephanie Riga;Celular;Kim Norman;masculino;Pix
2026-02-24 23:38:27.997448;868;São Paulo;Pedro Almeida;Cadeira;Melinda Garcia;feminino;Cartão de Débito
2026-02-25 14:56:21.038307;869;Salvador;Pedro Alves;Mouse;Dale Shumpert;masculino;Pix
2026-02-25 17:13:26.984660;870;Florianópolis;Paulo André;Cadeira;Lynda Beaver;feminino;Cartão de Débito
2026-02-25 17:37:21.081477;871;Rio de Janeiro;Stephanie Riga;Teclado;Lazaro Rodriguez;masculino;Dinheiro
2026-02-25 18:14:26.938187;872;Rio de Janeiro;Stephanie Riga;Teclado;Melvin Goodemote;masculino;Cartão de Débito
2026-02-25 21:24:25.319039;873;Rio de Janeiro;Juliana Bonde;Cadeira;Jennifer Anchondo;feminino;Cartão de Crédito
2026-02-25 22:57:19.447181;874;Belo Horizonte;Lucas Bernardo;Mouse;Cheryl Mathson;feminino;Cartão de Crédito
2026-02-25 23:16:23.282215;875;Porto Alegre;André Lima;Celular;Randal Naquin;masculino;Dinheiro
2026-02-26 14:15:23.758298;876;Florianópolis;Paulo André;Cadeira;Scott Nelson;masculino;Cartão de Débito
2026-02-26 15:11:25.146200;877;Porto Alegre;André Lima;Monitor;Tommie Aromin;feminino;Dinheiro
2026-02-26 16:15:27.121443;878;Belo Horizonte;Eduardo Silva;Mouse;Myra Tattershall;feminino;Cartão de Débito
2026-02-26 18:39:20.594387;879;Florianópolis;Rafaela Alves;Monitor;John Johnson;masculino;Dinheiro
2026-02-26 18:48:26.482316;880;Rio de Janeiro;Stephanie Riga;Teclado;Elizabeth Moore;feminino;Dinheiro
2026-02-26 19:39:26.608656;881;Florianópolis;José Elias;Monitor;Alvin Finn;masculino;Pix
2026-02-26 20:59:28.190967;882;Rio de Janeiro;Juliana Bonde;Celular;Letha Mccarthy;feminino;Cartão de Débito
2026-02-26 22:23:19.862064;883;São Paulo;Maria Antonia;Cadeira;Christopher Dehart;masculino;Cartão de Débito
2026-02-27 14:59:24.058893;884;Salvador;Viviane Souza;Monitor;Donna Barnett;feminino;Cartão de Crédito
2026-02-27 15:37:24.135043;885;Rio de Janeiro;Juliana Bonde;Cadeira;Jame Logan;masculino;Boleto
2026-02-27 16:04:28.248240;886;Salvador;Viviane Souza;Cadeira;Brian Isbell;masculino;Cartão de Débito
2026-02-27 16:55:24.393181;887;Salvador;Viviane Souza;Notebook;Elizabeth Cox;feminino;Cartão de Crédito
2026-02-27 18:03:21.218196;888;Salvador;Viviane Souza;Monitor;Robert Groff;masculino;Cartão de Crédito
2026-02-27 19:22:24.709105;889;Florianópolis;Paulo André;Celular;Alma Wilks;feminino;Pix
2026-02-27 20:03:27.896213;890;Salvador;Pedro Alves;Cadeira;Floyd Nadler;masculino;Dinheiro
2026-02-27 21:51:26.335232;891;Rio de Janeiro;Stephanie Riga;Monitor;Natalie Howard;feminino;Boleto
2026-02-28 14:25:22.646760;892;São Paulo;João Marcos;Teclado;Clara Cooper;feminino;Cartão de Crédito
2026-02-28 14:57:25.597324;893;Belo Horizonte;Paola Luz;Teclado;Timothy Aguiar;masculino;Cartão de Crédito
2026-02-28 19:31:24.799180;894;Salvador;Elias Damasco;Mouse;Ethan Keisler;masculino;Boleto
2026-02-28 19:46:21.222037;895;Florianópolis;Paulo André;Notebook;Erasmo Frazier;masculino;Pix
2026-02-28 23:42:26.498785;896;Rio de Janeiro;Juliana Bonde;Monitor;Howard Murphy;masculino;Pix
2026-03-01 15:54:27.769968;897;Rio de Janeiro;Ricardo Bonfim;Teclado;Michael Hancock;masculino;Boleto
2026-03-01 17:04:21.701463;898;Salvador;Viviane Souza;Celular;Mary Klima;feminino;Cartão de Débito
2026-03-01 21:38:28.927443;899;Florianópolis;Paulo André;Mouse;Margaret Gonzales;feminino;Cartão de Débito
2026-03-01 23:11:22.681258;900;Belo Horizonte;Eduardo Silva;Notebook;Grace Conner;feminino;Cartão de Crédito
2026-03-02 17:18:22.713878;901;Porto Alegre;André Lima;Mouse;Laurie Mulhall;feminino;Boleto
2026-03-02 17:56:19.049720;902;Belo Horizonte;Eduardo Silva;Teclado;Mark Roessler;masculino;Dinheiro
2026-03-02 20:44:26.440802;903;Florianópolis;Rafaela Alves;Cadeira;Audrey Krupka;feminino;Dinheiro
2026-03-02 21:04:29.010641;904;Florianópolis;Rafaela Alves;Teclado;Kyle House;masculino;Boleto
2026-03-02 22:27:20.976400;905;Salvador;Viviane Souza;Notebook;Clarice Turner;feminino;Cartão de Crédito
2026-03-03 20:53:24.829764;906;Rio de Janeiro;Juliana Bonde;Teclado;Stephanie Mccorkle;feminino;Cartão de Crédito
2026-03-03 22:51:26.126167;907;Porto Alegre;Breno Antônio;Celular;John Lee;masculino;Cartão de Débito
2026-03-03 23:27:23.109640;908;Belo Horizonte;Paola Luz;Celular;Sandra Cole;feminino;Cartão de Débito
2026-03-04 00:42:28.100903;909;Rio de Janeiro;Juliana Bonde;Cadeira;Jorge Marshall;masculino;Cartão de Débito
2026-03-04 14:32:18.569163;910;Salvador;Viviane Souza;Notebook;Ora Johnson;feminino;Dinheiro
2026-03-04 18:53:26.297216;911;Porto Alegre;André Lima;Celular;Lawrence Walker;masculino;Cartão de Débito
2026-03-04 18:57:20.796754;912;Belo Horizonte;Paola Luz;Monitor;Shad Berkley;masculino;Dinheiro
2026-03-04 23:47:21.160984;913;Belo Horizonte;Paola Luz;Cadeira;Rudy Flink;masculino;Pix
2026-03-04 23:56:17.090197;914;Porto Alegre;Diego Costa;Monitor;William Ladd;masculino;Boleto
2026-03-05 00:44:22.199256;915;Salvador;Viviane Souza;Teclado;Dario Fortman;masculino;Pix
2026-03-05 14:56:27.265206;916;Florianópolis;Paulo André;Notebook;Lisa Davis;feminino;Boleto
2026-03-05 15:41:28.242982;917;São Paulo;Pedro Almeida;Monitor;Chad Mitchell;masculino;Dinheiro
2026-03-05 17:12:26.343962;918;Salvador;Elias Damasco;Notebook;Thomas Sims;masculino;Dinheiro
2026-03-05 17:36:23.108767;919;Porto Alegre;André Lima;Cadeira;Robert Blackwell;masculino;Dinheiro
2026-03-05 19:55:28.818968;920;Florianópolis;Rafaela Alves;Cadeira;Amos Daniels;masculino;Cartão de Crédito
2026-03-05 20:11:22.709386;921;Salvador;Elias Damasco;Mouse;Victor Moss;masculino;Cartão de Crédito
2026-03-05 20:31:24.380289;922;Belo Horizonte;Lucas Bernardo;Mouse;John Bailey;masculino;Pix
2026-03-05 20:35:18.571232;923;Salvador;Viviane Souza;Mouse;Kevin Furr;masculino;Cartão de Crédito
2026-03-05 23:00:27.525119;924;Rio de Janeiro;Stephanie Riga;Cadeira;John Bucy;masculino;Dinheiro
2026-03-06 16:17:18.868721;925;São Paulo;Maria Antonia;Mouse;Lillie Bailey;feminino;Pix
2026-03-06 16:25:17.135334;926;Florianópolis;Paulo André;Mouse;David Osofsky;masculino;Boleto
2026-03-06 17:15:21.963090;927;Salvador;Pedro Alves;Teclado;Delicia Sanchez;feminino;Cartão de Crédito
2026-03-07 00:40:28.622398;928;Rio de Janeiro;Juliana Bonde;Teclado;James Delargy;masculino;Cartão de Crédito
2026-03-07 14:25:17.566879;929;Porto Alegre;Diego Costa;Notebook;Ramona Brown;feminino;Boleto
2026-03-07 16:26:25.908426;930;Florianópolis;Paulo André;Teclado;Jaime Siriano;masculino;Cartão de Débito
2026-03-07 17:56:17.859457;931;Belo Horizonte;Lucas Bernardo;Teclado;Jeffrey Ouellette;masculino;Boleto
2026-03-07 18:30:27.265674;932;Porto Alegre;Breno Antônio;Mouse;Deanne Jarvis;feminino;Dinheiro
2026-03-07 21:20:26.145399;933;Rio de Janeiro;Ricardo Bonfim;Teclado;John Murdoch;masculino;Cartão de Débito
2026-03-07 21:52:18.919473;934;Rio de Janeiro;Ricardo Bonfim;Teclado;Justin Causey;masculino;Boleto
2026-03-07 23:14:20.226801;935;Belo Horizonte;Lucas Bernardo;Celular;Kelly Shavers;masculino;Dinheiro
2026-03-08 14:54:19.245454;936;Porto Alegre;Diego Costa;Monitor;Mollie Zucco;feminino;Cartão de Crédito
2026-03-08 16:11:26.872543;937;Porto Alegre;André Lima;Monitor;Mac Clemens;masculino;Dinheiro
2026-03-08 17:39:28.071846;938;Rio de Janeiro;Stephanie Riga;Notebook;David English;masculino;Dinheiro
2026-03-09 00:07:26.902546;939;Belo Horizonte;Eduardo Silva;Celular;James Harper;masculino;Dinheiro
2026-03-09 16:02:23.758930;940;Belo Horizonte;Lucas Bernardo;Teclado;Jordan Richardson;masculino;Cartão de Débito
2026-03-09 16:55:26.047937;941;Florianópolis;Paulo André;Teclado;Darline Joyce;feminino;Boleto
2026-03-09 18:40:26.638311;942;Salvador;Elias Damasco;Celular;Anna Crabtree;feminino;Pix
2026-03-09 22:48:27.487157;943;Porto Alegre;Diego Costa;Mouse;Julia Stolle;feminino;Pix
2026-03-10 17:39:25.719807;944;Belo Horizonte;Paola Luz;Cadeira;Anthony Mullins;masculino;Cartão de Débito
2026-03-10 19:03:26.002645;945;Salvador;Elias Damasco;Celular;Valentine Helfrich;masculino;Pix
2026-03-10 23:35:20.301559;946;Rio de Janeiro;Ricardo Bonfim;Mouse;Catherine Frizzell;feminino;Boleto
2026-03-11 14:40:25.782325;947;Salvador;Pedro Alves;Teclado;Courtney Price;feminino;Pix
2026-03-11 15:17:25.590368;948;Rio de Janeiro;Stephanie Riga;Celular;Charlene Heath;feminino;Dinheiro
2026-03-11 15:23:25.299938;949;Belo Horizonte;Paola Luz;Celular;Bernice Capley;feminino;Cartão de Crédito
2026-03-11 16:11:24.057986;950;Rio de Janeiro;Juliana Bonde;Cadeira;Lindsey Sullivan;feminino;Pix
2026-03-11 16:22:25.718581;951;Florianópolis;Rafaela Alves;Celular;Tommy Silva;masculino;Cartão de Crédito
2026-03-11 17:02:25.740524;952;Florianópolis;Rafaela Alves;Monitor;Sheila Brown;feminino;Cartão de Crédito
2026-03-11 18:08:24.659395;953;São Paulo;Maria Antonia;Teclado;Ruby Manning;feminino;Dinheiro
2026-03-11 20:29:20.310712;954;Florianópolis;Paulo André;Mouse;Caleb Williams;masculino;Pix
2026-03-12 01:02:20.950206;955;Porto Alegre;Diego Costa;Teclado;Otis Lozoya;masculino;Pix
2026-03-12 14:55:26.805572;956;São Paulo;João Marcos;Mouse;Larry Alcazar;masculino;Pix
2026-03-12 18:11:20.011737;957;Florianópolis;Rafaela Alves;Teclado;Cynthia Rhodes;feminino;Dinheiro
2026-03-12 18:49:18.814484;958;Porto Alegre;Breno Antônio;Mouse;Carol Peacock;feminino;Cartão de Débito
2026-03-12 19:19:28.457305;959;Salvador;Elias Damasco;Teclado;Nathan Delossantos;masculino;Boleto
2026-03-12 19:47:27.958714;960;São Paulo;Maria Antonia;Teclado;Ralph Webb;masculino;Cartão de Débito
2026-03-13 16:06:17.943438;961;Porto Alegre;Breno Antônio;Monitor;Bruce Merrigan;masculino;Pix
2026-03-13 17:55:21.326158;962;Belo Horizonte;Lucas Bernardo;Teclado;David Fisher;masculino;Boleto
2026-03-13 18:35:27.359210;963;Porto Alegre;Breno Antônio;Monitor;Annette Boswell;feminino;Dinheiro
2026-03-13 22:13:25.189543;964;Rio de Janeiro;Stephanie Riga;Cadeira;Donna Johnson;feminino;Cartão de Crédito
2026-03-13 23:48:28.414096;965;São Paulo;Pedro Almeida;Cadeira;Yong Mcmanus;masculino;Cartão de Débito
2026-03-14 01:09:20.806305;966;Porto Alegre;Diego Costa;Teclado;Marcus Stradley;masculino;Pix
2026-03-14 15:13:21.271916;967;São Paulo;Maria Antonia;Cadeira;Harry Quintanilla;masculino;Pix
2026-03-14 19:02:23.115870;968;Florianópolis;Rafaela Alves;Notebook;Angelique Kinard;feminino;Cartão de Crédito
2026-03-14 19:07:25.188933;969;Florianópolis;Rafaela Alves;Monitor;Scott Cummings;masculino;Cartão de Débito
2026-03-14 19:19:20.991502;970;Belo Horizonte;Paola Luz;Notebook;Robert Stoner;masculino;Pix
2026-03-14 20:39:28.192001;971;Salvador;Viviane Souza;Notebook;Rosa Lucas;feminino;Dinheiro
2026-03-14 21:32:28.604985;972;Florianópolis;Rafaela Alves;Cadeira;Dolores Ruiz;feminino;Boleto
2026-03-14 22:30:27.289314;973;Porto Alegre;Breno Antônio;Notebook;Chris Israels;masculino;Pix
2026-03-14 23:55:28.982303;974;São Paulo;Maria Antonia;Celular;Leslie Dennis;feminino;Pix
2026-03-14 23:58:24.771299;975;Belo Horizonte;Eduardo Silva;Notebook;Nancy Carter;feminino;Boleto
2026-03-15 00:26:22.002542;976;Porto Alegre;Breno Antônio;Notebook;Allen Speight;masculino;Cartão de Débito
2026-03-15 00:33:25.465561;977;Belo Horizonte;Paola Luz;Mouse;Jose Hagstrom;masculino;Cartão de Crédito
2026-03-15 16:22:19.688628;978;São Paulo;Maria Antonia;Monitor;Gina Pitzer;feminino;Cartão de Débito
2026-03-15 17:39:19.243522;979;Belo Horizonte;Eduardo Silva;Notebook;Frances Whitehead;feminino;Cartão de Débito
2026-03-15 17:56:27.036470;980;Salvador;Viviane Souza;Monitor;Brenda Ritacco;feminino;Dinheiro
2026-03-15 20:03:20.612324;981;Rio de Janeiro;Ricardo Bonfim;Celular;Joseph Freeze;masculino;Cartão de Débito
2026-03-15 21:30:24.798943;982;Porto Alegre;Breno Antônio;Celular;Michael Williams;masculino;Pix
2026-03-15 21:52:20.606214;983;Salvador;Elias Damasco;Teclado;John Holifield;masculino;Cartão de Crédito
2026-03-16 15:14:26.559141;984;Florianópolis;Rafaela Alves;Mouse;Roy Mccolpin;masculino;Boleto
2026-03-16 16:38:26.591314;985;Belo Horizonte;Paola Luz;Teclado;Robert Hackworth;masculino;Cartão de Crédito
2026-03-16 18:32:26.499528;986;Florianópolis;Rafaela Alves;Mouse;Brian Peel;masculino;Pix
2026-03-16 19:24:28.442614;987;Florianópolis;Paulo André;Teclado;Rochelle Patterson;feminino;Pix
2026-03-16 19:40:23.678110;988;Belo Horizonte;Eduardo Silva;Celular;Kathleen Chan;feminino;Pix
2026-03-16 19:47:26.961634;989;Porto Alegre;Breno Antônio;Cadeira;Damien Howard;masculino;Pix
2026-03-16 22:08:19.830266;990;Porto Alegre;Diego Costa;Mouse;Gil Rowe;masculino;Pix
2026-03-16 23:47:26.959783;991;Salvador;Viviane Souza;Monitor;Angela Harris;feminino;Boleto
2026-03-17 01:06:24.044634;992;Porto Alegre;Diego Costa;Notebook;Betty Orta;feminino;Cartão de Débito
2026-03-17 17:27:22.902895;993;Belo Horizonte;Lucas Bernardo;Notebook;Ken Roman;masculino;Boleto
2026-03-17 21:20:24.730522;994;Porto Alegre;Diego Costa;Monitor;Jennifer Magill;feminino;Pix
2026-03-18 16:06:27.338953;995;Salvador;Viviane Souza;Cadeira;Jean Gann;feminino;Cartão de Crédito
2026-03-18 16:23:22.015658;996;Florianópolis;Rafaela Alves;Mouse;Lucy Eagan;feminino;Cartão de Crédito
2026-03-19 22:48:24.710896;997;Salvador;Elias Damasco;Monitor;Alexander Miller;masculino;Boleto
2026-03-20 14:43:28.104119;998;Belo Horizonte;Paola Luz;Celular;Larry Schlaefli;masculino;Dinheiro
2026-03-20 19:10:25.998280;999;Salvador;Elias Damasco;Celular;Tonya Warden;feminino;Dinheiro
2026-03-20 20:28:25.643753;1000;Florianópolis;Rafaela Alves;Mouse;Dorothy Billups;feminino;Cartão de Débito
2026-03-20 23:43:28.610946;1001;Belo Horizonte;Eduardo Silva;Monitor;Jose Jensen;masculino;Cartão de Crédito
2026-03-21 16:47:17.871485;1002;Florianópolis;Paulo André;Notebook;Cheryl Yoshida;feminino;Cartão de Débito
2026-03-21 16:48:28.243442;1003;São Paulo;Pedro Almeida;Notebook;Martha Fajardo;feminino;Boleto
2026-03-21 17:10:18.882454;1004;Rio de Janeiro;Ricardo Bonfim;Mouse;Suzanne Branham;feminino;Pix
2026-03-21 22:02:28.551524;1005;São Paulo;João Marcos;Mouse;Marie Creswell;feminino;Cartão de Crédito
2026-03-21 22:03:24.250013;1006;Porto Alegre;Diego Costa;Celular;Allison Ray;feminino;Cartão de Crédito
2026-03-21 22:26:23.699203;1007;Porto Alegre;André Lima;Teclado;John Crawford;masculino;Pix
2026-03-21 23:31:28.802308;1008;Rio de Janeiro;Stephanie Riga;Notebook;Robert Tito;masculino;Cartão de Crédito
2026-03-21 23:32:19.925397;1009;Rio de Janeiro;Juliana Bonde;Teclado;France Biancardi;feminino;Pix
2026-03-22 16:54:23.613392;1010;Rio de Janeiro;Stephanie Riga;Teclado;Randy Sutton;masculino;Boleto
2026-03-22 19:13:18.043782;1011;São Paulo;Pedro Almeida;Celular;Robert Johnson;masculino;Pix
2026-03-22 19:50:20.075632;1012;Salvador;Pedro Alves;Celular;Agnes Martinez;feminino;Dinheiro
2026-03-22 20:22:19.543421;1013;Florianópolis;José Elias;Cadeira;Gladys Colbeth;feminino;Cartão de Débito
2026-03-22 22:22:17.447366;1014;Florianópolis;José Elias;Celular;Raymond Johnson;masculino;Cartão de Débito
2026-03-23 17:08:18.764021;1015;Porto Alegre;Breno Antônio;Monitor;John Greenberg;masculino;Dinheiro
2026-03-23 17:58:25.791123;1016;Salvador;Elias Damasco;Cadeira;Emily Johnson;feminino;Cartão de Crédito
2026-03-23 23:19:24.008505;1017;Belo Horizonte;Lucas Bernardo;Monitor;Kimberly Duval;feminino;Pix
2026-03-24 14:49:27.903909;1018;Porto Alegre;Diego Costa;Notebook;Mark Garcia;masculino;Cartão de Crédito
2026-03-24 16:28:24.719530;1019;Rio de Janeiro;Stephanie Riga;Notebook;Julie Aragon;feminino;Cartão de Débito
2026-03-24 17:08:25.666418;1020;Salvador;Elias Damasco;Monitor;Eva Sideris;feminino;Cartão de Débito
2026-03-24 20:58:20.234424;1021;Porto Alegre;Breno Antônio;Cadeira;Danny Brown;masculino;Cartão de Crédito
2026-03-24 21:18:28.850922;1022;Porto Alegre;André Lima;Mouse;Jose Webster;masculino;Boleto
2026-03-24 22:32:25.697639;1023;Rio de Janeiro;Juliana Bonde;Teclado;Donna Issac;feminino;Cartão de Crédito
2026-03-24 23:38:24.994477;1024;Belo Horizonte;Paola Luz;Mouse;Kathy Garay;feminino;Dinheiro
2026-03-25 16:54:29.126068;1025;Porto Alegre;André Lima;Cadeira;Junior Kiser;masculino;Boleto
2026-03-25 19:22:21.080565;1026;Belo Horizonte;Paola Luz;Mouse;Lisa French;feminino;Boleto
2026-03-26 01:09:22.850005;1027;Florianópolis;José Elias;Cadeira;Alejandro Jeffery;masculino;Cartão de Débito
2026-03-26 14:37:23.111400;1028;Rio de Janeiro;Stephanie Riga;Cadeira;Marshall Sale;masculino;Dinheiro
2026-03-26 17:48:18.441222;1029;Porto Alegre;Breno Antônio;Monitor;Lindsey Tinajero;feminino;Cartão de Débito
2026-03-26 20:36:27.636515;1030;Salvador;Elias Damasco;Teclado;Julia Cowart;feminino;Cartão de Crédito
2026-03-27 17:33:28.614384;1031;Salvador;Viviane Souza;Celular;Lloyd Blakemore;masculino;Cartão de Crédito
2026-03-27 22:06:27.722668;1032;Belo Horizonte;Paola Luz;Celular;Jamie Topolinski;feminino;Dinheiro
2026-03-27 22:09:20.993399;1033;Porto Alegre;André Lima;Teclado;Ashley Scheppke;feminino;Pix
2026-03-27 22:20:27.272283;1034;Rio de Janeiro;Juliana Bonde;Monitor;Maria Batdorf;feminino;Pix
2026-03-27 22:49:23.335154;1035;Porto Alegre;Breno Antônio;Mouse;Sandra Bonn;feminino;Pix
2026-03-28 01:08:24.399056;1036;Porto Alegre;Diego Costa;Cadeira;Daniel Urbine;masculino;Boleto
2026-03-28 15:09:28.067038;1037;Rio de Janeiro;Ricardo Bonfim;Teclado;Byron Stuckey;masculino;Cartão de Débito
2026-03-28 16:29:20.562983;1038;São Paulo;Maria Antonia;Mouse;Helen Witcher;feminino;Cartão de Crédito
2026-03-28 20:19:26.963440;1039;Salvador;Elias Damasco;Mouse;Lynn Gonzalea;feminino;Cartão de Crédito
2026-03-28 21:57:19.881389;1040;Porto Alegre;Diego Costa;Teclado;Michael Hearon;masculino;Cartão de Débito
2026-03-28 23:25:22.261310;1041;São Paulo;Pedro Almeida;Mouse;Debbie Baker;feminino;Cartão de Crédito
2026-03-29 14:55:19.009050;1042;São Paulo;Pedro Almeida;Mouse;Pat Harbin;feminino;Pix
2026-03-29 21:55:20.368164;1043;Belo Horizonte;Eduardo Silva;Celular;Alan Krause;masculino;Cartão de Débito
2026-03-30 00:26:19.214293;1044;Porto Alegre;André Lima;Teclado;Sam Polkinghorn;masculino;Boleto
2026-03-30 01:09:23.753936;1045;Florianópolis;Rafaela Alves;Cadeira;Kelly Cook;feminino;Pix
2026-03-30 15:13:19.155688;1046;Porto Alegre;Breno Antônio;Mouse;Rachel Kaczor;feminino;Dinheiro
2026-03-30 16:29:28.984912;1047;Florianópolis;Rafaela Alves;Cadeira;Mathew Blackwell;masculino;Boleto
2026-03-30 17:20:24.763821;1048;Florianópolis;Paulo André;Notebook;Vera Skeens;feminino;Cartão de Crédito
2026-03-30 17:22:22.064785;1049;Florianópolis;José Elias;Monitor;Kenneth Dann;masculino;Pix
2026-03-30 17:31:17.441556;1050;Belo Horizonte;Eduardo Silva;Cadeira;Catherine Samples;feminino;Pix
2026-03-30 19:35:22.357390;1051;Rio de Janeiro;Ricardo Bonfim;Celular;Claudia Dominguez;feminino;Pix
2026-03-30 20:57:27.267583;1052;Porto Alegre;Diego Costa;Notebook;Brant Angeles;masculino;Cartão de Crédito
2026-03-30 21:19:19.655646;1053;São Paulo;João Marcos;Monitor;Hazel Guiney;feminino;Cartão de Crédito
2026-03-30 23:33:26.340850;1054;São Paulo;Pedro Almeida;Notebook;Gracie Grantham;feminino;Dinheiro
2026-03-31 00:16:18.692175;1055;Porto Alegre;Diego Costa;Mouse;Victoria Sumlin;feminino;Boleto
2026-03-31 00:17:23.858894;1056;Belo Horizonte;Lucas Bernardo;Monitor;Joanna Edwards;feminino;Pix
2026-03-31 15:37:24.858231;1057;Porto Alegre;André Lima;Celular;Gregg Suarez;masculino;Cartão de Débito
2026-03-31 16:02:20.312887;1058;Florianópolis;Paulo André;Mouse;Alex Sena;masculino;Cartão de Débito
2026-03-31 16:40:23.312351;1059;Porto Alegre;André Lima;Notebook;Christopher Lewis;masculino;Pix
2026-03-31 18:16:22.238625;1060;Salvador;Elias Damasco;Celular;Clyde Mullen;masculino;Cartão de Crédito
2026-03-31 19:57:17.567397;1061;Belo Horizonte;Paola Luz;Cadeira;Mary Dorch;feminino;Cartão de Débito
2026-03-31 20:32:18.853674;1062;São Paulo;João Marcos;Monitor;Laurel Lewis;feminino;Dinheiro
2026-03-31 21:11:21.142441;1063;Salvador;Pedro Alves;Teclado;Maria Cohen;feminino;Pix
2026-03-31 22:34:17.333203;1064;Rio de Janeiro;Juliana Bonde;Celular;John Mahan;masculino;Pix
2026-04-01 14:12:19.808165;1065;Salvador;Elias Damasco;Cadeira;Clayton Dalke;masculino;Cartão de Débito
2026-04-01 14:42:22.161156;1066;Rio de Janeiro;Juliana Bonde;Cadeira;Guy Smith;masculino;Pix
2026-04-01 16:17:24.381035;1067;São Paulo;Pedro Almeida;Monitor;Jessica Eubanks;feminino;Boleto
2026-04-01 18:52:28.505517;1068;Rio de Janeiro;Ricardo Bonfim;Cadeira;Carol Salazar;feminino;Dinheiro
2026-04-01 19:29:26.713429;1069;Rio de Janeiro;Juliana Bonde;Monitor;Tim Stewart;masculino;Cartão de Crédito
2026-04-01 19:42:25.178798;1070;Rio de Janeiro;Stephanie Riga;Notebook;Kathleen Beck;feminino;Boleto
2026-04-01 20:02:23.021280;1071;São Paulo;Maria Antonia;Teclado;Grant Holt;masculino;Boleto
2026-04-01 21:11:24.708338;1072;Belo Horizonte;Paola Luz;Teclado;William Gore;masculino;Cartão de Débito
2026-04-02 00:59:27.161082;1073;Salvador;Pedro Alves;Mouse;Sondra Browning;feminino;Boleto
2026-04-02 14:16:26.049769;1074;São Paulo;João Marcos;Notebook;John Tolle;masculino;Dinheiro
2026-04-02 15:16:27.018857;1075;Rio de Janeiro;Stephanie Riga;Cadeira;Glenda Wichmann;feminino;Boleto
2026-04-02 15:58:27.635509;1076;Belo Horizonte;Eduardo Silva;Mouse;Carla Briggs;feminino;Dinheiro
2026-04-02 19:38:22.733966;1077;São Paulo;Maria Antonia;Teclado;Bertha Polk;feminino;Cartão de Débito
2026-04-02 21:08:21.125355;1078;Florianópolis;Paulo André;Notebook;Frances Havlik;feminino;Boleto
2026-04-02 22:05:25.132968;1079;São Paulo;Pedro Almeida;Cadeira;Susan Ali;feminino;Dinheiro
2026-04-03 14:48:22.893887;1080;Belo Horizonte;Paola Luz;Cadeira;Dolores Dagostino;feminino;Boleto
2026-04-03 16:16:26.550683;1081;Belo Horizonte;Eduardo Silva;Cadeira;Timothy Mcinerney;masculino;Boleto
2026-04-03 19:16:19.065743;1082;Belo Horizonte;Eduardo Silva;Cadeira;Mary Edelman;feminino;Pix
2026-04-03 19:30:19.166827;1083;Florianópolis;Rafaela Alves;Mouse;Timothy Mcdevitt;masculino;Cartão de Débito
2026-04-03 22:49:21.024077;1084;Rio de Janeiro;Ricardo Bonfim;Monitor;Michael Fitzsimmons;masculino;Pix
2026-04-04 14:36:21.698936;1085;Florianópolis;José Elias;Cadeira;Joe Alarcon;masculino;Pix
2026-04-04 17:51:22.000541;1086;Rio de Janeiro;Ricardo Bonfim;Teclado;Robert Martin;masculino;Boleto
2026-04-04 21:33:17.337183;1087;Rio de Janeiro;Stephanie Riga;Celular;Jane Williams;feminino;Dinheiro
2026-04-04 22:04:20.520531;1088;São Paulo;Maria Antonia;Teclado;Erica Duncan;feminino;Dinheiro
2026-04-04 22:17:20.397328;1089;Rio de Janeiro;Stephanie Riga;Mouse;Max Garrett;masculino;Cartão de Crédito
2026-04-04 22:49:22.118470;1090;Rio de Janeiro;Juliana Bonde;Teclado;Matthew Hall;masculino;Pix
2026-04-04 23:41:21.969827;1091;Belo Horizonte;Eduardo Silva;Monitor;Steven Allison;masculino;Boleto
2026-04-05 01:02:22.505061;1092;Florianópolis;Paulo André;Celular;Sharita Olsen;feminino;Dinheiro
2026-04-05 01:08:24.836540;1093;Belo Horizonte;Lucas Bernardo;Notebook;June Jones;feminino;Cartão de Débito
2026-04-05 14:11:26.297464;1094;Porto Alegre;Breno Antônio;Mouse;Millie Ulrich;feminino;Cartão de Débito
2026-04-05 18:08:27.998223;1095;Salvador;Viviane Souza;Monitor;Lawrence Fleming;masculino;Cartão de Crédito
2026-04-05 19:11:19.394305;1096;Florianópolis;Paulo André;Teclado;Steve Walker;masculino;Cartão de Crédito
2026-04-05 19:21:21.653223;1097;Florianópolis;José Elias;Cadeira;Samuel Manning;masculino;Cartão de Crédito
2026-04-05 20:21:28.830655;1098;Belo Horizonte;Paola Luz;Mouse;Shannon Nuzum;feminino;Dinheiro
2026-04-05 22:42:23.797828;1099;Florianópolis;Paulo André;Monitor;Sunday Lyles;feminino;Cartão de Débito
2026-04-05 22:49:20.842869;1100;Salvador;Pedro Alves;Cadeira;Gary Watkins;masculino;Pix
2026-04-05 22:54:28.602664;1101;Florianópolis;José Elias;Celular;Maria Charlton;feminino;Pix
2026-04-06 00:22:24.250897;1102;São Paulo;Pedro Almeida;Cadeira;Numbers Cunningham;masculino;Boleto
2026-04-06 15:05:27.367139;1103;Belo Horizonte;Eduardo Silva;Celular;Teresa Beckett;feminino;Cartão de Crédito
2026-04-06 16:17:19.414778;1104;Belo Horizonte;Eduardo Silva;Mouse;Edna Movius;feminino;Boleto
2026-04-06 16:24:17.901082;1105;Salvador;Elias Damasco;Teclado;George Black;masculino;Cartão de Débito
2026-04-06 20:55:26.854746;1106;Salvador;Elias Damasco;Celular;Justin Marquez;masculino;Boleto
2026-04-06 22:23:22.593134;1107;Belo Horizonte;Lucas Bernardo;Teclado;Jeffrey Smith;masculino;Cartão de Crédito
2026-04-07 00:08:20.286202;1108;Porto Alegre;André Lima;Mouse;Marie Powell;feminino;Pix
2026-04-07 15:39:23.326032;1109;Porto Alegre;Diego Costa;Celular;John Kendrick;masculino;Cartão de Débito
2026-04-07 15:59:24.660125;1110;Salvador;Pedro Alves;Notebook;Alberto Stefanatos;masculino;Cartão de Crédito
2026-04-07 21:58:21.295317;1111;São Paulo;Maria Antonia;Cadeira;Mary Wolff;feminino;Pix
2026-04-08 00:41:21.184877;1112;Belo Horizonte;Paola Luz;Teclado;Justin Soto;masculino;Cartão de Débito
2026-04-08 16:27:24.742936;1113;Rio de Janeiro;Ricardo Bonfim;Notebook;Fran Moretto;feminino;Boleto
2026-04-08 18:54:24.133694;1114;Porto Alegre;Diego Costa;Monitor;Louis Weber;masculino;Dinheiro
2026-04-08 20:07:23.259516;1115;Rio de Janeiro;Ricardo Bonfim;Celular;Andre Bennion;masculino;Boleto
2026-04-08 20:16:20.168147;1116;Belo Horizonte;Eduardo Silva;Notebook;Zoe Holberg;feminino;Cartão de Débito
2026-04-08 21:38:22.325857;1117;Salvador;Viviane Souza;Mouse;Frank Giguere;masculino;Pix
2026-04-08 22:03:19.445999;1118;Salvador;Pedro Alves;Monitor;Wendy Woodard;feminino;Cartão de Crédito
2026-04-09 00:28:22.263782;1119;Porto Alegre;André Lima;Celular;Betty Muldrow;feminino;Boleto
2026-04-09 00:43:20.029183;1120;Florianópolis;Rafaela Alves;Mouse;Kristie Sands;feminino;Pix
2026-04-09 16:07:28.026724;1121;Belo Horizonte;Paola Luz;Mouse;William Keller;masculino;Dinheiro
2026-04-09 16:46:27.344831;1122;Florianópolis;José Elias;Monitor;Susan Simoneaux;feminino;Cartão de Débito
2026-04-09 17:02:21.770155;1123;Rio de Janeiro;Stephanie Riga;Celular;Garry Smith;masculino;Boleto
2026-04-09 17:25:21.697821;1124;São Paulo;Maria Antonia;Cadeira;Thomas Gale;masculino;Boleto
2026-04-09 18:18:23.651800;1125;Rio de Janeiro;Stephanie Riga;Monitor;Ashley Mcfadden;feminino;Cartão de Crédito
2026-04-09 19:05:21.641102;1126;Porto Alegre;Breno Antônio;Mouse;Johnny Volker;masculino;Cartão de Débito
2026-04-09 19:26:20.570691;1127;Florianópolis;Rafaela Alves;Teclado;Michele Cohn;feminino;Cartão de Débito
2026-04-09 19:40:24.382612;1128;Belo Horizonte;Paola Luz;Teclado;Mark Steffan;masculino;Dinheiro
2026-04-09 21:12:19.394693;1129;Florianópolis;Paulo André;Monitor;Lorraine Mclaughlin;feminino;Dinheiro
2026-04-10 01:05:27.808774;1130;Belo Horizonte;Lucas Bernardo;Notebook;Steven Burlingame;masculino;Boleto
2026-04-10 14:15:17.878680;1131;Florianópolis;Rafaela Alves;Cadeira;Bradley Shoemaker;masculino;Dinheiro
2026-04-10 14:50:21.110925;1132;Rio de Janeiro;Stephanie Riga;Monitor;Carl Tedesco;masculino;Pix
2026-04-10 15:34:28.101719;1133;Rio de Janeiro;Juliana Bonde;Teclado;Alberto Hodge;masculino;Pix
2026-04-10 15:50:17.968360;1134;Florianópolis;José Elias;Celular;Bill Adriance;masculino;Cartão de Crédito
2026-04-10 16:22:18.118721;1135;Florianópolis;Paulo André;Mouse;Michael Caban;masculino;Cartão de Débito
2026-04-10 18:03:17.387188;1136;Florianópolis;Rafaela Alves;Mouse;Rebecca Rivera;feminino;Pix
2026-04-10 19:00:20.573801;1137;São Paulo;João Marcos;Celular;Jerry Sorum;masculino;Cartão de Débito
2026-04-10 19:40:27.768940;1138;São Paulo;Maria Antonia;Monitor;Ralph Tapia;masculino;Pix
2026-04-10 20:29:23.967042;1139;Florianópolis;Paulo André;Mouse;Wendy Nelson;feminino;Boleto
2026-04-10 21:38:17.396327;1140;Belo Horizonte;Lucas Bernardo;Notebook;Rena Coble;feminino;Cartão de Débito
2026-04-11 00:28:22.646234;1141;Rio de Janeiro;Stephanie Riga;Mouse;Anita Schneider;feminino;Dinheiro
2026-04-11 00:58:23.761131;1142;São Paulo;Maria Antonia;Notebook;Leah Long;feminino;Boleto
2026-04-11 14:28:22.849137;1143;Belo Horizonte;Paola Luz;Teclado;Kenneth Diaz;masculino;Pix
2026-04-11 20:27:19.401702;1144;Rio de Janeiro;Stephanie Riga;Celular;John Kluender;masculino;Cartão de Débito
2026-04-12 16:16:20.305033;1145;Florianópolis;Paulo André;Celular;Vincent Jones;masculino;Cartão de Débito
2026-04-12 18:07:21.565722;1146;Belo Horizonte;Eduardo Silva;Celular;Sonja Sallie;feminino;Dinheiro
2026-04-12 23:44:18.798697;1147;São Paulo;Maria Antonia;Teclado;Maryann Cunningham;feminino;Cartão de Débito
2026-04-13 14:36:24.723990;1148;São Paulo;Maria Antonia;Teclado;James Pierce;masculino;Boleto
2026-04-13 14:56:28.075886;1149;Salvador;Elias Damasco;Cadeira;Richard Martin;masculino;Pix
2026-04-13 15:08:28.451083;1150;Rio de Janeiro;Stephanie Riga;Cadeira;David Delaney;masculino;Pix
2026-04-13 15:55:24.077103;1151;Rio de Janeiro;Ricardo Bonfim;Notebook;Julie Clark;feminino;Cartão de Crédito
2026-04-13 16:13:26.169322;1152;Rio de Janeiro;Juliana Bonde;Notebook;Aretha Ryan;feminino;Cartão de Débito
2026-04-13 17:07:29.014441;1153;Florianópolis;Paulo André;Monitor;Edna Langholz;feminino;Boleto
2026-04-13 17:35:28.044091;1154;Belo Horizonte;Paola Luz;Teclado;Linda Price;feminino;Boleto
2026-04-13 17:49:28.159456;1155;Salvador;Viviane Souza;Cadeira;Elvira Carter;feminino;Boleto
2026-04-13 23:58:22.198985;1156;Salvador;Elias Damasco;Celular;Jim Butler;masculino;Boleto
2026-04-14 17:11:28.505205;1157;Porto Alegre;André Lima;Celular;Susan Cole;feminino;Boleto
2026-04-14 17:36:27.475390;1158;Salvador;Viviane Souza;Monitor;Judith Hale;feminino;Cartão de Débito
2026-04-14 20:23:21.471621;1159;Rio de Janeiro;Ricardo Bonfim;Cadeira;Courtney Fiscus;masculino;Cartão de Débito
2026-04-15 01:09:21.292767;1160;Salvador;Viviane Souza;Notebook;Dawn Anderson;feminino;Cartão de Débito
2026-04-15 15:02:22.246978;1161;Rio de Janeiro;Ricardo Bonfim;Celular;Bonnie Cramer;feminino;Dinheiro
2026-04-15 21:01:24.043671;1162;Belo Horizonte;Lucas Bernardo;Teclado;Scott Tidwell;masculino;Boleto
2026-04-15 21:49:25.191742;1163;Porto Alegre;André Lima;Cadeira;Melvin Alexander;masculino;Boleto
2026-04-15 21:56:27.342385;1164;Rio de Janeiro;Stephanie Riga;Teclado;Dawn Jackson;feminino;Pix
2026-04-16 18:20:24.091708;1165;São Paulo;Maria Antonia;Cadeira;Bradford Iozzi;masculino;Boleto
2026-04-16 20:14:19.826859;1166;Porto Alegre;Diego Costa;Teclado;John Wise;masculino;Cartão de Crédito
2026-04-16 20:50:21.564125;1167;Belo Horizonte;Eduardo Silva;Mouse;Betty Israel;feminino;Cartão de Crédito
2026-04-16 20:54:24.863881;1168;Rio de Janeiro;Ricardo Bonfim;Monitor;Bernice Byrd;feminino;Cartão de Crédito
2026-04-16 22:11:28.251336;1169;São Paulo;Pedro Almeida;Monitor;Joe Lathrop;masculino;Boleto
2026-04-17 00:02:20.945620;1170;Florianópolis;Rafaela Alves;Monitor;Nadine Hoy;feminino;Cartão de Crédito
2026-04-17 15:47:28.450047;1171;Salvador;Elias Damasco;Notebook;Kim Dyer;feminino;Pix
2026-04-17 15:55:22.661788;1172;Belo Horizonte;Lucas Bernardo;Mouse;Frederick Ogden;masculino;Cartão de Crédito
2026-04-17 16:08:25.292762;1173;Belo Horizonte;Paola Luz;Notebook;Rex Peres;masculino;Cartão de Débito
2026-04-17 19:50:19.276008;1174;Belo Horizonte;Paola Luz;Celular;Dustin Delgado;masculino;Pix
2026-04-17 20:32:17.490153;1175;Florianópolis;José Elias;Teclado;Ruby Magyar;feminino;Boleto
2026-04-18 15:11:20.013159;1176;Rio de Janeiro;Stephanie Riga;Celular;Dorothy Eagle;feminino;Boleto
2026-04-18 20:46:25.694409;1177;Salvador;Elias Damasco;Teclado;Ursula Simms;feminino;Cartão de Débito
2026-04-18 21:59:23.679674;1178;Rio de Janeiro;Juliana Bonde;Mouse;Lawrence Vogel;masculino;Cartão de Débito
2026-04-18 22:27:21.346419;1179;São Paulo;João Marcos;Mouse;Jennifer Lewis;feminino;Pix
2026-04-18 23:39:26.049170;1180;Porto Alegre;Diego Costa;Monitor;Alan Prince;masculino;Boleto
2026-04-19 01:03:25.145470;1181;Rio de Janeiro;Juliana Bonde;Mouse;James Coffman;masculino;Cartão de Débito
2026-04-19 14:18:23.452535;1182;Florianópolis;José Elias;Notebook;Allen Shierling;masculino;Dinheiro
2026-04-19 14:48:24.966971;1183;Belo Horizonte;Lucas Bernardo;Notebook;Laurie Galbo;feminino;Boleto
2026-04-19 22:00:27.588165;1184;Belo Horizonte;Eduardo Silva;Celular;David Dowlin;masculino;Boleto
2026-04-20 15:24:22.664597;1185;Salvador;Pedro Alves;Notebook;Robin Blake;feminino;Boleto
2026-04-20 15:37:23.222051;1186;Salvador;Pedro Alves;Monitor;Lennie Reid;feminino;Boleto
2026-04-20 16:01:21.215317;1187;São Paulo;Maria Antonia;Notebook;William Nunes;masculino;Boleto
2026-04-20 16:20:28.031328;1188;Rio de Janeiro;Stephanie Riga;Monitor;Jennifer Lewis;feminino;Cartão de Crédito
2026-04-20 16:50:17.768045;1189;Rio de Janeiro;Stephanie Riga;Notebook;Lorna Ridling;feminino;Dinheiro
2026-04-20 19:45:23.190966;1190;Florianópolis;José Elias;Monitor;Dianne Jefferson;feminino;Cartão de Débito
2026-04-20 20:37:26.754065;1191;Porto Alegre;André Lima;Teclado;Danielle Rieger;feminino;Cartão de Crédito
2026-04-21 17:48:21.954178;1192;Rio de Janeiro;Juliana Bonde;Celular;Darryl Swanson;masculino;Cartão de Débito
2026-04-21 19:13:22.119472;1193;São Paulo;João Marcos;Mouse;Charlotte Pierce;feminino;Boleto
2026-04-21 19:31:22.938837;1194;Florianópolis;Rafaela Alves;Cadeira;Jason Barry;masculino;Dinheiro
2026-04-21 20:24:19.799734;1195;Salvador;Viviane Souza;Mouse;Wilma Biller;feminino;Pix
2026-04-21 21:10:24.013605;1196;Florianópolis;José Elias;Celular;Brian Esquivel;masculino;Cartão de Débito
2026-04-21 22:04:25.283019;1197;Florianópolis;Rafaela Alves;Celular;Robert Davis;masculino;Cartão de Débito
2026-04-21 22:43:23.973190;1198;Belo Horizonte;Lucas Bernardo;Monitor;Jennie Walker;feminino;Dinheiro
2026-04-21 23:39:26.057616;1199;Belo Horizonte;Paola Luz;Celular;Lucien Taylor;masculino;Cartão de Débito
2026-04-21 23:57:23.669340;1200;Rio de Janeiro;Juliana Bonde;Mouse;Shauna Jones;feminino;Cartão de Crédito
2026-04-22 16:25:21.664292;1201;Belo Horizonte;Lucas Bernardo;Celular;Aldo Salinas;masculino;Boleto
2026-04-22 18:30:27.076529;1202;Rio de Janeiro;Juliana Bonde;Mouse;Patrick Floyd;masculino;Cartão de Crédito
2026-04-23 15:36:23.312773;1203;Belo Horizonte;Eduardo Silva;Monitor;Diego Marion;masculino;Cartão de Crédito
2026-04-23 15:58:22.222339;1204;Salvador;Viviane Souza;Notebook;Ana Clark;feminino;Dinheiro
2026-04-23 16:13:18.701036;1205;Rio de Janeiro;Stephanie Riga;Teclado;Edward Sarette;masculino;Pix
2026-04-23 18:58:26.996109;1206;Rio de Janeiro;Juliana Bonde;Mouse;Lisa Albertson;feminino;Dinheiro
2026-04-23 22:24:22.458593;1207;Porto Alegre;Breno Antônio;Cadeira;Richard Mcquistion;masculino;Dinheiro
2026-04-24 15:46:24.738359;1208;São Paulo;João Marcos;Teclado;Micheal Sanchez;masculino;Cartão de Crédito
2026-04-24 16:23:29.195453;1209;Florianópolis;Rafaela Alves;Teclado;Kristina Williams;feminino;Cartão de Débito
2026-04-24 17:19:22.239459;1210;São Paulo;Maria Antonia;Monitor;Kathy Ford;feminino;Cartão de Crédito
2026-04-24 17:29:18.916157;1211;Salvador;Pedro Alves;Cadeira;Heather Young;feminino;Cartão de Débito
2026-04-24 18:20:27.079540;1212;Belo Horizonte;Lucas Bernardo;Monitor;Cindy Wallace;feminino;Dinheiro
2026-04-24 18:39:24.655305;1213;São Paulo;João Marcos;Celular;Michael Beauregard;masculino;Boleto
2026-04-24 18:52:22.353828;1214;Belo Horizonte;Paola Luz;Mouse;Edna Gonzalez;feminino;Dinheiro
2026-04-24 19:44:25.953529;1215;Belo Horizonte;Eduardo Silva;Teclado;Brittany Berthelette;feminino;Cartão de Crédito
2026-04-24 19:50:28.443194;1216;Florianópolis;José Elias;Mouse;Brittany Wicker;feminino;Boleto
2026-04-24 20:38:28.255155;1217;São Paulo;Pedro Almeida;Celular;Toby Moore;feminino;Cartão de Débito
2026-04-24 20:49:27.536192;1218;Florianópolis;Rafaela Alves;Notebook;Jeanna Bertoni;feminino;Cartão de Débito
2026-04-24 21:18:18.456299;1219;Porto Alegre;Diego Costa;Monitor;Jenny Kraft;feminino;Cartão de Crédito
2026-04-24 21:26:21.662417;1220;Florianópolis;José Elias;Notebook;Nancy Burt;feminino;Dinheiro
2026-04-25 16:14:25.142169;1221;São Paulo;Maria Antonia;Mouse;Julie Angle;feminino;Cartão de Débito
2026-04-25 17:21:27.498942;1222;Porto Alegre;Diego Costa;Monitor;Karen Burris;feminino;Boleto
2026-04-25 19:05:22.154323;1223;São Paulo;Maria Antonia;Notebook;Teresa Call;feminino;Boleto
2026-04-25 20:37:19.400625;1224;Florianópolis;José Elias;Notebook;Yolanda Espinoza;feminino;Cartão de Débito
2026-04-25 23:59:21.202468;1225;São Paulo;Maria Antonia;Notebook;Max Cooper;masculino;Dinheiro
2026-04-26 14:26:26.312571;1226;Rio de Janeiro;Juliana Bonde;Cadeira;Dave Moreno;masculino;Boleto
2026-04-26 20:21:27.499914;1227;Porto Alegre;Breno Antônio;Notebook;Jeannie Brown;feminino;Cartão de Crédito
2026-04-26 22:04:21.319908;1228;Rio de Janeiro;Juliana Bonde;Teclado;Janice Smithson;feminino;Cartão de Crédito
2026-04-27 00:37:23.759413;1229;Salvador;Pedro Alves;Monitor;Elaine Shields;feminino;Cartão de Débito
2026-04-27 16:07:24.043224;1230;Florianópolis;José Elias;Teclado;Stuart Bennett;masculino;Cartão de Débito
2026-04-27 18:36:23.121667;1231;Rio de Janeiro;Stephanie Riga;Celular;Carl Acres;masculino;Boleto
2026-04-27 19:43:25.730752;1232;Rio de Janeiro;Ricardo Bonfim;Mouse;Brian Williams;masculino;Cartão de Débito
2026-04-27 19:45:20.461541;1233;Salvador;Elias Damasco;Teclado;David Cox;masculino;Dinheiro
2026-04-27 22:56:29.049161;1234;Belo Horizonte;Lucas Bernardo;Monitor;John Roldan;masculino;Cartão de Crédito
2026-04-28 16:31:21.177661;1235;Salvador;Elias Damasco;Celular;Jeanne Rager;feminino;Dinheiro
2026-04-28 18:27:18.581450;1236;Porto Alegre;André Lima;Celular;Betty Raterman;feminino;Cartão de Crédito
2026-04-28 21:08:25.411802;1237;Belo Horizonte;Lucas Bernardo;Teclado;Donald Williams;masculino;Cartão de Crédito
2026-04-29 14:27:26.207905;1238;São Paulo;Pedro Almeida;Teclado;Edith Micucci;feminino;Pix
2026-04-29 15:21:27.051011;1239;Florianópolis;José Elias;Monitor;Rigoberto Roy;masculino;Pix
2026-04-29 15:24:29.127599;1240;São Paulo;Pedro Almeida;Monitor;Helen Britton;feminino;Boleto
2026-04-29 22:02:19.749433;1241;Florianópolis;Rafaela Alves;Notebook;Nancy Kelley;feminino;Cartão de Débito
2026-04-29 22:46:18.635329;1242;Salvador;Elias Damasco;Monitor;Leslie Dalton;masculino;Dinheiro
2026-04-30 00:26:22.898595;1243;Florianópolis;Paulo André;Celular;Bryan Mcneil;masculino;Dinheiro
2026-04-30 15:57:24.488272;1244;São Paulo;Maria Antonia;Cadeira;Ronald Alexander;masculino;Boleto
2026-04-30 19:32:24.296253;1245;Salvador;Elias Damasco;Cadeira;Verna Schantz;feminino;Pix
2026-04-30 20:19:24.015320;1246;Salvador;Pedro Alves;Celular;Jason Westerlund;masculino;Cartão de Crédito
2026-04-30 22:05:18.922934;1247;Porto Alegre;André Lima;Cadeira;Willie Johansen;masculino;Pix
2026-04-30 23:32:18.637622;1248;São Paulo;Maria Antonia;Notebook;Carrie Duffie;feminino;Dinheiro
2026-04-30 23:38:22.004693;1249;Salvador;Pedro Alves;Celular;Maryann Pilkington;feminino;Cartão de Crédito
2026-05-01 15:27:23.889509;1250;Florianópolis;Paulo André;Mouse;James Brown;masculino;Cartão de Débito
2026-05-01 16:01:24.958766;1251;Florianópolis;José Elias;Mouse;Vera Spataro;feminino;Pix
2026-05-01 17:16:21.327835;1252;Rio de Janeiro;Ricardo Bonfim;Mouse;Juanita Podesta;feminino;Boleto
2026-05-02 00:00:17.694624;1253;Belo Horizonte;Lucas Bernardo;Celular;Jennifer Carr;feminino;Dinheiro
2026-05-02 01:04:17.720773;1254;São Paulo;Maria Antonia;Monitor;Mario Crespino;masculino;Boleto
2026-05-02 16:25:28.856363;1255;Porto Alegre;Diego Costa;Cadeira;Barbara Youngblood;feminino;Cartão de Crédito
2026-05-02 16:42:23.325077;1256;Florianópolis;Rafaela Alves;Teclado;Jose Mcgrath;masculino;Boleto
2026-05-02 18:20:23.356266;1257;Florianópolis;Paulo André;Cadeira;Joyce Walker;feminino;Boleto
2026-05-02 18:36:27.058622;1258;Salvador;Viviane Souza;Notebook;Eva Heichel;feminino;Cartão de Débito
2026-05-02 21:45:23.858116;1259;Rio de Janeiro;Juliana Bonde;Notebook;Carole Hogan;feminino;Cartão de Crédito
2026-05-03 14:34:23.492774;1260;Florianópolis;Rafaela Alves;Teclado;Lyndia Hershberger;feminino;Cartão de Crédito
2026-05-03 16:50:24.047817;1261;Rio de Janeiro;Juliana Bonde;Monitor;Douglas Kee;masculino;Pix
2026-05-03 18:09:27.476777;1262;Porto Alegre;Breno Antônio;Notebook;Star Davidson;feminino;Dinheiro
2026-05-03 18:22:23.097724;1263;Porto Alegre;Breno Antônio;Notebook;Sherry Amann;feminino;Cartão de Crédito
2026-05-03 18:36:25.905979;1264;Belo Horizonte;Paola Luz;Notebook;Alyse Gomez;feminino;Boleto
2026-05-03 19:38:28.066428;1265;Rio de Janeiro;Stephanie Riga;Monitor;Deborah Goodman;feminino;Pix
2026-05-03 20:47:22.198621;1266;Porto Alegre;Breno Antônio;Notebook;Robert Boyd;masculino;Pix
2026-05-03 23:56:28.845519;1267;Rio de Janeiro;Ricardo Bonfim;Mouse;Pamela Potter;feminino;Pix
2026-05-04 00:10:17.551368;1268;Porto Alegre;André Lima;Celular;Imelda Young;feminino;Cartão de Débito
2026-05-04 00:14:22.389274;1269;Florianópolis;José Elias;Mouse;Mark Hoag;masculino;Boleto
2026-05-04 23:07:23.982491;1270;São Paulo;Maria Antonia;Teclado;Orlando Adamson;masculino;Pix
2026-05-04 23:18:21.968763;1271;Florianópolis;Rafaela Alves;Cadeira;Teddy Brady;masculino;Dinheiro
2026-05-05 15:12:22.854318;1272;Rio de Janeiro;Stephanie Riga;Notebook;Ethel Treinen;feminino;Pix
2026-05-05 15:54:23.224160;1273;Salvador;Pedro Alves;Teclado;Anna Cearley;feminino;Dinheiro
2026-05-05 16:35:17.798692;1274;Rio de Janeiro;Stephanie Riga;Teclado;Mary Aubert;feminino;Cartão de Débito
2026-05-05 17:17:28.871407;1275;Salvador;Pedro Alves;Teclado;Joni Alexander;feminino;Pix
2026-05-05 19:11:28.076832;1276;Rio de Janeiro;Ricardo Bonfim;Notebook;Jason Tanimoto;masculino;Cartão de Débito
2026-05-05 20:47:26.008771;1277;Belo Horizonte;Paola Luz;Mouse;Rick Taylor;masculino;Dinheiro
2026-05-05 22:55:27.002049;1278;Belo Horizonte;Lucas Bernardo;Monitor;Melissa Schreckengost;feminino;Boleto
2026-05-05 23:33:21.640191;1279;Belo Horizonte;Lucas Bernardo;Mouse;Patricia Mcgee;feminino;Dinheiro
2026-05-06 00:04:21.318829;1280;Belo Horizonte;Lucas Bernardo;Monitor;Vicki Wang;feminino;Pix
2026-05-06 00:11:29.125696;1281;Belo Horizonte;Lucas Bernardo;Mouse;Edward Johnson;masculino;Cartão de Débito
2026-05-06 16:52:22.616786;1282;Rio de Janeiro;Stephanie Riga;Notebook;Dolores Davis;feminino;Dinheiro
2026-05-06 22:12:26.482608;1283;Porto Alegre;Breno Antônio;Notebook;Lewis Ausmus;masculino;Cartão de Crédito
2026-05-06 23:42:29.210970;1284;Belo Horizonte;Lucas Bernardo;Cadeira;Judy Kelley;feminino;Boleto
2026-05-07 15:34:23.895156;1285;Belo Horizonte;Eduardo Silva;Notebook;Joyce Magnuson;feminino;Boleto
2026-05-07 16:32:17.095095;1286;Florianópolis;Paulo André;Teclado;Dustin Payne;masculino;Boleto
2026-05-07 17:20:28.346148;1287;Belo Horizonte;Eduardo Silva;Celular;Gabriela Bieber;feminino;Pix
2026-05-07 17:45:29.161887;1288;Rio de Janeiro;Ricardo Bonfim;Monitor;Dennis Natcher;masculino;Pix
2026-05-07 19:37:26.531900;1289;Porto Alegre;André Lima;Cadeira;Leigh Perez;feminino;Cartão de Crédito
2026-05-07 20:12:22.209534;1290;Salvador;Elias Damasco;Teclado;Jerome Smith;masculino;Boleto
2026-05-07 21:04:23.680887;1291;Salvador;Pedro Alves;Cadeira;Valerie Winkler;feminino;Pix
2026-05-08 00:11:28.101390;1292;Porto Alegre;Breno Antônio;Cadeira;Gerald Ramirez;masculino;Pix
2026-05-08 14:31:28.652690;1293;Belo Horizonte;Lucas Bernardo;Teclado;Walter Walling;masculino;Dinheiro
2026-05-08 14:37:20.058690;1294;Porto Alegre;André Lima;Monitor;James Sparks;masculino;Pix
2026-05-08 16:54:19.821459;1295;São Paulo;João Marcos;Mouse;Amanda Lopes;feminino;Dinheiro
2026-05-08 19:25:22.223159;1296;São Paulo;Pedro Almeida;Mouse;Camilla Mcgregor;feminino;Pix
2026-05-08 19:34:23.911867;1297;Belo Horizonte;Lucas Bernardo;Teclado;Teresa Campbell;feminino;Pix
2026-05-08 19:39:20.685148;1298;Rio de Janeiro;Juliana Bonde;Celular;Steven Coachman;masculino;Boleto
2026-05-08 20:49:25.119834;1299;Florianópolis;Paulo André;Monitor;Alice Robinson;feminino;Pix
2026-05-08 22:40:27.951917;1300;São Paulo;João Marcos;Teclado;Ellen Stewart;feminino;Pix
2026-05-09 16:37:23.550157;1301;Salvador;Elias Damasco;Celular;Cory Mcguiness;masculino;Cartão de Débito
2026-05-09 16:57:26.991568;1302;Florianópolis;Paulo André;Cadeira;Martha Wiggins;feminino;Dinheiro
2026-05-09 22:33:21.315969;1303;São Paulo;Pedro Almeida;Monitor;Gerald Lucas;masculino;Cartão de Crédito
2026-05-09 23:28:19.266706;1304;Porto Alegre;Breno Antônio;Cadeira;Dorothy Walter;feminino;Boleto
2026-05-10 14:41:24.864449;1305;Salvador;Viviane Souza;Celular;Martha Forand;feminino;Cartão de Débito
2026-05-10 20:40:19.266125;1306;São Paulo;Pedro Almeida;Notebook;Diana Cooper;feminino;Boleto
2026-05-11 16:18:19.366005;1307;São Paulo;João Marcos;Mouse;Willie Calogero;masculino;Cartão de Crédito
2026-05-11 21:11:21.898280;1308;Rio de Janeiro;Ricardo Bonfim;Cadeira;Benjamin Vanwassenhove;masculino;Cartão de Débito
2026-05-11 21:33:24.293977;1309;Florianópolis;Paulo André;Mouse;Kevin Earle;masculino;Dinheiro
2026-05-12 01:10:18.881736;1310;Salvador;Pedro Alves;Notebook;Harvey Bradley;masculino;Pix
2026-05-12 14:15:23.579206;1311;Florianópolis;Paulo André;Notebook;Michael Hartley;masculino;Dinheiro
2026-05-12 14:43:29.103409;1312;São Paulo;Maria Antonia;Monitor;Donna Mcpherson;feminino;Dinheiro
2026-05-12 16:33:17.960635;1313;Rio de Janeiro;Juliana Bonde;Mouse;Georgia Manion;feminino;Cartão de Débito
2026-05-12 18:52:22.158018;1314;Florianópolis;José Elias;Mouse;Sandra Teal;feminino;Cartão de Crédito
2026-05-12 19:10:21.020987;1315;Rio de Janeiro;Stephanie Riga;Cadeira;Corliss Odell;feminino;Dinheiro
2026-05-12 20:51:28.851361;1316;Belo Horizonte;Eduardo Silva;Cadeira;Silvia Thomas;feminino;Cartão de Crédito
2026-05-12 21:01:28.621056;1317;São Paulo;João Marcos;Mouse;Cleo Johnson;masculino;Pix
2026-05-12 21:25:24.137113;1318;Florianópolis;Paulo André;Mouse;Vernon White;masculino;Boleto
2026-05-12 21:35:20.232897;1319;Rio de Janeiro;Ricardo Bonfim;Cadeira;Paul Burch;masculino;Cartão de Débito
2026-05-13 00:08:18.044784;1320;São Paulo;João Marcos;Monitor;David Gonzales;masculino;Boleto
2026-05-13 01:01:27.115507;1321;Porto Alegre;Diego Costa;Monitor;Charles Shaver;masculino;Cartão de Crédito
2026-05-13 15:56:24.162280;1322;Florianópolis;Rafaela Alves;Mouse;Anne Oconnor;feminino;Cartão de Débito
2026-05-13 16:21:23.756342;1323;Rio de Janeiro;Ricardo Bonfim;Mouse;Preston Hudson;masculino;Cartão de Crédito
2026-05-13 16:21:25.874251;1324;Florianópolis;José Elias;Monitor;David Avant;masculino;Boleto
2026-05-13 16:34:26.270622;1325;Florianópolis;Paulo André;Teclado;Gina Lanzo;feminino;Cartão de Crédito
2026-05-13 20:52:24.658272;1326;Porto Alegre;André Lima;Celular;Johnnie Rojas;feminino;Pix
2026-05-13 23:40:24.926349;1327;Rio de Janeiro;Ricardo Bonfim;Monitor;Michael Vidinha;masculino;Cartão de Débito
2026-05-14 19:14:19.209541;1328;Belo Horizonte;Lucas Bernardo;Notebook;Ruth Ornelas;feminino;Cartão de Crédito
2026-05-14 19:36:28.400007;1329;Belo Horizonte;Lucas Bernardo;Celular;Mark Moorhouse;masculino;Pix
2026-05-14 22:00:21.347366;1330;Belo Horizonte;Eduardo Silva;Cadeira;Kathleen Bramlet;feminino;Cartão de Crédito
2026-05-15 18:36:26.532873;1331;Salvador;Viviane Souza;Teclado;James Vachon;masculino;Pix
2026-05-15 21:47:24.050707;1332;Rio de Janeiro;Ricardo Bonfim;Notebook;Kevin Travis;masculino;Pix
2026-05-15 23:17:25.730194;1333;Salvador;Pedro Alves;Cadeira;Catherine Lyons;feminino;Cartão de Débito
2026-05-16 14:13:20.419977;1334;Florianópolis;Rafaela Alves;Mouse;Alton Mayweather;masculino;Cartão de Débito
2026-05-16 16:19:28.494372;1335;Porto Alegre;André Lima;Notebook;Emily Hipple;feminino;Dinheiro
2026-05-16 18:40:26.031805;1336;Florianópolis;Rafaela Alves;Notebook;Issac Johnson;masculino;Cartão de Débito
2026-05-16 23:21:22.667254;1337;Florianópolis;Paulo André;Cadeira;Walter Morriss;masculino;Dinheiro
2026-05-17 15:41:19.213427;1338;Salvador;Elias Damasco;Monitor;Betty Brown;feminino;Pix
2026-05-17 22:53:28.249823;1339;Salvador;Elias Damasco;Cadeira;Samuel Smith;masculino;Cartão de Crédito
2026-05-18 15:48:21.970369;1340;Belo Horizonte;Lucas Bernardo;Monitor;Mandy Lincourt;feminino;Dinheiro
2026-05-18 16:47:28.473978;1341;Florianópolis;Paulo André;Cadeira;William Rosol;masculino;Cartão de Débito
2026-05-18 20:44:20.755558;1342;Salvador;Pedro Alves;Notebook;Lorraine Wynne;feminino;Cartão de Débito
2026-05-18 20:44:26.959378;1343;São Paulo;João Marcos;Celular;Dorothy Gibson;feminino;Cartão de Débito
2026-05-18 21:14:24.769994;1344;Florianópolis;Paulo André;Cadeira;Gloria Blair;feminino;Boleto
2026-05-18 22:36:22.286158;1345;Belo Horizonte;Eduardo Silva;Teclado;Chad Valle;masculino;Dinheiro
2026-05-19 15:48:29.006988;1346;Salvador;Viviane Souza;Notebook;Ramonita Lawrence;feminino;Boleto
2026-05-19 16:09:25.719332;1347;Salvador;Elias Damasco;Teclado;Amanda Mcclain;feminino;Cartão de Débito
2026-05-19 19:49:24.630672;1348;Salvador;Elias Damasco;Notebook;Samatha Murphy;feminino;Dinheiro
2026-05-19 21:20:17.335431;1349;Florianópolis;Rafaela Alves;Teclado;Adam Torres;masculino;Cartão de Débito
2026-05-20 16:42:27.079081;1350;Porto Alegre;Diego Costa;Monitor;Rebecca Henderson;feminino;Cartão de Crédito
2026-05-20 19:08:19.677771;1351;Rio de Janeiro;Juliana Bonde;Cadeira;Jorge Rogers;masculino;Dinheiro
2026-05-20 21:36:19.975515;1352;Rio de Janeiro;Stephanie Riga;Celular;Marx Skelly;feminino;Cartão de Débito
2026-05-20 21:58:24.163761;1353;Porto Alegre;Diego Costa;Celular;Emily Novak;feminino;Cartão de Débito
2026-05-20 23:02:28.069787;1354;Belo Horizonte;Lucas Bernardo;Teclado;Natasha Parker;feminino;Dinheiro
2026-05-20 23:11:23.284343;1355;Florianópolis;José Elias;Monitor;John Erway;masculino;Dinheiro
2026-05-20 23:30:23.662825;1356;Salvador;Pedro Alves;Teclado;Carl Miles;masculino;Dinheiro
2026-05-21 00:44:28.611650;1357;Belo Horizonte;Lucas Bernardo;Notebook;Wade Cosby;masculino;Boleto
2026-05-21 16:23:25.571112;1358;Porto Alegre;André Lima;Notebook;Jessica Elfrink;feminino;Cartão de Débito
2026-05-21 17:40:28.158453;1359;Salvador;Pedro Alves;Cadeira;Tammie Hoffman;feminino;Boleto
2026-05-21 18:53:20.367880;1360;Salvador;Viviane Souza;Monitor;Michelle Long;feminino;Pix
2026-05-21 20:39:23.520720;1361;Belo Horizonte;Eduardo Silva;Cadeira;Elizabeth Brown;feminino;Dinheiro
2026-05-21 23:57:21.989833;1362;São Paulo;João Marcos;Celular;Brian Goodwin;masculino;Dinheiro
2026-05-22 00:50:20.598996;1363;São Paulo;João Marcos;Teclado;Wayne Gartner;masculino;Boleto
2026-05-22 15:03:26.610999;1364;São Paulo;João Marcos;Celular;Joseph Norris;masculino;Dinheiro
2026-05-22 18:29:27.199358;1365;Florianópolis;Paulo André;Mouse;Saundra Demaire;feminino;Cartão de Débito
2026-05-22 21:10:27.844680;1366;Belo Horizonte;Eduardo Silva;Celular;Sandra Hewitt;feminino;Pix
2026-05-22 21:27:18.322208;1367;Belo Horizonte;Eduardo Silva;Mouse;Amber Thompson;feminino;Cartão de Crédito
2026-05-23 00:51:27.851363;1368;Florianópolis;José Elias;Celular;Mona Medders;feminino;Pix
2026-05-23 18:30:22.010414;1369;São Paulo;Pedro Almeida;Monitor;Annette Lux;feminino;Boleto
2026-05-23 21:09:26.902852;1370;São Paulo;Maria Antonia;Notebook;Mary Smith;feminino;Cartão de Débito
2026-05-23 23:43:24.741814;1371;Florianópolis;Paulo André;Mouse;Kathleen Marshall;feminino;Dinheiro
2026-05-24 21:46:20.397961;1372;Florianópolis;Paulo André;Monitor;Robert Cunningham;masculino;Cartão de Crédito
2026-05-24 23:21:28.692738;1373;Salvador;Elias Damasco;Teclado;Jessica Mcdonald;feminino;Cartão de Crédito
2026-05-25 00:22:26.903072;1374;Florianópolis;José Elias;Mouse;Keith Wolley;masculino;Pix
2026-05-25 01:07:19.395783;1375;Belo Horizonte;Lucas Bernardo;Mouse;Sylvia Nash;feminino;Pix
2026-05-25 16:45:18.906924;1376;Florianópolis;Paulo André;Celular;Joyce Coleman;feminino;Dinheiro
2026-05-25 18:11:26.901541;1377;São Paulo;Maria Antonia;Mouse;Alexis Brown;feminino;Cartão de Crédito
2026-05-25 18:21:24.831475;1378;Belo Horizonte;Paola Luz;Celular;Susan Otero;feminino;Dinheiro
2026-05-25 18:27:27.162400;1379;Belo Horizonte;Eduardo Silva;Teclado;Ronald Sortore;masculino;Cartão de Débito
2026-05-25 21:18:24.059582;1380;Rio de Janeiro;Juliana Bonde;Mouse;Lavonne Gillispie;feminino;Pix
2026-05-25 22:04:17.445266;1381;São Paulo;João Marcos;Cadeira;Candida Green;feminino;Boleto
2026-05-26 00:47:25.588930;1382;Rio de Janeiro;Stephanie Riga;Mouse;Gerald Santiago;masculino;Boleto
2026-05-26 00:57:25.945702;1383;São Paulo;João Marcos;Celular;Susan Goss;feminino;Dinheiro
2026-05-26 15:26:24.925309;1384;Salvador;Pedro Alves;Notebook;Forest Reed;masculino;Cartão de Crédito
2026-05-26 16:18:17.448199;1385;Belo Horizonte;Paola Luz;Teclado;Theresa Jenkins;feminino;Cartão de Débito
2026-05-26 16:20:26.468498;1386;Florianópolis;José Elias;Monitor;Jorge Whitlatch;masculino;Boleto
2026-05-26 17:37:26.503812;1387;São Paulo;Pedro Almeida;Monitor;Aaron Chavez;masculino;Cartão de Crédito
2026-05-26 17:44:25.186958;1388;Porto Alegre;Diego Costa;Notebook;Meghan Stanley;feminino;Boleto
2026-05-26 17:55:25.278543;1389;São Paulo;Pedro Almeida;Mouse;Chad Nixon;masculino;Dinheiro
2026-05-27 15:19:20.393228;1390;Rio de Janeiro;Juliana Bonde;Monitor;Hannah Burr;feminino;Boleto
2026-05-27 16:00:22.901454;1391;São Paulo;Maria Antonia;Celular;Steven Huntley;masculino;Dinheiro
2026-05-27 22:26:24.652548;1392;Belo Horizonte;Eduardo Silva;Monitor;Doris Lamm;feminino;Dinheiro
2026-05-28 15:26:27.496976;1393;Rio de Janeiro;Ricardo Bonfim;Cadeira;Margaret Boyle;feminino;Pix
2026-05-28 15:36:27.365370;1394;São Paulo;Maria Antonia;Cadeira;Maria Cornell;feminino;Dinheiro
2026-05-28 15:46:21.965569;1395;Porto Alegre;Diego Costa;Monitor;Jennifer Martinez;feminino;Pix
2026-05-28 16:57:26.511331;1396;Florianópolis;Paulo André;Notebook;Richard Hilsinger;masculino;Cartão de Débito
2026-05-28 18:11:26.539835;1397;Salvador;Viviane Souza;Celular;Brittany Rowe;feminino;Boleto
2026-05-28 18:42:22.647026;1398;São Paulo;Maria Antonia;Cadeira;Donna Wood;feminino;Pix
2026-05-28 21:47:24.814915;1399;São Paulo;Maria Antonia;Notebook;Marjorie Smith;feminino;Dinheiro
2026-05-28 22:15:18.101922;1400;Salvador;Viviane Souza;Mouse;Paul Paskett;masculino;Cartão de Débito
2026-05-28 22:35:25.200568;1401;Florianópolis;Rafaela Alves;Cadeira;Lisa Kalar;feminino;Cartão de Débito
2026-05-29 19:10:24.738719;1402;São Paulo;Pedro Almeida;Celular;Ross Nance;masculino;Cartão de Crédito
2026-05-29 21:50:18.613278;1403;Porto Alegre;André Lima;Mouse;Darlene Conner;feminino;Dinheiro
2026-05-29 21:55:19.267430;1404;Porto Alegre;Breno Antônio;Notebook;Adrienne Whaley;feminino;Pix
2026-05-29 22:18:23.758004;1405;Belo Horizonte;Paola Luz;Cadeira;George Jones;masculino;Pix
2026-05-29 23:10:28.162384;1406;Porto Alegre;Diego Costa;Mouse;Joyce Mcqueen;feminino;Cartão de Débito
2026-05-30 01:08:22.331752;1407;Salvador;Viviane Souza;Cadeira;Christopher Wiedemann;masculino;Boleto
2026-05-30 21:22:26.312080;1408;Salvador;Elias Damasco;Celular;Carl Willis;masculino;Pix
2026-05-30 22:06:26.510687;1409;Rio de Janeiro;Juliana Bonde;Cadeira;Brandon Brown;masculino;Cartão de Crédito
2026-05-31 15:13:23.010076;1410;São Paulo;Pedro Almeida;Cadeira;Misty Figgs;feminino;Pix
2026-05-31 18:42:18.359540;1411;Belo Horizonte;Paola Luz;Notebook;Kathy Pease;feminino;Cartão de Débito
2026-05-31 19:24:29.102567;1412;Porto Alegre;André Lima;Mouse;Gail Washington;feminino;Dinheiro
2026-05-31 19:33:19.172080;1413;Rio de Janeiro;Stephanie Riga;Monitor;Luther Woode;masculino;Pix
2026-05-31 21:37:26.193867;1414;Porto Alegre;Breno Antônio;Mouse;Charles Cocklin;masculino;Cartão de Débito
2026-06-01 00:51:25.191300;1415;Rio de Janeiro;Juliana Bonde;Cadeira;Nathaniel Gordon;masculino;Cartão de Crédito
2026-06-01 15:00:18.459637;1416;Florianópolis;Paulo André;Cadeira;John Henderson;masculino;Pix
2026-06-01 15:02:17.481480;1417;Florianópolis;José Elias;Mouse;Maria Hager;feminino;Cartão de Débito
2026-06-02 16:34:21.675753;1418;Rio de Janeiro;Stephanie Riga;Celular;Helen Janeway;feminino;Cartão de Débito
2026-06-02 17:06:17.336360;1419;Rio de Janeiro;Stephanie Riga;Celular;Allen Vinson;masculino;Pix
2026-06-02 17:45:21.654922;1420;Belo Horizonte;Lucas Bernardo;Notebook;Jacqueline Swanner;feminino;Dinheiro
2026-06-02 21:34:17.663580;1421;Florianópolis;Paulo André;Monitor;James Findley;masculino;Cartão de Crédito
2026-06-03 15:51:23.355649;1422;Rio de Janeiro;Juliana Bonde;Celular;Andre Lewis;masculino;Cartão de Débito
2026-06-03 20:28:21.317045;1423;Rio de Janeiro;Ricardo Bonfim;Monitor;Ronald Delacruz;masculino;Cartão de Crédito
2026-06-03 23:05:26.380270;1424;Salvador;Viviane Souza;Teclado;Mary Mcdowell;feminino;Cartão de Débito
2026-06-04 18:11:27.950432;1425;Rio de Janeiro;Juliana Bonde;Teclado;Emily Doyle;feminino;Boleto
2026-06-04 21:15:21.156836;1426;Rio de Janeiro;Juliana Bonde;Mouse;Mary Humphries;feminino;Pix
2026-06-04 22:02:18.817433;1427;Belo Horizonte;Eduardo Silva;Notebook;Katy Tejeda;feminino;Boleto
2026-06-04 23:02:22.681687;1428;Rio de Janeiro;Ricardo Bonfim;Teclado;James Laskoski;masculino;Cartão de Débito
2026-06-04 23:08:18.765609;1429;Salvador;Elias Damasco;Notebook;Kari Scott;feminino;Cartão de Débito
2026-06-04 23:19:22.059332;1430;Salvador;Elias Damasco;Monitor;Rose Hawley;feminino;Dinheiro
2026-06-05 15:06:18.816735;1431;Belo Horizonte;Eduardo Silva;Cadeira;Tyler Newman;masculino;Dinheiro
2026-06-05 16:52:27.476287;1432;Rio de Janeiro;Ricardo Bonfim;Mouse;Patrick Lee;masculino;Boleto
2026-06-05 17:52:18.815762;1433;Porto Alegre;Diego Costa;Teclado;Amy Rodriguez;feminino;Dinheiro
2026-06-05 18:21:26.479098;1434;São Paulo;Pedro Almeida;Notebook;Larry Searcy;masculino;Boleto
2026-06-05 18:51:24.080162;1435;Salvador;Elias Damasco;Celular;Howard Lovick;masculino;Cartão de Crédito
2026-06-05 19:01:25.178397;1436;Porto Alegre;André Lima;Monitor;Nina Hernandez;feminino;Pix
2026-06-05 19:39:18.208778;1437;São Paulo;João Marcos;Celular;Jeffrey Gatton;masculino;Cartão de Débito
2026-06-05 21:29:25.688226;1438;Florianópolis;José Elias;Monitor;Joshua Thompson;masculino;Pix
2026-06-05 21:41:27.080263;1439;Belo Horizonte;Lucas Bernardo;Teclado;Amy Taylor;feminino;Boleto
2026-06-05 21:47:25.696372;1440;Salvador;Viviane Souza;Celular;Denise Robinson;feminino;Cartão de Crédito
2026-06-05 23:11:28.031685;1441;Florianópolis;Rafaela Alves;Teclado;Jeffrey Leisure;masculino;Dinheiro
2026-06-05 23:25:23.491514;1442;Florianópolis;Paulo André;Celular;Brian Jones;masculino;Pix
2026-06-06 00:48:27.798724;1443;Belo Horizonte;Eduardo Silva;Celular;Justin Strong;masculino;Cartão de Débito
2026-06-06 15:54:23.182941;1444;São Paulo;Maria Antonia;Mouse;Elaine Johnson;feminino;Dinheiro
2026-06-06 18:38:24.051992;1445;Rio de Janeiro;Stephanie Riga;Celular;Jeremy Palmer;masculino;Cartão de Débito
2026-06-06 20:27:18.508676;1446;Florianópolis;Paulo André;Mouse;Francisco Bradley;masculino;Cartão de Débito
2026-06-06 20:53:21.292323;1447;São Paulo;João Marcos;Celular;Audrey Turner;feminino;Cartão de Crédito
2026-06-07 00:54:27.437541;1448;Florianópolis;José Elias;Teclado;Leeann Oconnell;feminino;Boleto
2026-06-07 16:34:18.565570;1449;Rio de Janeiro;Juliana Bonde;Notebook;Aurelio Shaffer;masculino;Cartão de Débito
2026-06-07 23:25:17.666333;1450;Salvador;Pedro Alves;Celular;Jamie Benedix;masculino;Dinheiro
2026-06-08 00:36:28.605873;1451;Belo Horizonte;Paola Luz;Mouse;Nina Soileau;feminino;Dinheiro
2026-06-08 15:18:20.463722;1452;Belo Horizonte;Paola Luz;Cadeira;Russell Wright;masculino;Pix
2026-06-08 15:57:23.135184;1453;Porto Alegre;Diego Costa;Mouse;Dean Mortensen;masculino;Cartão de Débito
2026-06-08 20:37:22.500748;1454;Belo Horizonte;Lucas Bernardo;Celular;Clara Sallee;feminino;Cartão de Crédito
2026-06-08 22:42:28.692312;1455;Belo Horizonte;Lucas Bernardo;Monitor;James Burns;masculino;Cartão de Crédito
2026-06-08 23:24:20.218444;1456;Belo Horizonte;Lucas Bernardo;Mouse;Annie Meza;feminino;Cartão de Crédito
2026-06-08 23:38:21.770512;1457;São Paulo;João Marcos;Notebook;Christina Ziolkowski;feminino;Cartão de Crédito
2026-06-09 00:31:20.418428;1458;Belo Horizonte;Paola Luz;Celular;Carmen Reese;feminino;Cartão de Crédito
2026-06-09 15:01:19.675757;1459;São Paulo;João Marcos;Celular;Alexandra Benavides;feminino;Pix
2026-06-09 16:23:19.483427;1460;Belo Horizonte;Lucas Bernardo;Teclado;Nicole Lendon;feminino;Dinheiro
2026-06-09 17:30:17.483356;1461;Porto Alegre;André Lima;Monitor;Timothy Araiza;masculino;Cartão de Débito
2026-06-09 18:44:24.052291;1462;Porto Alegre;Diego Costa;Cadeira;Sarah Mallard;feminino;Boleto
2026-06-09 19:04:25.513661;1463;Belo Horizonte;Paola Luz;Cadeira;Shasta Cosper;feminino;Pix
2026-06-09 19:50:20.442369;1464;Florianópolis;Paulo André;Celular;James Cornwell;masculino;Cartão de Crédito
2026-06-09 22:51:21.217525;1465;Porto Alegre;Diego Costa;Notebook;Sonya Reyes;feminino;Cartão de Crédito
2026-06-10 19:29:17.695106;1466;Salvador;Viviane Souza;Cadeira;Melissa Tuinstra;feminino;Cartão de Crédito
2026-06-10 19:58:29.131917;1467;Rio de Janeiro;Juliana Bonde;Notebook;Russell Briseno;masculino;Dinheiro
2026-06-11 15:24:17.864337;1468;Salvador;Pedro Alves;Mouse;Eugene Upton;masculino;Cartão de Crédito
2026-06-11 16:03:28.486162;1469;Salvador;Pedro Alves;Monitor;Sheila Jozwiak;feminino;Cartão de Crédito
2026-06-11 17:57:20.300685;1470;Salvador;Viviane Souza;Teclado;Kari Flores;feminino;Cartão de Débito
2026-06-11 19:07:23.059909;1471;Belo Horizonte;Lucas Bernardo;Notebook;Mary Fralin;feminino;Pix
2026-06-11 19:10:26.125813;1472;Belo Horizonte;Paola Luz;Cadeira;Micheal Perez;masculino;Pix
2026-06-11 19:23:27.650315;1473;Salvador;Viviane Souza;Monitor;Antonio Weinbauer;masculino;Pix
2026-06-12 21:02:18.699414;1474;São Paulo;Pedro Almeida;Notebook;Clarissa Rosario;feminino;Cartão de Crédito
2026-06-12 21:31:25.949168;1475;Rio de Janeiro;Ricardo Bonfim;Cadeira;Michael Natale;masculino;Cartão de Crédito
2026-06-12 21:40:25.601860;1476;Florianópolis;Rafaela Alves;Cadeira;Robert Boulos;masculino;Boleto
2026-06-13 14:17:25.328226;1477;Porto Alegre;Breno Antônio;Monitor;Bruce Reveles;masculino;Cartão de Débito
2026-06-13 17:49:22.665003;1478;São Paulo;João Marcos;Celular;Richard Ly;masculino;Boleto
2026-06-13 18:26:21.145353;1479;Salvador;Pedro Alves;Monitor;Elizabeth Brown;feminino;Boleto
2026-06-13 20:24:18.851025;1480;Belo Horizonte;Lucas Bernardo;Monitor;Sheila Whitt;feminino;Dinheiro
2026-06-13 21:02:28.397812;1481;Florianópolis;José Elias;Celular;Eula Bell;feminino;Boleto
2026-06-13 23:11:19.823510;1482;Salvador;Elias Damasco;Notebook;David Elkins;masculino;Cartão de Crédito
2026-06-14 15:11:28.071276;1483;Belo Horizonte;Lucas Bernardo;Teclado;Mary Flynn;feminino;Cartão de Crédito
2026-06-14 15:45:28.052892;1484;São Paulo;João Marcos;Cadeira;Christine Kennerly;feminino;Dinheiro
2026-06-14 17:02:22.156464;1485;Rio de Janeiro;Stephanie Riga;Cadeira;Dawn Boyce;feminino;Cartão de Débito
2026-06-14 19:40:20.618098;1486;Salvador;Pedro Alves;Celular;Henry Turberville;masculino;Cartão de Crédito
2026-06-14 21:53:28.030336;1487;Belo Horizonte;Eduardo Silva;Celular;Stanley Williams;masculino;Cartão de Crédito
2026-06-14 22:27:19.209046;1488;Florianópolis;Rafaela Alves;Cadeira;Joshua Hill;masculino;Cartão de Crédito
2026-06-15 00:41:29.005847;1489;São Paulo;Maria Antonia;Cadeira;Ethel Reyes;feminino;Cartão de Débito
2026-06-15 16:11:20.964843;1490;Belo Horizonte;Lucas Bernardo;Notebook;Robert Johnson;masculino;Pix
2026-06-15 16:11:28.027339;1491;Rio de Janeiro;Juliana Bonde;Teclado;Dora Noland;feminino;Cartão de Crédito
2026-06-15 17:30:28.815554;1492;Salvador;Pedro Alves;Monitor;Debra Lee;feminino;Boleto
2026-06-15 22:17:19.288659;1493;Belo Horizonte;Lucas Bernardo;Monitor;Antonio Perreira;masculino;Dinheiro
2026-06-15 22:29:25.662439;1494;Florianópolis;Rafaela Alves;Mouse;Jennifer Norman;feminino;Cartão de Crédito
2026-06-16 00:36:28.780536;1495;Rio de Janeiro;Ricardo Bonfim;Monitor;Eric Higdon;masculino;Cartão de Crédito
2026-06-16 16:26:17.876452;1496;Florianópolis;Paulo André;Notebook;Samuel Lau;masculino;Dinheiro
2026-06-16 20:04:27.894182;1497;São Paulo;Maria Antonia;Teclado;Robert Humphreys;masculino;Pix
2026-06-16 22:33:19.264623;1498;Belo Horizonte;Paola Luz;Mouse;Wanda Bowling;feminino;Cartão de Débito
2026-06-17 15:56:21.293560;1499;Florianópolis;Rafaela Alves;Notebook;Beverly Mcghee;feminino;Dinheiro
2026-06-17 17:05:18.580036;1500;Florianópolis;Paulo André;Teclado;Richard Johnson;masculino;Cartão de Débito
2026-06-17 17:20:27.360135;1501;Florianópolis;Paulo André;Cadeira;Gerald Haire;masculino;Boleto
2026-06-17 17:35:19.653419;1502;São Paulo;Maria Antonia;Cadeira;Randy Joy;masculino;Pix
2026-06-17 18:50:19.115818;1503;Porto Alegre;André Lima;Notebook;Melissa Dziuba;feminino;Boleto
2026-06-17 19:27:28.670918;1504;Florianópolis;Rafaela Alves;Mouse;Louise Shipps;feminino;Boleto
2026-06-17 20:22:23.109971;1505;Florianópolis;Rafaela Alves;Mouse;Sherri Elliott;feminino;Dinheiro
2026-06-17 21:39:18.563931;1506;Florianópolis;José Elias;Notebook;Rose Ybarra;feminino;Cartão de Débito
2026-06-17 22:01:21.105053;1507;Belo Horizonte;Eduardo Silva;Cadeira;Brenda Berryman;feminino;Cartão de Débito
2026-06-18 16:42:18.609771;1508;São Paulo;João Marcos;Teclado;Juan Smith;masculino;Cartão de Débito
2026-06-18 18:48:22.660474;1509;Belo Horizonte;Eduardo Silva;Teclado;Henry Gore;masculino;Dinheiro
2026-06-18 22:06:28.846478;1510;Florianópolis;Rafaela Alves;Celular;Thomas Beecher;masculino;Boleto
2026-06-18 22:35:20.337004;1511;Rio de Janeiro;Stephanie Riga;Celular;Alfred Metelus;masculino;Boleto
2026-06-19 00:03:25.696913;1512;Salvador;Pedro Alves;Celular;Merle Strickland;masculino;Dinheiro
2026-06-20 14:13:25.600951;1513;Florianópolis;Rafaela Alves;Cadeira;Jonathan Bates;masculino;Boleto
2026-06-20 14:57:18.413228;1514;Porto Alegre;André Lima;Notebook;Leslie Gohn;feminino;Pix
2026-06-20 16:50:28.342856;1515;Florianópolis;José Elias;Celular;Stephanie Herbert;feminino;Cartão de Crédito
2026-06-20 18:08:21.143386;1516;Salvador;Viviane Souza;Notebook;Ethel Childs;feminino;Cartão de Crédito
2026-06-20 18:09:18.905630;1517;Florianópolis;Paulo André;Teclado;Kathleen Knowles;feminino;Cartão de Crédito
2026-06-20 21:11:21.965878;1518;São Paulo;Pedro Almeida;Notebook;David Galvin;masculino;Dinheiro
2026-06-20 21:44:27.783372;1519;São Paulo;João Marcos;Cadeira;Mary Haggett;feminino;Cartão de Crédito
2026-06-20 23:05:20.548145;1520;Salvador;Viviane Souza;Teclado;Elizabeth Orduno;feminino;Cartão de Débito
2026-06-20 23:05:25.225821;1521;Salvador;Elias Damasco;Monitor;Amy Kintzer;feminino;Dinheiro
2026-06-21 00:15:25.713568;1522;Rio de Janeiro;Juliana Bonde;Notebook;Kym Shupe;feminino;Pix
2026-06-21 00:48:29.109932;1523;Salvador;Elias Damasco;Notebook;Wanda Applewhite;feminino;Dinheiro
2026-06-21 16:20:18.634231;1524;Porto Alegre;André Lima;Mouse;Steve Mcelroy;masculino;Cartão de Crédito
2026-06-21 20:37:25.782764;1525;Belo Horizonte;Paola Luz;Notebook;Lisa Dowd;feminino;Cartão de Débito
2026-06-21 21:03:24.293367;1526;São Paulo;Maria Antonia;Teclado;Richard Flores;masculino;Pix
2026-06-21 22:15:25.064811;1527;São Paulo;Maria Antonia;Monitor;Christopher Olds;masculino;Dinheiro
2026-06-22 00:18:19.298514;1528;Rio de Janeiro;Juliana Bonde;Mouse;Daniel Harriott;masculino;Pix
2026-06-22 14:20:29.210642;1529;Salvador;Viviane Souza;Celular;Willie Morris;masculino;Pix
2026-06-22 14:49:21.950061;1530;Rio de Janeiro;Ricardo Bonfim;Celular;Alexander Johnson;masculino;Boleto
2026-06-22 15:10:23.024223;1531;São Paulo;Maria Antonia;Teclado;Jason Norvell;masculino;Pix
2026-06-22 16:07:25.254931;1532;Belo Horizonte;Lucas Bernardo;Monitor;Susan Gibb;feminino;Boleto
2026-06-22 16:28:22.563478;1533;Porto Alegre;Breno Antônio;Cadeira;Tom Jacome;masculino;Cartão de Débito
2026-06-22 17:24:26.992933;1534;Florianópolis;Paulo André;Mouse;Joel Villa;masculino;Cartão de Débito
2026-06-22 19:17:23.804438;1535;Rio de Janeiro;Ricardo Bonfim;Notebook;Tina Ryan;feminino;Boleto
2026-06-23 16:21:24.382239;1536;Porto Alegre;Breno Antônio;Monitor;Sharon Sanchez;feminino;Dinheiro
2026-06-23 16:43:21.082259;1537;São Paulo;Maria Antonia;Notebook;Steven Iliff;masculino;Cartão de Débito
2026-06-23 17:15:27.479359;1538;Rio de Janeiro;Juliana Bonde;Teclado;Jason Carlisle;masculino;Cartão de Débito
2026-06-23 17:49:23.967442;1539;Porto Alegre;André Lima;Cadeira;James Bryant;masculino;Cartão de Débito
2026-06-23 19:13:22.510944;1540;Salvador;Viviane Souza;Cadeira;Joseph Scheffel;masculino;Pix
2026-06-23 21:26:18.043215;1541;Porto Alegre;Breno Antônio;Notebook;John Davis;masculino;Pix
2026-06-24 14:24:23.966154;1542;Porto Alegre;Diego Costa;Celular;Thomas Holbrook;masculino;Cartão de Débito
2026-06-24 16:02:19.879428;1543;Belo Horizonte;Lucas Bernardo;Monitor;David Koenig;masculino;Cartão de Crédito
2026-06-24 17:04:25.642238;1544;Salvador;Pedro Alves;Mouse;Freeman Hamilton;masculino;Boleto
2026-06-24 17:39:20.436680;1545;Florianópolis;Rafaela Alves;Celular;Martin Baker;masculino;Cartão de Crédito
2026-06-24 22:45:22.340139;1546;Salvador;Pedro Alves;Notebook;Helen Vanhorn;feminino;Pix
2026-06-24 23:55:25.805161;1547;Rio de Janeiro;Juliana Bonde;Monitor;Jose Cornelia;masculino;Boleto
2026-06-25 01:02:23.491952;1548;Porto Alegre;Breno Antônio;Cadeira;Neal Figueroa;masculino;Cartão de Débito
2026-06-26 00:36:22.120151;1549;Porto Alegre;Diego Costa;Celular;Andrea Grimshaw;feminino;Boleto
2026-06-26 00:52:24.627011;1550;Belo Horizonte;Eduardo Silva;Mouse;Joyce Taber;feminino;Cartão de Débito
2026-06-26 14:58:19.825891;1551;Porto Alegre;André Lima;Cadeira;Leonor Byrd;feminino;Pix
2026-06-26 14:59:29.009765;1552;São Paulo;João Marcos;Celular;Ellen Glass;feminino;Boleto
2026-06-26 15:27:28.855512;1553;Rio de Janeiro;Ricardo Bonfim;Teclado;Hector Hudson;masculino;Pix
2026-06-26 16:04:27.936627;1554;Salvador;Pedro Alves;Celular;Jaime Blanch;feminino;Cartão de Crédito
2026-06-26 17:03:25.334375;1555;Rio de Janeiro;Juliana Bonde;Celular;Jason Mclaughlin;masculino;Pix
2026-06-26 21:42:26.610695;1556;Rio de Janeiro;Juliana Bonde;Monitor;Rhonda Rodriguez;feminino;Cartão de Crédito
2026-06-26 22:14:18.294762;1557;Rio de Janeiro;Stephanie Riga;Celular;Frankie Taylor;feminino;Boleto
2026-06-26 22:32:17.599640;1558;Florianópolis;José Elias;Celular;Jesus Stemple;masculino;Boleto
2026-06-27 14:55:22.615888;1559;Porto Alegre;Breno Antônio;Celular;Robert Miller;masculino;Cartão de Débito
2026-06-27 17:10:21.160337;1560;Salvador;Viviane Souza;Celular;Earl Martinez;masculino;Boleto
2026-06-27 18:48:20.419363;1561;Porto Alegre;Breno Antônio;Cadeira;Lorraine Powell;feminino;Cartão de Débito
2026-06-27 19:31:25.335405;1562;São Paulo;Pedro Almeida;Cadeira;Margaret Damico;feminino;Cartão de Crédito
2026-06-27 20:38:23.110902;1563;Porto Alegre;Diego Costa;Celular;Lynn Ortiz;feminino;Pix
2026-06-27 21:14:20.700897;1564;São Paulo;Pedro Almeida;Celular;Margaret West;feminino;Pix
2026-06-28 00:14:25.792570;1565;Salvador;Viviane Souza;Cadeira;Ricardo Copple;masculino;Cartão de Crédito
2026-06-28 00:17:25.731186;1566;São Paulo;Pedro Almeida;Cadeira;Joanne Guerrier;feminino;Cartão de Crédito
2026-06-28 15:51:22.933078;1567;Belo Horizonte;Paola Luz;Monitor;Laverne Keefe;feminino;Pix
2026-06-28 16:06:19.733261;1568;Porto Alegre;Breno Antônio;Teclado;Mindy Williams;feminino;Cartão de Crédito
2026-06-28 16:32:17.587410;1569;Salvador;Viviane Souza;Mouse;Daniel Batie;masculino;Boleto
2026-06-28 18:11:20.843847;1570;Porto Alegre;André Lima;Celular;Lorraine Dipietro;feminino;Cartão de Crédito
2026-06-28 18:32:25.872093;1571;Belo Horizonte;Paola Luz;Notebook;Amanda Rosario;feminino;Cartão de Crédito
2026-06-28 19:59:19.832101;1572;Rio de Janeiro;Stephanie Riga;Cadeira;Ryan Turnbull;masculino;Boleto
2026-06-28 20:28:24.333255;1573;Porto Alegre;André Lima;Mouse;David Gann;masculino;Pix
2026-06-28 20:52:22.346166;1574;Rio de Janeiro;Ricardo Bonfim;Celular;Gerald Ashby;masculino;Pix
2026-06-28 22:55:29.148729;1575;São Paulo;Maria Antonia;Teclado;Gema Sullivan;feminino;Boleto
2026-06-29 00:03:25.884330;1576;São Paulo;João Marcos;Cadeira;Mary Vinciguerra;feminino;Boleto
2026-06-29 15:48:21.652508;1577;Porto Alegre;Breno Antônio;Monitor;Jesus Jones;masculino;Dinheiro
2026-06-29 18:19:28.852027;1578;Florianópolis;José Elias;Monitor;Joe Shedd;masculino;Cartão de Débito
2026-06-29 19:14:22.210712;1579;Belo Horizonte;Paola Luz;Teclado;Eric Most;masculino;Dinheiro
2026-06-29 20:02:18.315847;1580;São Paulo;João Marcos;Mouse;Andra Mccants;feminino;Boleto
2026-06-29 20:20:18.285362;1581;Porto Alegre;Breno Antônio;Monitor;Connie Gonzalez;feminino;Pix
2026-06-30 00:41:22.939774;1582;Salvador;Elias Damasco;Celular;Kenneth Fehrle;masculino;Cartão de Débito
2026-06-30 14:37:21.415256;1583;São Paulo;Maria Antonia;Mouse;Janet Hohman;feminino;Boleto
2026-06-30 15:04:17.560300;1584;Porto Alegre;Breno Antônio;Monitor;Deborah Collins;feminino;Cartão de Débito
2026-06-30 16:42:18.854272;1585;São Paulo;Maria Antonia;Monitor;Dorothy Schwantes;feminino;Dinheiro
2026-06-30 18:04:18.118026;1586;Belo Horizonte;Lucas Bernardo;Cadeira;Myron Perez;masculino;Dinheiro
2026-06-30 18:53:26.000697;1587;Rio de Janeiro;Ricardo Bonfim;Cadeira;Corey Southard;masculino;Cartão de Crédito
2026-06-30 20:10:27.648973;1588;Belo Horizonte;Lucas Bernardo;Cadeira;Eleanor Payne;feminino;Dinheiro
2026-06-30 23:20:27.271121;1589;Belo Horizonte;Lucas Bernardo;Mouse;Michael Goldman;masculino;Pix
2026-06-30 23:26:23.486254;1590;Salvador;Elias Damasco;Monitor;Jerry Vanhook;masculino;Boleto
2026-07-01 15:59:27.358252;1591;Porto Alegre;Breno Antônio;Mouse;Natasha Figueroa;feminino;Dinheiro
2026-07-01 16:24:28.288069;1592;Florianópolis;Paulo André;Celular;Robert Prechtel;masculino;Cartão de Débito
2026-07-01 17:00:24.207206;1593;Rio de Janeiro;Ricardo Bonfim;Monitor;Anthony Squines;masculino;Cartão de Débito
2026-07-01 19:27:29.002866;1594;Belo Horizonte;Paola Luz;Celular;William Shull;masculino;Boleto
2026-07-01 22:06:24.586575;1595;Porto Alegre;Breno Antônio;Celular;Christopher Douglas;masculino;Cartão de Crédito
2026-07-01 22:34:24.993559;1596;Salvador;Pedro Alves;Monitor;Diana Brown;feminino;Dinheiro
2026-07-01 23:50:28.817351;1597;Belo Horizonte;Paola Luz;Cadeira;Alexandra Barrett;feminino;Boleto
2026-07-02 00:05:17.337539;1598;Porto Alegre;Diego Costa;Mouse;Denise Wise;feminino;Cartão de Débito
2026-07-02 16:01:24.647619;1599;Belo Horizonte;Paola Luz;Monitor;Corrine Urquhart;feminino;Cartão de Débito
2026-07-03 17:23:19.807078;1600;Rio de Janeiro;Stephanie Riga;Notebook;Michael Barrett;masculino;Dinheiro
2026-07-03 17:35:28.987659;1601;São Paulo;Pedro Almeida;Teclado;Steven Mccormick;masculino;Cartão de Débito
2026-07-03 18:48:20.935930;1602;Rio de Janeiro;Juliana Bonde;Cadeira;Brian Elmore;masculino;Cartão de Débito
2026-07-04 15:40:17.565970;1603;Rio de Janeiro;Juliana Bonde;Monitor;Harold Wise;masculino;Dinheiro
2026-07-04 17:06:23.254546;1604;Florianópolis;José Elias;Celular;Sarah Woodward;feminino;Boleto
2026-07-04 19:29:18.490170;1605;Salvador;Elias Damasco;Notebook;Celeste Oshea;feminino;Dinheiro
2026-07-04 20:03:26.419765;1606;Florianópolis;José Elias;Monitor;Joseph Mathur;masculino;Pix
2026-07-05 14:21:22.380955;1607;Porto Alegre;André Lima;Cadeira;Gordon Lander;masculino;Dinheiro
2026-07-05 14:44:28.246235;1608;Belo Horizonte;Lucas Bernardo;Teclado;Valerie Buckley;feminino;Pix
2026-07-05 20:20:17.901731;1609;Salvador;Elias Damasco;Monitor;Donna Priolo;feminino;Pix
2026-07-05 20:39:19.852754;1610;Porto Alegre;Diego Costa;Notebook;James Nichols;masculino;Dinheiro
2026-07-05 21:02:22.785573;1611;Salvador;Elias Damasco;Celular;Melissa Williams;feminino;Dinheiro
2026-07-05 21:44:25.478471;1612;São Paulo;Maria Antonia;Notebook;Marc Crawford;masculino;Cartão de Débito
2026-07-05 22:07:27.805170;1613;Porto Alegre;Breno Antônio;Mouse;Barbara George;feminino;Cartão de Crédito
2026-07-06 14:45:22.119762;1614;Belo Horizonte;Lucas Bernardo;Notebook;Leroy Colon;masculino;Boleto
2026-07-06 18:03:22.063259;1615;Porto Alegre;Diego Costa;Celular;Jean Cox;feminino;Dinheiro
2026-07-07 19:00:22.897789;1616;Porto Alegre;Diego Costa;Mouse;Cecilia Watts;feminino;Boleto
2026-07-07 20:11:17.309649;1617;Florianópolis;Paulo André;Teclado;Stacy Thomas;feminino;Boleto
2026-07-07 20:41:25.643410;1618;Florianópolis;Rafaela Alves;Notebook;Diane Ross;feminino;Cartão de Débito
2026-07-08 00:25:25.777309;1619;Porto Alegre;André Lima;Celular;Curtis Reid;masculino;Dinheiro
2026-07-08 16:52:23.760525;1620;Salvador;Viviane Souza;Monitor;James Moody;masculino;Dinheiro
2026-07-08 17:06:26.633554;1621;Porto Alegre;André Lima;Mouse;Cornelia Prosser;feminino;Cartão de Crédito
2026-07-08 23:19:24.824434;1622;Belo Horizonte;Lucas Bernardo;Cadeira;Billy Hutter;masculino;Cartão de Crédito
2026-07-09 14:29:27.154433;1623;São Paulo;Pedro Almeida;Cadeira;Mary Garfield;feminino;Dinheiro
2026-07-09 15:40:25.730965;1624;Florianópolis;Rafaela Alves;Monitor;Jimmy White;masculino;Cartão de Crédito
2026-07-09 16:43:22.248223;1625;Florianópolis;Rafaela Alves;Monitor;Caroline Patterson;feminino;Cartão de Débito
2026-07-09 17:32:28.356869;1626;Florianópolis;Paulo André;Notebook;Michael Stephens;masculino;Cartão de Débito
2026-07-09 18:38:17.239358;1627;Porto Alegre;Diego Costa;Celular;Ross Street;masculino;Dinheiro
2026-07-09 18:38:17.401022;1628;Salvador;Viviane Souza;Notebook;Amy Malamud;feminino;Dinheiro
2026-07-09 19:25:27.270780;1629;São Paulo;Pedro Almeida;Notebook;Sylvia Martin;feminino;Pix
2026-07-09 19:52:28.250308;1630;Belo Horizonte;Eduardo Silva;Mouse;Susan Acevedo;feminino;Pix
2026-07-10 15:56:21.653754;1631;São Paulo;Pedro Almeida;Cadeira;Carolyn Garcia;feminino;Cartão de Crédito
2026-07-10 16:14:18.926524;1632;Rio de Janeiro;Ricardo Bonfim;Mouse;Thaddeus Liestman;masculino;Cartão de Crédito
2026-07-10 18:24:21.145794;1633;Belo Horizonte;Eduardo Silva;Notebook;Janice Westley;feminino;Dinheiro
2026-07-10 20:30:23.788935;1634;São Paulo;João Marcos;Notebook;Charles Mcwilliams;masculino;Pix
2026-07-10 21:22:25.719035;1635;Rio de Janeiro;Stephanie Riga;Mouse;Dennis Phillips;masculino;Pix
2026-07-11 16:37:28.801027;1636;Florianópolis;Rafaela Alves;Monitor;Ezequiel Whitaker;masculino;Pix
2026-07-11 21:36:24.342380;1637;São Paulo;Maria Antonia;Notebook;Mildred Cureton;feminino;Cartão de Débito
2026-07-11 23:27:20.031940;1638;Belo Horizonte;Eduardo Silva;Teclado;James Bonson;masculino;Cartão de Débito
2026-07-11 23:33:24.991202;1639;São Paulo;João Marcos;Cadeira;Daisy Forte;feminino;Boleto
2026-07-12 17:02:27.508676;1640;Porto Alegre;Breno Antônio;Monitor;Robert Darlington;masculino;Cartão de Débito
2026-07-12 20:00:17.959932;1641;Belo Horizonte;Eduardo Silva;Mouse;Jeffrey Thompson;masculino;Dinheiro
2026-07-13 16:52:19.274478;1642;Florianópolis;José Elias;Cadeira;Cheryl Carr;feminino;Cartão de Crédito
2026-07-13 19:21:18.984413;1643;Florianópolis;Paulo André;Celular;Lewis John;masculino;Pix
2026-07-13 20:58:18.580779;1644;Florianópolis;Paulo André;Teclado;Karen Schultz;feminino;Pix
2026-07-13 23:11:28.691316;1645;Rio de Janeiro;Stephanie Riga;Teclado;Justin Whitaker;masculino;Cartão de Crédito
2026-07-14 00:27:24.548882;1646;São Paulo;João Marcos;Teclado;Brent Haupt;masculino;Cartão de Crédito
2026-07-14 15:45:24.836839;1647;Rio de Janeiro;Stephanie Riga;Teclado;Jeff Wright;masculino;Pix
2026-07-14 16:01:28.613967;1648;Porto Alegre;Breno Antônio;Notebook;Ethel Rivera;feminino;Boleto
2026-07-14 18:47:19.853694;1649;Belo Horizonte;Eduardo Silva;Monitor;David Mccourt;masculino;Boleto
2026-07-14 20:19:23.255357;1650;Porto Alegre;Breno Antônio;Mouse;Ronald Chilton;masculino;Cartão de Débito
2026-07-14 23:22:19.395366;1651;Porto Alegre;Diego Costa;Teclado;Diane Kim;feminino;Cartão de Débito
2026-07-14 23:37:28.857872;1652;Florianópolis;Paulo André;Monitor;Frances Darr;feminino;Boleto
2026-07-15 00:06:25.570791;1653;Belo Horizonte;Paola Luz;Monitor;Dorothy Parker;feminino;Dinheiro
2026-07-15 00:51:25.185318;1654;Florianópolis;José Elias;Notebook;Thomas Parker;masculino;Pix
2026-07-15 17:28:21.488740;1655;Rio de Janeiro;Stephanie Riga;Monitor;Robert Phillips;masculino;Cartão de Crédito
2026-07-15 18:58:23.803915;1656;Porto Alegre;Diego Costa;Monitor;James Holt;masculino;Pix
2026-07-15 20:14:23.974055;1657;Belo Horizonte;Lucas Bernardo;Teclado;Susan Brown;feminino;Pix
2026-07-15 21:44:22.063690;1658;Porto Alegre;Diego Costa;Monitor;Larry Harden;masculino;Cartão de Débito
2026-07-15 23:35:22.240578;1659;Florianópolis;José Elias;Cadeira;Earl Cheek;masculino;Boleto
2026-07-16 15:23:26.344415;1660;Rio de Janeiro;Ricardo Bonfim;Teclado;Margaret Hruby;feminino;Boleto
2026-07-16 15:46:21.558710;1661;Belo Horizonte;Eduardo Silva;Teclado;David Russell;masculino;Boleto
2026-07-16 18:17:22.342115;1662;Belo Horizonte;Lucas Bernardo;Teclado;Debbie Grijalva;feminino;Cartão de Crédito
2026-07-16 19:08:23.525790;1663;Porto Alegre;Diego Costa;Notebook;Michael Baker;masculino;Cartão de Débito
2026-07-16 20:58:25.011735;1664;Belo Horizonte;Paola Luz;Teclado;Sheri Dunn;feminino;Cartão de Crédito
2026-07-16 23:43:26.338944;1665;Belo Horizonte;Lucas Bernardo;Monitor;Carol Kauffman;feminino;Cartão de Crédito
2026-07-17 00:24:19.865142;1666;Salvador;Pedro Alves;Cadeira;Patrick Kadlec;masculino;Pix
2026-07-17 14:30:23.991608;1667;Rio de Janeiro;Juliana Bonde;Teclado;Dorothy Vulich;feminino;Boleto
2026-07-17 15:37:22.926647;1668;São Paulo;Maria Antonia;Celular;Corrina Brown;feminino;Cartão de Débito
2026-07-17 17:35:18.460487;1669;São Paulo;João Marcos;Mouse;Cesar Herandez;masculino;Boleto
2026-07-17 17:47:22.725648;1670;Florianópolis;José Elias;Cadeira;Esther Comer;feminino;Cartão de Crédito
2026-07-17 22:01:26.878136;1671;Belo Horizonte;Lucas Bernardo;Mouse;William Finkenbinder;masculino;Cartão de Crédito
2026-07-19 18:10:18.220212;1672;Belo Horizonte;Eduardo Silva;Mouse;Wynona Tait;feminino;Dinheiro
2026-07-19 18:36:23.573533;1673;Belo Horizonte;Lucas Bernardo;Monitor;Melissa Yoder;feminino;Cartão de Crédito
2026-07-19 19:07:21.124606;1674;Rio de Janeiro;Ricardo Bonfim;Monitor;Sandra Cole;feminino;Cartão de Crédito
2026-07-19 20:10:28.065905;1675;Belo Horizonte;Lucas Bernardo;Mouse;Maria Adams;feminino;Boleto
2026-07-19 22:46:22.597068;1676;Belo Horizonte;Paola Luz;Cadeira;Gregory Seidt;masculino;Cartão de Crédito
2026-07-19 23:44:28.561760;1677;Rio de Janeiro;Juliana Bonde;Teclado;Dawn Solarz;feminino;Pix
2026-07-20 00:39:29.009312;1678;Florianópolis;Paulo André;Monitor;Donald Chavez;masculino;Boleto
2026-07-20 14:22:28.263791;1679;São Paulo;Pedro Almeida;Cadeira;Timothy Bradley;masculino;Cartão de Débito
2026-07-20 14:28:26.870195;1680;Salvador;Elias Damasco;Monitor;Lynn Tejada;feminino;Pix
2026-07-20 15:02:18.412763;1681;Belo Horizonte;Lucas Bernardo;Teclado;Mildred Diaz;feminino;Cartão de Crédito
2026-07-20 15:09:21.852829;1682;Belo Horizonte;Paola Luz;Teclado;Doris Williams;feminino;Boleto
2026-07-20 17:39:25.186537;1683;Florianópolis;Paulo André;Cadeira;Chester Cohen;masculino;Cartão de Crédito
2026-07-21 15:19:26.598260;1684;Salvador;Elias Damasco;Mouse;Chad Longacre;masculino;Dinheiro
2026-07-21 16:22:22.593884;1685;Porto Alegre;Breno Antônio;Teclado;Norma Woods;feminino;Pix
2026-07-21 17:32:19.682223;1686;Salvador;Elias Damasco;Notebook;William Lackey;masculino;Dinheiro
2026-07-21 19:53:21.067660;1687;Salvador;Pedro Alves;Celular;Clinton Bastarache;masculino;Pix
2026-07-21 22:39:27.384237;1688;São Paulo;Maria Antonia;Monitor;Nicholas Denn;masculino;Pix
2026-07-21 23:21:18.227466;1689;Belo Horizonte;Eduardo Silva;Notebook;James Buchholz;masculino;Dinheiro
2026-07-21 23:25:17.242180;1690;Rio de Janeiro;Stephanie Riga;Cadeira;Jillian Twehous;feminino;Dinheiro
2026-07-22 18:09:21.092997;1691;Florianópolis;José Elias;Mouse;Derrick Reyes;masculino;Cartão de Crédito
2026-07-22 20:24:21.559846;1692;Salvador;Elias Damasco;Monitor;Robert White;masculino;Dinheiro
2026-07-22 23:59:27.104860;1693;Florianópolis;Rafaela Alves;Monitor;Mary Davis;feminino;Cartão de Débito
2026-07-23 00:09:18.920978;1694;Porto Alegre;André Lima;Cadeira;Vivan Mitchell;feminino;Cartão de Crédito
2026-07-23 00:46:18.621534;1695;Rio de Janeiro;Stephanie Riga;Cadeira;Charles Molnar;masculino;Cartão de Crédito
2026-07-23 01:00:22.647244;1696;Salvador;Elias Damasco;Monitor;Valerie Forrest;feminino;Boleto
2026-07-23 15:00:22.288916;1697;Salvador;Viviane Souza;Celular;Donald Caines;masculino;Cartão de Crédito
2026-07-23 15:31:23.184367;1698;Salvador;Elias Damasco;Mouse;Kathy Amezcua;feminino;Pix
2026-07-23 15:51:23.614213;1699;Porto Alegre;Diego Costa;Notebook;Wanda Sheppard;feminino;Dinheiro
2026-07-23 21:49:19.904301;1700;São Paulo;João Marcos;Cadeira;Joel Dickson;masculino;Pix
2026-07-23 22:11:23.138864;1701;Porto Alegre;Breno Antônio;Celular;Gerald Irby;masculino;Dinheiro
2026-07-23 22:19:28.444874;1702;Belo Horizonte;Paola Luz;Teclado;Sylvia Cargile;feminino;Boleto
2026-07-24 00:27:26.097605;1703;Florianópolis;Paulo André;Monitor;Courtney Reese;feminino;Pix
2026-07-24 14:45:25.835277;1704;Porto Alegre;Diego Costa;Mouse;Sharon Delgado;feminino;Dinheiro
2026-07-24 15:52:24.982378;1705;São Paulo;Maria Antonia;Cadeira;Wanda Demaria;feminino;Pix
2026-07-24 16:34:28.694726;1706;Porto Alegre;Breno Antônio;Notebook;Gregorio Wilson;masculino;Cartão de Débito
2026-07-24 19:14:18.766247;1707;Belo Horizonte;Paola Luz;Teclado;Julie Isch;feminino;Cartão de Débito
2026-07-24 22:20:20.596952;1708;Salvador;Viviane Souza;Notebook;Dorothy Jaramillo;feminino;Boleto
2026-07-25 14:23:20.398342;1709;Rio de Janeiro;Juliana Bonde;Notebook;Jane Rosel;feminino;Cartão de Débito
2026-07-25 16:38:22.009321;1710;Salvador;Elias Damasco;Teclado;Linda Dias;feminino;Boleto
2026-07-25 19:18:22.663622;1711;Belo Horizonte;Eduardo Silva;Notebook;Luis Xiong;masculino;Dinheiro
2026-07-25 20:07:28.004964;1712;Florianópolis;Rafaela Alves;Monitor;Bernice Hahn;feminino;Cartão de Débito
2026-07-26 00:24:25.946881;1713;Salvador;Elias Damasco;Mouse;Deane Suggs;feminino;Pix
2026-07-26 00:37:21.064764;1714;Belo Horizonte;Lucas Bernardo;Cadeira;Stuart Mendez;masculino;Cartão de Débito
2026-07-26 17:17:26.986416;1715;Rio de Janeiro;Juliana Bonde;Cadeira;Frances Mcguinness;feminino;Boleto
2026-07-26 21:37:28.928104;1716;Rio de Janeiro;Stephanie Riga;Monitor;Erick Lombardo;masculino;Cartão de Crédito
2026-07-26 22:21:21.277620;1717;Florianópolis;Paulo André;Monitor;David Conrad;masculino;Cartão de Débito
2026-07-26 23:32:23.358504;1718;Rio de Janeiro;Juliana Bonde;Mouse;Richard Bayer;masculino;Cartão de Débito
2026-07-27 14:26:17.879888;1719;Porto Alegre;Diego Costa;Monitor;Alice Mcguire;feminino;Cartão de Crédito
2026-07-27 16:22:18.122580;1720;Salvador;Pedro Alves;Teclado;Claude Pettitt;masculino;Cartão de Crédito
2026-07-27 16:57:21.988551;1721;São Paulo;João Marcos;Monitor;Cory Lloyd;masculino;Pix
2026-07-27 17:47:22.008402;1722;São Paulo;Pedro Almeida;Celular;Tommy Townsend;masculino;Pix
2026-07-27 20:22:25.175583;1723;Belo Horizonte;Eduardo Silva;Celular;William Knowlton;masculino;Cartão de Débito
2026-07-27 21:28:26.045210;1724;São Paulo;João Marcos;Celular;Johnnie Ehrlich;masculino;Cartão de Crédito
2026-07-28 16:14:20.395980;1725;São Paulo;Pedro Almeida;Teclado;Seth Leonard;masculino;Pix
2026-07-28 16:50:23.354627;1726;Salvador;Pedro Alves;Notebook;Jacob Kirby;masculino;Boleto
2026-07-28 17:41:20.944253;1727;Salvador;Pedro Alves;Cadeira;Gloria Andrade;feminino;Pix
2026-07-28 19:32:17.448605;1728;Belo Horizonte;Eduardo Silva;Notebook;Renata Cucco;feminino;Pix
2026-07-28 19:35:24.251968;1729;São Paulo;João Marcos;Monitor;Juana Gaskins;feminino;Boleto
2026-07-28 21:26:25.755375;1730;Salvador;Pedro Alves;Cadeira;Brittany Wheeler;feminino;Boleto
2026-07-28 21:56:26.610396;1731;Rio de Janeiro;Juliana Bonde;Mouse;Charles Evans;masculino;Boleto
2026-07-29 14:42:18.763045;1732;Belo Horizonte;Lucas Bernardo;Monitor;Kirk Mack;masculino;Cartão de Crédito
2026-07-29 19:23:26.815481;1733;Rio de Janeiro;Juliana Bonde;Celular;Laura Favuzza;feminino;Cartão de Crédito
2026-07-29 19:55:26.382872;1734;São Paulo;Pedro Almeida;Teclado;Patricia Ancira;feminino;Cartão de Crédito
2026-07-29 21:51:21.700860;1735;Salvador;Viviane Souza;Monitor;Danny Strong;masculino;Cartão de Débito
2026-07-30 15:09:23.745249;1736;Rio de Janeiro;Ricardo Bonfim;Teclado;Cathy Ashlock;feminino;Pix
2026-07-30 15:21:20.076187;1737;Porto Alegre;André Lima;Teclado;Hugo Ammon;masculino;Dinheiro
2026-07-30 17:36:18.626348;1738;Florianópolis;Paulo André;Mouse;Adrian Restivo;masculino;Cartão de Débito
2026-07-30 18:39:27.341315;1739;Florianópolis;Paulo André;Notebook;Keith Harrison;masculino;Cartão de Crédito
2026-07-31 14:13:26.060333;1740;Porto Alegre;Breno Antônio;Cadeira;Randy Finney;masculino;Cartão de Crédito
2026-07-31 16:24:17.035685;1741;São Paulo;Maria Antonia;Cadeira;Shawn Sarni;masculino;Cartão de Crédito
2026-07-31 19:20:21.729707;1742;Rio de Janeiro;Juliana Bonde;Notebook;Brandon Compo;masculino;Boleto
2026-07-31 21:54:21.047206;1743;São Paulo;Pedro Almeida;Celular;Fred Chaplin;masculino;Cartão de Débito
2026-07-31 23:13:27.799352;1744;Rio de Janeiro;Stephanie Riga;Mouse;Karol Jones;feminino;Dinheiro
2026-08-01 19:46:23.604108;1745;Salvador;Elias Damasco;Cadeira;James Young;masculino;Cartão de Débito
2026-08-01 21:24:28.782501;1746;Porto Alegre;Diego Costa;Monitor;Stephen Edes;masculino;Dinheiro
2026-08-01 23:18:28.619965;1747;Porto Alegre;André Lima;Monitor;Theresa Morrow;feminino;Dinheiro
2026-08-01 23:33:23.859302;1748;Rio de Janeiro;Stephanie Riga;Monitor;Rhea Gally;feminino;Cartão de Crédito
2026-08-02 15:23:27.806349;1749;São Paulo;João Marcos;Mouse;George Montano;masculino;Cartão de Débito
2026-08-02 18:44:19.825128;1750;Rio de Janeiro;Ricardo Bonfim;Notebook;Meghan Norman;feminino;Cartão de Débito
2026-08-02 21:01:24.051680;1751;Salvador;Pedro Alves;Teclado;Brandon Harrison;masculino;Cartão de Débito
2026-08-03 00:17:24.490602;1752;Salvador;Elias Damasco;Teclado;Orville Ramirez;masculino;Boleto
2026-08-03 15:13:22.616281;1753;Florianópolis;Rafaela Alves;Cadeira;Mary Glover;feminino;Pix
2026-08-03 16:00:28.044442;1754;Salvador;Pedro Alves;Mouse;Terry Teed;masculino;Dinheiro
2026-08-03 17:54:23.311536;1755;Florianópolis;Rafaela Alves;Celular;Christopher Martinez;masculino;Cartão de Débito
2026-08-03 19:40:29.210258;1756;Rio de Janeiro;Stephanie Riga;Cadeira;Joe Cook;masculino;Cartão de Crédito
2026-08-03 21:49:21.346956;1757;Porto Alegre;Diego Costa;Cadeira;Beth Johnson;feminino;Cartão de Débito
2026-08-03 23:05:20.963612;1758;Porto Alegre;André Lima;Mouse;Mary Bruno;feminino;Boleto
2026-08-03 23:34:21.878803;1759;Belo Horizonte;Eduardo Silva;Notebook;Daniel Thompson;masculino;Dinheiro
2026-08-04 00:24:27.962575;1760;Salvador;Elias Damasco;Notebook;Malcolm Bennion;masculino;Cartão de Débito
2026-08-04 16:04:18.510239;1761;Belo Horizonte;Paola Luz;Mouse;Agnes Wheeler;feminino;Cartão de Débito
2026-08-04 16:53:27.350003;1762;São Paulo;Pedro Almeida;Celular;Rafael Morris;masculino;Boleto
2026-08-05 14:30:23.804746;1763;Porto Alegre;Diego Costa;Cadeira;John West;masculino;Cartão de Crédito
2026-08-05 23:38:24.798385;1764;Rio de Janeiro;Ricardo Bonfim;Mouse;Jonathan Lane;masculino;Cartão de Crédito
2026-08-06 14:51:24.332675;1765;Florianópolis;Rafaela Alves;Mouse;Rick Ray;masculino;Cartão de Débito
2026-08-06 16:22:27.080547;1766;Florianópolis;José Elias;Celular;Troy Phillips;masculino;Cartão de Débito
2026-08-06 16:58:23.580963;1767;Porto Alegre;Diego Costa;Mouse;Jeffry Davis;masculino;Cartão de Débito
2026-08-06 17:29:17.177094;1768;Salvador;Viviane Souza;Teclado;Terri Andres;feminino;Boleto
2026-08-06 18:18:21.663637;1769;Porto Alegre;Breno Antônio;Mouse;Debbie Barton;feminino;Pix
2026-08-06 21:54:17.862906;1770;Belo Horizonte;Eduardo Silva;Mouse;Elias Ladner;masculino;Dinheiro
2026-08-06 22:53:18.610242;1771;Salvador;Viviane Souza;Celular;Norah Allen;feminino;Cartão de Débito
2026-08-06 23:16:29.135386;1772;Porto Alegre;Diego Costa;Mouse;Christine Chang;feminino;Boleto
2026-08-07 14:18:18.232031;1773;Rio de Janeiro;Ricardo Bonfim;Mouse;Jan Collins;masculino;Cartão de Débito
2026-08-07 14:26:25.801213;1774;Porto Alegre;Diego Costa;Teclado;Opal Lowe;feminino;Pix
2026-08-07 18:46:25.877319;1775;Florianópolis;José Elias;Mouse;Brandon Glasper;masculino;Cartão de Débito
2026-08-07 22:44:26.714134;1776;Florianópolis;Rafaela Alves;Monitor;William Shelstad;masculino;Cartão de Débito
2026-08-08 17:15:21.482131;1777;Porto Alegre;Breno Antônio;Cadeira;Elba Snelling;feminino;Boleto
2026-08-08 18:44:24.734924;1778;Salvador;Pedro Alves;Teclado;Gladys Osborne;feminino;Pix
2026-08-08 20:17:28.004163;1779;Porto Alegre;Diego Costa;Celular;Raymond Nguyen;masculino;Cartão de Crédito
2026-08-09 14:56:26.298951;1780;Porto Alegre;Breno Antônio;Teclado;Latonya Miller;feminino;Boleto
2026-08-09 15:44:28.826951;1781;Porto Alegre;André Lima;Celular;Maria Mccarley;feminino;Cartão de Débito
2026-08-09 20:34:21.638979;1782;Salvador;Pedro Alves;Mouse;Verna Rogers;feminino;Cartão de Crédito
2026-08-09 23:35:22.899270;1783;Porto Alegre;Diego Costa;Monitor;Myrtie Martinez;feminino;Pix
2026-08-10 17:55:22.309464;1784;Salvador;Elias Damasco;Celular;Harry Galbreath;masculino;Cartão de Débito
2026-08-10 19:58:19.072268;1785;São Paulo;João Marcos;Celular;Hazel Bantz;feminino;Boleto
2026-08-10 22:18:23.029557;1786;Salvador;Viviane Souza;Notebook;Oscar Isip;masculino;Boleto
2026-08-11 17:53:25.686482;1787;Salvador;Elias Damasco;Teclado;James Haley;masculino;Pix
2026-08-11 23:04:26.647890;1788;Salvador;Pedro Alves;Mouse;Paul Uren;masculino;Dinheiro
2026-08-12 15:12:26.504676;1789;Belo Horizonte;Eduardo Silva;Teclado;Patricia Mayfield;feminino;Pix
2026-08-12 16:15:28.264472;1790;Belo Horizonte;Paola Luz;Monitor;Jeffrey Hanni;masculino;Cartão de Débito
2026-08-12 18:37:24.742186;1791;São Paulo;João Marcos;Mouse;Wayne Chambers;masculino;Dinheiro
2026-08-12 21:35:26.269996;1792;Belo Horizonte;Eduardo Silva;Mouse;Loren Smith;masculino;Cartão de Crédito
2026-08-12 22:05:26.852537;1793;Salvador;Elias Damasco;Celular;Daniel Churchill;masculino;Cartão de Débito
2026-08-13 14:32:27.500547;1794;São Paulo;Pedro Almeida;Monitor;Annamae Bjork;feminino;Boleto
2026-08-13 17:36:25.772205;1795;Florianópolis;Paulo André;Mouse;Sara Friedman;feminino;Boleto
2026-08-13 18:51:27.263969;1796;Florianópolis;Rafaela Alves;Mouse;Margot Sosa;feminino;Dinheiro
2026-08-13 21:08:28.164333;1797;Salvador;Pedro Alves;Mouse;Ernest Coleman;masculino;Pix
2026-08-13 21:50:26.296960;1798;Rio de Janeiro;Ricardo Bonfim;Cadeira;Peggy Robinson;feminino;Cartão de Crédito
2026-08-13 22:40:18.362306;1799;Belo Horizonte;Eduardo Silva;Notebook;Ronald Krajcer;masculino;Cartão de Crédito
2026-08-14 14:14:22.118873;1800;Rio de Janeiro;Stephanie Riga;Monitor;Felicia Juarez;feminino;Boleto
2026-08-14 15:32:22.261905;1801;Rio de Janeiro;Ricardo Bonfim;Celular;Frank Priest;masculino;Pix
2026-08-14 18:06:21.503852;1802;Florianópolis;Rafaela Alves;Notebook;Lawrence Mccandless;masculino;Cartão de Crédito
2026-08-14 23:46:28.163976;1803;Florianópolis;José Elias;Monitor;Daniel Morris;masculino;Boleto
2026-08-15 20:10:22.841353;1804;Porto Alegre;André Lima;Monitor;Tracy Plumley;masculino;Boleto
2026-08-15 23:27:28.868014;1805;Florianópolis;Rafaela Alves;Celular;Mary Owsley;feminino;Pix
2026-08-16 01:04:23.899219;1806;Salvador;Viviane Souza;Cadeira;Salvador Maclean;masculino;Boleto
2026-08-16 17:09:26.149925;1807;Salvador;Elias Damasco;Mouse;Suzanne Carrington;feminino;Boleto
2026-08-16 17:25:20.733347;1808;Salvador;Pedro Alves;Celular;Juan Castro;masculino;Cartão de Débito
2026-08-16 17:59:23.314668;1809;São Paulo;Pedro Almeida;Celular;Tillie Pollock;feminino;Cartão de Débito
2026-08-16 19:06:21.593100;1810;Porto Alegre;Breno Antônio;Monitor;Michael Ward;masculino;Dinheiro
2026-08-17 15:00:22.980849;1811;São Paulo;Pedro Almeida;Cadeira;Candace Kohm;feminino;Cartão de Débito
2026-08-17 15:57:17.182023;1812;Rio de Janeiro;Stephanie Riga;Mouse;William Chapman;masculino;Boleto
2026-08-17 18:24:23.316620;1813;Florianópolis;José Elias;Celular;Latonia Harger;feminino;Cartão de Débito
2026-08-17 19:30:24.329281;1814;Rio de Janeiro;Stephanie Riga;Cadeira;Glenna Felix;feminino;Boleto
2026-08-17 21:31:19.965941;1815;Salvador;Elias Damasco;Cadeira;Eddie Hills;masculino;Boleto
2026-08-18 14:36:29.124610;1816;Belo Horizonte;Paola Luz;Teclado;Cheryl Bryan;feminino;Cartão de Débito
2026-08-18 15:31:20.820713;1817;São Paulo;Pedro Almeida;Notebook;Jacob Ray;masculino;Dinheiro
2026-08-18 16:28:28.561122;1818;São Paulo;Maria Antonia;Mouse;Johnny Watson;masculino;Pix
2026-08-18 21:09:25.946541;1819;Belo Horizonte;Paola Luz;Monitor;Maria Perez;feminino;Cartão de Débito
2026-08-18 21:12:23.682520;1820;São Paulo;Pedro Almeida;Teclado;Ronny Killam;masculino;Cartão de Débito
2026-08-18 22:38:19.910090;1821;Florianópolis;Rafaela Alves;Mouse;William Alanis;masculino;Boleto
2026-08-18 22:41:24.554896;1822;Rio de Janeiro;Stephanie Riga;Teclado;Mark Lacoste;masculino;Pix
2026-08-18 22:44:20.965209;1823;Porto Alegre;Diego Costa;Mouse;Alice Lyon;feminino;Dinheiro
2026-08-19 00:33:22.936357;1824;Rio de Janeiro;Juliana Bonde;Teclado;Julia Ash;feminino;Boleto
2026-08-19 15:22:24.739832;1825;Florianópolis;José Elias;Mouse;Richard Burkett;masculino;Cartão de Débito
2026-08-19 18:07:27.646448;1826;Belo Horizonte;Paola Luz;Mouse;Sarah Faulk;feminino;Pix
2026-08-19 18:51:19.753637;1827;Porto Alegre;André Lima;Notebook;Kathy Miraflores;feminino;Boleto
2026-08-19 19:14:25.261780;1828;Belo Horizonte;Paola Luz;Mouse;Linda Hamilton;feminino;Dinheiro
2026-08-19 21:59:23.258743;1829;Porto Alegre;Diego Costa;Teclado;Christopher Thomas;masculino;Dinheiro
2026-08-19 22:31:20.009653;1830;Florianópolis;Rafaela Alves;Celular;Melody Schreiber;feminino;Dinheiro
2026-08-20 00:41:19.244273;1831;Florianópolis;Paulo André;Monitor;Bette Lee;feminino;Cartão de Débito
2026-08-20 14:17:20.269075;1832;São Paulo;João Marcos;Teclado;Allison Mercure;feminino;Dinheiro
2026-08-20 17:50:22.617164;1833;Belo Horizonte;Eduardo Silva;Notebook;Robin Coleman;masculino;Cartão de Crédito
2026-08-20 18:23:27.781497;1834;São Paulo;João Marcos;Teclado;Helen Crowder;feminino;Cartão de Débito
2026-08-20 19:04:24.711468;1835;Porto Alegre;Breno Antônio;Notebook;Ruth Furrow;feminino;Boleto
2026-08-20 19:15:28.099833;1836;Rio de Janeiro;Juliana Bonde;Cadeira;Lila Hunter;feminino;Boleto
2026-08-21 00:35:21.471313;1837;Florianópolis;Rafaela Alves;Teclado;Christopher Scott;masculino;Dinheiro
2026-08-21 01:08:28.861641;1838;Florianópolis;José Elias;Notebook;Robert Catoe;masculino;Cartão de Crédito
2026-08-21 17:56:27.843830;1839;Porto Alegre;André Lima;Mouse;Shirley Barnett;feminino;Cartão de Débito
2026-08-21 18:34:25.781930;1840;Rio de Janeiro;Stephanie Riga;Cadeira;Daniel Welch;masculino;Dinheiro
2026-08-21 20:31:25.180419;1841;Florianópolis;José Elias;Teclado;Robert Gillett;masculino;Boleto
2026-08-21 23:04:22.393669;1842;São Paulo;Maria Antonia;Teclado;Norma Armstrong;feminino;Cartão de Débito
2026-08-22 15:04:25.982184;1843;Rio de Janeiro;Stephanie Riga;Monitor;Robert Mcomber;masculino;Boleto
2026-08-22 19:52:25.144919;1844;São Paulo;Pedro Almeida;Mouse;Roxanne Schmidt;feminino;Boleto
2026-08-23 14:32:26.000327;1845;Belo Horizonte;Lucas Bernardo;Mouse;William Knight;masculino;Cartão de Débito
2026-08-23 19:09:27.343918;1846;Florianópolis;José Elias;Notebook;Philip Osborne;masculino;Dinheiro
2026-08-23 19:31:28.072637;1847;Rio de Janeiro;Stephanie Riga;Mouse;Monte Shull;masculino;Dinheiro
2026-08-23 22:32:24.077508;1848;Belo Horizonte;Paola Luz;Notebook;Timika Myers;feminino;Cartão de Crédito
2026-08-23 23:39:27.081696;1849;Belo Horizonte;Paola Luz;Notebook;Anthony Amsterdam;masculino;Dinheiro
2026-08-24 15:36:18.575283;1850;Florianópolis;Paulo André;Notebook;Fern Kite;feminino;Dinheiro
2026-08-24 21:25:27.521128;1851;Florianópolis;Paulo André;Notebook;Fay Brumfield;feminino;Cartão de Débito
2026-08-24 22:47:21.050728;1852;Porto Alegre;André Lima;Cadeira;Kristin Pierce;feminino;Cartão de Crédito
2026-08-24 23:01:26.995637;1853;Salvador;Viviane Souza;Monitor;Kathy Smith;feminino;Dinheiro
2026-08-25 15:05:22.347335;1854;Porto Alegre;Breno Antônio;Monitor;Erica Shamblin;feminino;Dinheiro
2026-08-25 20:29:28.398746;1855;Porto Alegre;André Lima;Cadeira;Emily Shafer;feminino;Cartão de Crédito
2026-08-25 21:48:21.093463;1856;Porto Alegre;Diego Costa;Mouse;Mary Glazer;feminino;Pix
2026-08-25 22:43:21.470097;1857;Salvador;Elias Damasco;Teclado;Patricia Lopez;feminino;Cartão de Crédito
2026-08-25 23:07:23.280631;1858;Belo Horizonte;Eduardo Silva;Teclado;Nick Holland;masculino;Dinheiro
2026-08-26 00:18:21.489449;1859;Belo Horizonte;Paola Luz;Notebook;Donald Koller;masculino;Cartão de Débito
2026-08-26 17:07:24.007701;1860;Salvador;Elias Damasco;Teclado;Jill Valdez;feminino;Dinheiro
2026-08-26 19:50:19.994460;1861;Rio de Janeiro;Juliana Bonde;Mouse;Philip Glueck;masculino;Pix
2026-08-26 20:44:17.505774;1862;São Paulo;João Marcos;Celular;Hector Wiersteiner;masculino;Cartão de Débito
2026-08-27 16:30:24.989359;1863;Belo Horizonte;Lucas Bernardo;Mouse;Henry Burkett;masculino;Dinheiro
2026-08-27 17:11:21.296752;1864;Belo Horizonte;Eduardo Silva;Mouse;Helen Aleo;feminino;Dinheiro
2026-08-27 17:43:18.887815;1865;Porto Alegre;Diego Costa;Notebook;Curtis Norstrom;masculino;Cartão de Crédito
2026-08-27 17:50:22.848433;1866;Rio de Janeiro;Juliana Bonde;Mouse;Dorothea Lee;feminino;Dinheiro
2026-08-27 22:47:22.241820;1867;Belo Horizonte;Lucas Bernardo;Teclado;Evelyn Price;feminino;Dinheiro
2026-08-27 22:52:19.107431;1868;Rio de Janeiro;Ricardo Bonfim;Celular;Carol Worrall;feminino;Boleto
2026-08-28 00:07:23.792079;1869;São Paulo;Pedro Almeida;Mouse;Elizabeth Peer;feminino;Cartão de Crédito
2026-08-28 16:08:27.244567;1870;Belo Horizonte;Paola Luz;Cadeira;William Liebl;masculino;Dinheiro
2026-08-28 16:43:24.630145;1871;Florianópolis;José Elias;Teclado;Kevin Foster;masculino;Cartão de Crédito
2026-08-28 19:50:25.646489;1872;Salvador;Elias Damasco;Notebook;Anne Traverso;feminino;Dinheiro
2026-08-28 21:12:17.310532;1873;Belo Horizonte;Lucas Bernardo;Mouse;Numbers Gaccione;masculino;Cartão de Débito
2026-08-28 23:55:23.903159;1874;Salvador;Elias Damasco;Cadeira;Matthew Hernandez;masculino;Pix
2026-08-29 15:32:27.961640;1875;São Paulo;João Marcos;Cadeira;Kenneth Buchanan;masculino;Cartão de Débito
2026-08-29 17:12:28.416365;1876;Florianópolis;José Elias;Notebook;Patricia James;feminino;Cartão de Débito
2026-08-29 17:46:26.536868;1877;Salvador;Pedro Alves;Celular;Betty Fuller;feminino;Pix
2026-08-29 18:40:27.585365;1878;Rio de Janeiro;Stephanie Riga;Mouse;Steven Melancon;masculino;Cartão de Débito
2026-08-29 19:05:23.967722;1879;Florianópolis;José Elias;Notebook;Tera Mckeehan;feminino;Cartão de Débito
2026-08-30 16:52:21.271318;1880;Porto Alegre;André Lima;Cadeira;Barbara Lopez;feminino;Pix
2026-08-30 20:53:25.800005;1881;Rio de Janeiro;Ricardo Bonfim;Monitor;Rosemary Larkin;feminino;Boleto
2026-08-30 23:20:22.070886;1882;Salvador;Elias Damasco;Monitor;Jonathan Castillo;masculino;Dinheiro
2026-08-31 01:08:18.636172;1883;Florianópolis;José Elias;Cadeira;Robert Singer;masculino;Cartão de Crédito
2026-08-31 15:42:28.860870;1884;Salvador;Elias Damasco;Monitor;Germaine Campbell;feminino;Cartão de Débito
2026-08-31 15:48:28.930379;1885;São Paulo;Maria Antonia;Notebook;Michael Gorenberg;masculino;Cartão de Crédito
2026-08-31 16:51:25.262343;1886;Salvador;Pedro Alves;Monitor;Cameron Dishner;masculino;Cartão de Crédito
2026-08-31 16:57:26.608025;1887;Florianópolis;Paulo André;Notebook;Willie Brown;masculino;Boleto
2026-09-01 00:23:20.566195;1888;Porto Alegre;Diego Costa;Notebook;Patricia Sutton;feminino;Pix
2026-09-01 00:52:27.581516;1889;Florianópolis;Paulo André;Cadeira;Bryan Henderson;masculino;Boleto
2026-09-01 15:00:28.043517;1890;Rio de Janeiro;Ricardo Bonfim;Cadeira;Maria Cummings;feminino;Cartão de Crédito
2026-09-01 15:16:20.595047;1891;Salvador;Pedro Alves;Cadeira;Agnes Pace;feminino;Cartão de Débito
2026-09-01 16:33:25.123718;1892;Rio de Janeiro;Ricardo Bonfim;Celular;Janice Goldschmidt;feminino;Cartão de Crédito
2026-09-01 18:00:27.266918;1893;Florianópolis;Rafaela Alves;Teclado;Willie Ortega;feminino;Boleto
2026-09-01 18:01:28.670211;1894;Florianópolis;Rafaela Alves;Cadeira;Ruby Evans;feminino;Boleto
2026-09-01 19:54:27.557757;1895;Porto Alegre;Breno Antônio;Celular;Gloria Harpe;feminino;Dinheiro
2026-09-02 18:40:24.569938;1896;Rio de Janeiro;Stephanie Riga;Notebook;Elaine Sutch;feminino;Cartão de Débito
2026-09-03 00:27:17.598691;1897;Salvador;Viviane Souza;Teclado;William Navarro;masculino;Cartão de Débito
2026-09-03 17:57:23.653879;1898;Florianópolis;Paulo André;Monitor;Joel White;masculino;Cartão de Débito
2026-09-03 20:21:20.460233;1899;São Paulo;João Marcos;Celular;Johnny Bishop;masculino;Pix
2026-09-04 00:06:22.932562;1900;Rio de Janeiro;Juliana Bonde;Cadeira;Rosa Watts;feminino;Pix
2026-09-04 18:44:25.338871;1901;Salvador;Viviane Souza;Notebook;Charlie Colony;masculino;Cartão de Crédito
2026-09-04 23:52:28.988130;1902;Rio de Janeiro;Ricardo Bonfim;Cadeira;Roberta Hirsch;feminino;Cartão de Crédito
2026-09-05 00:07:22.756888;1903;Belo Horizonte;Eduardo Silva;Celular;Sonya Mirr;feminino;Cartão de Crédito
2026-09-05 01:09:22.680136;1904;São Paulo;Pedro Almeida;Notebook;Kimberly Ashby;feminino;Cartão de Débito
2026-09-05 18:11:26.153123;1905;Porto Alegre;Breno Antônio;Celular;Carl Luhman;masculino;Dinheiro
2026-09-05 19:14:24.058495;1906;São Paulo;Maria Antonia;Cadeira;Lorenzo Bryant;masculino;Boleto
2026-09-05 22:22:28.849208;1907;São Paulo;Maria Antonia;Cadeira;Pamela Tobin;feminino;Pix
2026-09-06 18:41:26.335661;1908;Rio de Janeiro;Ricardo Bonfim;Mouse;Stephen Doyle;masculino;Pix
2026-09-06 18:44:21.666138;1909;São Paulo;Pedro Almeida;Teclado;Jewell Tusing;feminino;Cartão de Débito
2026-09-06 18:48:20.795581;1910;Florianópolis;Paulo André;Notebook;Robert Rowland;masculino;Boleto
2026-09-06 21:43:18.686135;1911;Salvador;Pedro Alves;Teclado;Lorene Lenhart;feminino;Cartão de Crédito
2026-09-06 21:51:26.994378;1912;Porto Alegre;Breno Antônio;Cadeira;John Mayes;masculino;Pix
2026-09-06 21:55:29.131062;1913;São Paulo;Pedro Almeida;Cadeira;Gary Mckinney;masculino;Dinheiro
2026-09-06 22:29:26.538275;1914;Florianópolis;José Elias;Monitor;David Bentley;masculino;Dinheiro
2026-09-06 23:11:25.951669;1915;Florianópolis;Paulo André;Notebook;Fidel Mace;masculino;Cartão de Crédito
2026-09-06 23:18:25.756990;1916;São Paulo;Pedro Almeida;Mouse;Richard Nghiem;masculino;Pix
2026-09-07 14:26:23.670358;1917;Rio de Janeiro;Juliana Bonde;Celular;Michael Griego;masculino;Cartão de Crédito
2026-09-07 15:32:27.581146;1918;Belo Horizonte;Paola Luz;Celular;Karen Smith;feminino;Pix
2026-09-07 16:56:24.735554;1919;Salvador;Elias Damasco;Notebook;Aimee Staton;feminino;Pix
2026-09-07 21:55:26.059167;1920;Belo Horizonte;Lucas Bernardo;Mouse;Nicolas Frye;masculino;Cartão de Débito
2026-09-07 22:58:20.604364;1921;São Paulo;João Marcos;Teclado;Timothy Mobley;masculino;Pix
2026-09-08 17:50:26.254444;1922;São Paulo;João Marcos;Teclado;Peggy Starks;feminino;Cartão de Débito
2026-09-08 21:35:23.903511;1923;Florianópolis;Rafaela Alves;Monitor;Toni Arno;feminino;Cartão de Crédito
2026-09-08 21:51:21.950460;1924;Porto Alegre;André Lima;Cadeira;Gerard Jeffcoat;masculino;Pix
2026-09-08 22:03:18.314650;1925;Belo Horizonte;Paola Luz;Teclado;John Jamison;masculino;Dinheiro
2026-09-08 22:04:25.135564;1926;Porto Alegre;André Lima;Celular;William Hannah;masculino;Cartão de Crédito
2026-09-08 22:55:18.285862;1927;Belo Horizonte;Lucas Bernardo;Celular;Mary Rizzi;feminino;Pix
2026-09-09 15:40:27.105267;1928;São Paulo;Maria Antonia;Mouse;Audrey Keys;feminino;Dinheiro
2026-09-09 16:00:22.632570;1929;Salvador;Elias Damasco;Cadeira;Albert Viars;masculino;Dinheiro
2026-09-09 19:22:26.902271;1930;São Paulo;Pedro Almeida;Celular;Lisa Carter;feminino;Pix
2026-09-09 20:59:28.872837;1931;Salvador;Viviane Souza;Celular;Johnathan Dickenson;masculino;Cartão de Débito
2026-09-09 21:42:25.784959;1932;Rio de Janeiro;Ricardo Bonfim;Monitor;David Finn;masculino;Dinheiro
2026-09-09 22:54:26.506980;1933;Rio de Janeiro;Juliana Bonde;Celular;Marie Reyes;feminino;Boleto
2026-09-09 23:29:22.442148;1934;Florianópolis;Rafaela Alves;Notebook;Rick Martin;masculino;Cartão de Débito
2026-09-10 17:19:23.118953;1935;Salvador;Elias Damasco;Cadeira;Richard Vela;masculino;Cartão de Crédito
2026-09-10 19:11:20.921018;1936;Rio de Janeiro;Ricardo Bonfim;Mouse;Janice Mabon;feminino;Cartão de Débito
2026-09-10 23:05:17.489364;1937;Porto Alegre;Breno Antônio;Cadeira;Lisa Johnson;feminino;Pix
2026-09-10 23:33:22.239750;1938;São Paulo;Maria Antonia;Notebook;Son King;masculino;Pix
2026-09-11 16:17:21.053151;1939;São Paulo;Pedro Almeida;Monitor;Brian Hayton;masculino;Pix
2026-09-11 18:34:18.668639;1940;Florianópolis;Paulo André;Monitor;Jason Easley;masculino;Cartão de Débito
2026-09-11 19:24:23.104186;1941;Belo Horizonte;Lucas Bernardo;Teclado;Ruth Coleman;feminino;Dinheiro
2026-09-11 20:21:22.271341;1942;Belo Horizonte;Eduardo Silva;Teclado;Joye Bullion;feminino;Boleto
2026-09-11 20:41:27.106588;1943;Rio de Janeiro;Ricardo Bonfim;Notebook;Martina Stigall;feminino;Boleto
2026-09-11 21:26:29.108604;1944;Salvador;Elias Damasco;Mouse;Monica Burns;feminino;Cartão de Débito
2026-09-11 22:04:19.213878;1945;Florianópolis;José Elias;Mouse;Geraldine Harris;feminino;Cartão de Crédito
2026-09-11 22:23:19.362713;1946;Porto Alegre;Breno Antônio;Celular;Jennifer Wentz;feminino;Cartão de Débito
2026-09-12 01:03:28.026120;1947;Belo Horizonte;Eduardo Silva;Mouse;Crystal Henderson;feminino;Boleto
2026-09-12 14:34:22.441303;1948;Rio de Janeiro;Stephanie Riga;Teclado;Tiffany Pena;feminino;Boleto
2026-09-12 15:31:24.646146;1949;Florianópolis;Rafaela Alves;Cadeira;Lida Newman;feminino;Cartão de Crédito
2026-09-12 17:03:23.902290;1950;Salvador;Elias Damasco;Cadeira;Alicia Frazier;feminino;Pix
2026-09-12 17:40:28.609752;1951;Rio de Janeiro;Juliana Bonde;Monitor;Gabriel Preston;masculino;Boleto
2026-09-12 19:40:18.320543;1952;Rio de Janeiro;Ricardo Bonfim;Monitor;Juan Hewitt;masculino;Cartão de Crédito
2026-09-12 19:51:28.657245;1953;Rio de Janeiro;Ricardo Bonfim;Celular;Regina Jones;feminino;Cartão de Débito
2026-09-12 20:15:28.042872;1954;Rio de Janeiro;Stephanie Riga;Notebook;Joseph Thompson;masculino;Dinheiro
2026-09-12 21:43:28.621794;1955;Porto Alegre;André Lima;Teclado;Ricardo Kelly;masculino;Pix
2026-09-13 00:01:19.057724;1956;Rio de Janeiro;Stephanie Riga;Mouse;Bette Ginther;feminino;Cartão de Débito
2026-09-13 00:15:20.966251;1957;São Paulo;João Marcos;Mouse;Hugh Hamill;masculino;Dinheiro
2026-09-13 14:38:22.287546;1958;Belo Horizonte;Lucas Bernardo;Monitor;Kenneth Gabriel;masculino;Dinheiro
2026-09-13 17:11:17.386316;1959;Rio de Janeiro;Ricardo Bonfim;Celular;Rebecca Diaz;feminino;Cartão de Débito
2026-09-13 19:03:23.985137;1960;Rio de Janeiro;Ricardo Bonfim;Cadeira;Antonio Fly;masculino;Dinheiro
2026-09-13 19:34:29.109325;1961;Belo Horizonte;Eduardo Silva;Mouse;Jimmy Spence;masculino;Pix
2026-09-13 19:40:20.732660;1962;Rio de Janeiro;Stephanie Riga;Teclado;Richard Taylor;masculino;Boleto
2026-09-13 21:34:22.666037;1963;Salvador;Viviane Souza;Mouse;Allyson Mora;feminino;Pix
2026-09-13 21:44:20.364608;1964;Rio de Janeiro;Juliana Bonde;Notebook;Linda Taylor;feminino;Cartão de Débito
2026-09-13 22:39:23.259236;1965;São Paulo;Pedro Almeida;Teclado;Jennifer Thomas;feminino;Boleto
2026-09-14 00:56:18.232990;1966;Salvador;Viviane Souza;Teclado;Kenneth Barnett;masculino;Boleto
2026-09-14 17:05:20.320192;1967;Belo Horizonte;Eduardo Silva;Notebook;Catherine Robbins;feminino;Pix
2026-09-14 21:08:20.072541;1968;Salvador;Viviane Souza;Monitor;Margaret Little;feminino;Cartão de Débito
2026-09-15 14:31:26.629689;1969;Rio de Janeiro;Juliana Bonde;Mouse;Charlene Tarver;feminino;Cartão de Crédito
2026-09-15 18:55:26.151954;1970;Belo Horizonte;Paola Luz;Cadeira;Patricia Johnson;feminino;Boleto
2026-09-15 19:40:23.654210;1971;Rio de Janeiro;Ricardo Bonfim;Mouse;Caroline Glowacki;feminino;Boleto
2026-09-15 19:53:23.521291;1972;Salvador;Elias Damasco;Teclado;James Norman;masculino;Pix
2026-09-15 22:47:19.286775;1973;São Paulo;Pedro Almeida;Cadeira;Ernestine Louis;feminino;Pix
2026-09-16 00:13:24.565693;1974;Salvador;Pedro Alves;Teclado;Reid Falcone;masculino;Dinheiro
2026-09-16 17:56:23.362980;1975;São Paulo;João Marcos;Cadeira;Randy Hodosy;masculino;Pix
2026-09-16 20:24:18.685309;1976;Florianópolis;José Elias;Celular;Jesus Manning;masculino;Cartão de Débito
2026-09-16 21:07:26.336762;1977;Salvador;Elias Damasco;Celular;Etta Martino;feminino;Pix
2026-09-17 19:36:25.756412;1978;Florianópolis;Rafaela Alves;Monitor;Dan Reed;masculino;Pix
2026-09-17 20:37:19.917701;1979;Rio de Janeiro;Stephanie Riga;Celular;Ronald Norcross;masculino;Pix
2026-09-17 21:44:25.298040;1980;Rio de Janeiro;Stephanie Riga;Mouse;Michael Coley;masculino;Dinheiro
2026-09-18 00:24:23.530330;1981;Rio de Janeiro;Ricardo Bonfim;Notebook;Patricia Brammell;feminino;Pix
2026-09-18 14:20:19.019696;1982;Belo Horizonte;Eduardo Silva;Monitor;Linda Khalid;feminino;Dinheiro
2026-09-18 15:32:25.184142;1983;São Paulo;Pedro Almeida;Notebook;Evelyn Swan;feminino;Boleto
2026-09-18 16:44:23.974273;1984;Porto Alegre;Diego Costa;Monitor;Katrina Weidler;feminino;Dinheiro
2026-09-18 17:48:26.541309;1985;Rio de Janeiro;Juliana Bonde;Celular;Janelle Dulac;feminino;Dinheiro
2026-09-18 18:32:22.313569;1986;Porto Alegre;Breno Antônio;Teclado;Joe Prickett;masculino;Pix
2026-09-19 16:47:21.663307;1987;Salvador;Elias Damasco;Mouse;Brian Gonzalez;masculino;Cartão de Débito
2026-09-19 16:47:28.990877;1988;Florianópolis;Paulo André;Notebook;Margaret Ashbrook;feminino;Pix
2026-09-19 17:54:22.647971;1989;Belo Horizonte;Paola Luz;Notebook;James Taylor;masculino;Cartão de Débito
2026-09-19 21:42:21.460599;1990;São Paulo;Pedro Almeida;Mouse;Nicole Gorby;feminino;Boleto
2026-09-19 22:11:24.056865;1991;Porto Alegre;Diego Costa;Mouse;James Gamble;masculino;Boleto
2026-09-19 23:42:19.271233;1992;Belo Horizonte;Eduardo Silva;Celular;Joseph Seal;masculino;Boleto
2026-09-20 00:12:26.299433;1993;Florianópolis;Paulo André;Teclado;Robert Bruno;masculino;Cartão de Débito
2026-09-20 15:36:19.165406;1994;Florianópolis;Rafaela Alves;Monitor;Donna Duarte;feminino;Boleto
2026-09-20 17:30:27.766967;1995;São Paulo;Pedro Almeida;Mouse;Renae Phelps;feminino;Dinheiro
2026-09-20 17:53:22.242168;1996;Florianópolis;José Elias;Monitor;Ida Kujawa;feminino;Boleto
2026-09-20 19:34:19.893589;1997;Salvador;Pedro Alves;Notebook;Sam Stewart;masculino;Boleto
2026-09-20 22:43:20.976987;1998;São Paulo;João Marcos;Teclado;Allyson Ancheta;feminino;Boleto
2026-09-21 00:46:23.912217;1999;Belo Horizonte;Lucas Bernardo;Notebook;Alana Gray;feminino;Boleto
