[0m18:29:46.146947 [debug] [MainThread]: Sending event: {'category': 'dbt', 'action': 'invocation', 'label': 'start', 'context': [<snowplow_tracker.self_describing_json.SelfDescribingJson object at 0x0000018D260EC1A0>, <snowplow_tracker.self_describing_json.SelfDescribingJson object at 0x0000018D23904E10>, <snowplow_tracker.self_describing_json.SelfDescribingJson object at 0x0000018D2887F9D0>]}


============================== 18:29:46.155330 | 1c69edcf-211c-48b9-98a0-6bcf8cd67960 ==============================
[0m18:29:46.155330 [info ] [MainThread]: Running with dbt=1.12.3
[0m18:29:46.155920 [debug] [MainThread]: running dbt with arguments {'static_parser': 'True', 'no_print': 'None', 'version_check': 'True', 'target_path': 'None', 'maximum_seed_size_mib': '1', 'warn_error_options': 'WarnErrorOptionsV2(error=[], warn=[], silence=[])', 'printer_width': '80', 'write_json': 'True', 'empty': 'None', 'log_cache_events': 'False', 'introspect': 'True', 'cache_selected_only': 'False', 'fail_fast': 'False', 'debug': 'False', 'log_format': 'default', 'partial_parse': 'True', 'send_anonymous_usage_stats': 'True', 'quiet': 'False', 'warn_error': 'None', 'profiles_dir': 'C:\\Users\\User\\.dbt', 'use_colors': 'True', 'hints_enabled': 'True', 'invocation_command': 'dbt parse', 'use_experimental_parser': 'False', 'indirect_selection': 'eager', 'log_path': 'C:\\Users\\User\\Documents\\Curso Python\\Projeto de Engenharia de Dados\\dbt_vendas\\logs'}
[0m18:29:46.650330 [debug] [MainThread]: Sending event: {'category': 'dbt', 'action': 'project_id', 'label': '1c69edcf-211c-48b9-98a0-6bcf8cd67960', 'context': [<snowplow_tracker.self_describing_json.SelfDescribingJson object at 0x0000018D289323F0>]}
[0m18:29:46.724474 [debug] [MainThread]: Sending event: {'category': 'dbt', 'action': 'adapter_info', 'label': '1c69edcf-211c-48b9-98a0-6bcf8cd67960', 'context': [<snowplow_tracker.self_describing_json.SelfDescribingJson object at 0x0000018D240DF790>]}
[0m18:29:46.725615 [info ] [MainThread]: Registered adapter: sqlserver=1.11.1
[0m18:29:47.104049 [warn ] [MainThread]: [[33mWARNING[0m]: When True, uses SQL Server-native string type mappings: STRING -> VARCHAR(MAX), NCHAR -> NCHAR(1), NVARCHAR -> NVARCHAR(4000). When False (default), preserves legacy mappings: STRING and NVARCHAR -> VARCHAR(8000), NCHAR -> CHAR(1). The new behaviour is intended to become the default in a future release.
You may opt into the new behavior sooner by setting `flags.dbt_sqlserver_use_native_string_types` to `True` in `dbt_project.yml`.
Visit https://docs.getdbt.com/reference/global-configs/behavior-changes for more information.
[0m18:29:47.104710 [debug] [MainThread]: Sending event: {'category': 'dbt', 'action': 'BehaviorChangeEvent', 'label': '1c69edcf-211c-48b9-98a0-6bcf8cd67960', 'context': [<snowplow_tracker.self_describing_json.SelfDescribingJson object at 0x0000018D28CE6750>]}
[0m18:29:47.105038 [warn ] [MainThread]: [[33mWARNING[0m]: When True, dbt transaction hooks (begin/commit) emit real T-SQL BEGIN TRANSACTION / COMMIT TRANSACTION statements. When False (default and legacy), begin/commit are no-ops and each statement is auto-committed by the driver. This means earlier successful statements are not rolled back if a later statement fails. This behavior is intended to become the default in a future release.
You may opt into the new behavior sooner by setting `flags.dbt_sqlserver_use_dbt_transactions` to `True` in `dbt_project.yml`.
Visit https://docs.getdbt.com/reference/global-configs/behavior-changes for more information.
[0m18:29:47.105431 [debug] [MainThread]: Sending event: {'category': 'dbt', 'action': 'BehaviorChangeEvent', 'label': '1c69edcf-211c-48b9-98a0-6bcf8cd67960', 'context': [<snowplow_tracker.self_describing_json.SelfDescribingJson object at 0x0000018D28F97C50>]}
[0m18:29:47.133620 [debug] [MainThread]: checksum: 322f88ac24e63d47c1d31b5534f5eab777388b114faa788d6e85c1bcb9efb5d4, vars: {}, profile: dbt_vendas, target: dev, version: 1.12.3
[0m18:29:47.135864 [info ] [MainThread]: Unable to do partial parsing because saved manifest not found. Starting full parse.
[0m18:29:47.136716 [debug] [MainThread]: Sending event: {'category': 'dbt', 'action': 'partial_parser', 'label': '1c69edcf-211c-48b9-98a0-6bcf8cd67960', 'context': [<snowplow_tracker.self_describing_json.SelfDescribingJson object at 0x0000018D290274D0>]}
[0m18:29:49.678078 [warn ] [MainThread]: [[33mWARNING[0m]: When True, uses dbt-core's standard schema concatenation (`target.schema` + `_` + `custom_schema_name`). When False (default), uses legacy adapter behaviour: `custom_schema_name` is used directly without prefixing `target.schema`. For a permanent solution, override the `sqlserver__generate_schema_name` macro in your project instead.
You may opt into the new behavior sooner by setting `flags.dbt_sqlserver_use_default_schema_concat` to `True` in `dbt_project.yml`.
Visit https://docs.getdbt.com/reference/global-configs/behavior-changes for more information.
[0m18:29:49.679256 [debug] [MainThread]: Sending event: {'category': 'dbt', 'action': 'BehaviorChangeEvent', 'label': '1c69edcf-211c-48b9-98a0-6bcf8cd67960', 'context': [<snowplow_tracker.self_describing_json.SelfDescribingJson object at 0x0000018D298BFD40>]}
[0m18:29:50.100993 [warn ] [MainThread]: [[33mWARNING[0m]: Configuration paths exist in your dbt_project.yml file which do not apply to any resources.
There are 1 unused configuration paths:
- models.dbt_vendas.marts
[0m18:29:50.107841 [debug] [MainThread]: Sending event: {'category': 'dbt', 'action': 'load_project', 'label': '1c69edcf-211c-48b9-98a0-6bcf8cd67960', 'context': [<snowplow_tracker.self_describing_json.SelfDescribingJson object at 0x0000018D2AD090D0>]}
[0m18:29:50.113393 [info ] [MainThread]: Performance info: C:\Users\User\Documents\Curso Python\Projeto de Engenharia de Dados\dbt_vendas\target\perf_info.json
[0m18:29:50.216031 [debug] [MainThread]: Wrote artifact WritableManifest to C:\Users\User\Documents\Curso Python\Projeto de Engenharia de Dados\dbt_vendas\target\manifest.json
[0m18:29:50.236584 [debug] [MainThread]: Wrote artifact SemanticManifest to C:\Users\User\Documents\Curso Python\Projeto de Engenharia de Dados\dbt_vendas\target\semantic_manifest.json
[0m18:29:50.332017 [debug] [MainThread]: Wrote artifact OsiDocument to C:\Users\User\Documents\Curso Python\Projeto de Engenharia de Dados\dbt_vendas\target\osi_document.json
[0m18:29:50.332911 [debug] [MainThread]: Command `dbt parse` succeeded at 18:29:50.332807 after 4.35 seconds
[0m18:29:50.333220 [debug] [MainThread]: Sending event: {'category': 'dbt', 'action': 'invocation', 'label': 'end', 'context': [<snowplow_tracker.self_describing_json.SelfDescribingJson object at 0x0000018D2421FA10>, <snowplow_tracker.self_describing_json.SelfDescribingJson object at 0x0000018D2B1E44B0>, <snowplow_tracker.self_describing_json.SelfDescribingJson object at 0x0000018D2B1E4690>]}
[0m18:29:50.333571 [debug] [MainThread]: Flushing usage events
[0m18:29:51.246352 [debug] [MainThread]: An error was encountered while trying to flush usage events
[0m18:31:07.074225 [debug] [MainThread]: Sending event: {'category': 'dbt', 'action': 'invocation', 'label': 'start', 'context': [<snowplow_tracker.self_describing_json.SelfDescribingJson object at 0x0000021EE668C1A0>, <snowplow_tracker.self_describing_json.SelfDescribingJson object at 0x0000021EE3E9CF50>, <snowplow_tracker.self_describing_json.SelfDescribingJson object at 0x0000021EE8E1F9D0>]}


============================== 18:31:07.080117 | 8c683485-d087-4167-9908-0321653e1535 ==============================
[0m18:31:07.080117 [info ] [MainThread]: Running with dbt=1.12.3
[0m18:31:07.080779 [debug] [MainThread]: running dbt with arguments {'maximum_seed_size_mib': '1', 'no_print': 'None', 'static_parser': 'True', 'warn_error_options': 'WarnErrorOptionsV2(error=[], warn=[], silence=[])', 'version_check': 'True', 'target_path': 'None', 'printer_width': '80', 'write_json': 'True', 'empty': 'None', 'log_cache_events': 'False', 'introspect': 'True', 'cache_selected_only': 'False', 'log_format': 'default', 'debug': 'False', 'fail_fast': 'False', 'partial_parse': 'True', 'send_anonymous_usage_stats': 'True', 'quiet': 'False', 'warn_error': 'None', 'profiles_dir': 'C:\\Users\\User\\.dbt', 'invocation_command': 'dbt parse', 'hints_enabled': 'True', 'indirect_selection': 'eager', 'use_experimental_parser': 'False', 'use_colors': 'True', 'log_path': 'C:\\Users\\User\\Documents\\Curso Python\\Projeto de Engenharia de Dados\\dbt_vendas\\logs'}
[0m18:31:07.447855 [debug] [MainThread]: Sending event: {'category': 'dbt', 'action': 'project_id', 'label': '8c683485-d087-4167-9908-0321653e1535', 'context': [<snowplow_tracker.self_describing_json.SelfDescribingJson object at 0x0000021EE8ED23F0>]}
[0m18:31:07.515747 [debug] [MainThread]: Sending event: {'category': 'dbt', 'action': 'adapter_info', 'label': '8c683485-d087-4167-9908-0321653e1535', 'context': [<snowplow_tracker.self_describing_json.SelfDescribingJson object at 0x0000021EE467F790>]}
[0m18:31:07.517785 [info ] [MainThread]: Registered adapter: sqlserver=1.11.1
[0m18:31:07.817574 [warn ] [MainThread]: [[33mWARNING[0m]: When True, uses SQL Server-native string type mappings: STRING -> VARCHAR(MAX), NCHAR -> NCHAR(1), NVARCHAR -> NVARCHAR(4000). When False (default), preserves legacy mappings: STRING and NVARCHAR -> VARCHAR(8000), NCHAR -> CHAR(1). The new behaviour is intended to become the default in a future release.
You may opt into the new behavior sooner by setting `flags.dbt_sqlserver_use_native_string_types` to `True` in `dbt_project.yml`.
Visit https://docs.getdbt.com/reference/global-configs/behavior-changes for more information.
[0m18:31:07.818468 [debug] [MainThread]: Sending event: {'category': 'dbt', 'action': 'BehaviorChangeEvent', 'label': '8c683485-d087-4167-9908-0321653e1535', 'context': [<snowplow_tracker.self_describing_json.SelfDescribingJson object at 0x0000021EE9272750>]}
[0m18:31:07.818954 [warn ] [MainThread]: [[33mWARNING[0m]: When True, dbt transaction hooks (begin/commit) emit real T-SQL BEGIN TRANSACTION / COMMIT TRANSACTION statements. When False (default and legacy), begin/commit are no-ops and each statement is auto-committed by the driver. This means earlier successful statements are not rolled back if a later statement fails. This behavior is intended to become the default in a future release.
You may opt into the new behavior sooner by setting `flags.dbt_sqlserver_use_dbt_transactions` to `True` in `dbt_project.yml`.
Visit https://docs.getdbt.com/reference/global-configs/behavior-changes for more information.
[0m18:31:07.819444 [debug] [MainThread]: Sending event: {'category': 'dbt', 'action': 'BehaviorChangeEvent', 'label': '8c683485-d087-4167-9908-0321653e1535', 'context': [<snowplow_tracker.self_describing_json.SelfDescribingJson object at 0x0000021EE9527C50>]}
[0m18:31:07.829071 [debug] [MainThread]: checksum: 322f88ac24e63d47c1d31b5534f5eab777388b114faa788d6e85c1bcb9efb5d4, vars: {}, profile: dbt_vendas, target: dev, version: 1.12.3
[0m18:31:08.006769 [debug] [MainThread]: Partial parsing enabled: 0 files deleted, 0 files added, 0 files changed.
[0m18:31:08.007235 [debug] [MainThread]: Nothing changed, skipping partial parsing.
[0m18:31:08.007533 [debug] [MainThread]: Partial parsing enabled, no changes found, skipping parsing
[0m18:31:08.014399 [warn ] [MainThread]: [[33mWARNING[0m]: Configuration paths exist in your dbt_project.yml file which do not apply to any resources.
There are 1 unused configuration paths:
- models.dbt_vendas.marts
[0m18:31:08.019155 [debug] [MainThread]: Sending event: {'category': 'dbt', 'action': 'load_project', 'label': '8c683485-d087-4167-9908-0321653e1535', 'context': [<snowplow_tracker.self_describing_json.SelfDescribingJson object at 0x0000021EE9A31A90>]}
[0m18:31:08.023571 [info ] [MainThread]: Performance info: C:\Users\User\Documents\Curso Python\Projeto de Engenharia de Dados\dbt_vendas\target\perf_info.json
[0m18:31:08.163161 [debug] [MainThread]: Wrote artifact WritableManifest to C:\Users\User\Documents\Curso Python\Projeto de Engenharia de Dados\dbt_vendas\target\manifest.json
[0m18:31:08.168020 [debug] [MainThread]: Wrote artifact SemanticManifest to C:\Users\User\Documents\Curso Python\Projeto de Engenharia de Dados\dbt_vendas\target\semantic_manifest.json
[0m18:31:08.206511 [debug] [MainThread]: Wrote artifact OsiDocument to C:\Users\User\Documents\Curso Python\Projeto de Engenharia de Dados\dbt_vendas\target\osi_document.json
[0m18:31:08.207600 [debug] [MainThread]: Command `dbt parse` succeeded at 18:31:08.207454 after 1.29 seconds
[0m18:31:08.208026 [debug] [MainThread]: Sending event: {'category': 'dbt', 'action': 'invocation', 'label': 'end', 'context': [<snowplow_tracker.self_describing_json.SelfDescribingJson object at 0x0000021EE8C8D7E0>, <snowplow_tracker.self_describing_json.SelfDescribingJson object at 0x0000021EE9841F10>, <snowplow_tracker.self_describing_json.SelfDescribingJson object at 0x0000021EE9842510>]}
[0m18:31:08.208354 [debug] [MainThread]: Flushing usage events
[0m18:31:09.092777 [debug] [MainThread]: An error was encountered while trying to flush usage events
[0m18:31:20.563400 [debug] [MainThread]: Sending event: {'category': 'dbt', 'action': 'invocation', 'label': 'start', 'context': [<snowplow_tracker.self_describing_json.SelfDescribingJson object at 0x000002746214C1A0>, <snowplow_tracker.self_describing_json.SelfDescribingJson object at 0x000002745F95CF50>, <snowplow_tracker.self_describing_json.SelfDescribingJson object at 0x00000274648DF9D0>]}


============================== 18:31:20.569177 | bde418ae-8901-490e-ab99-e3e868483a43 ==============================
[0m18:31:20.569177 [info ] [MainThread]: Running with dbt=1.12.3
[0m18:31:20.569730 [debug] [MainThread]: running dbt with arguments {'maximum_seed_size_mib': '1', 'no_print': 'None', 'version_check': 'True', 'target_path': 'None', 'warn_error_options': 'WarnErrorOptionsV2(error=[], warn=[], silence=[])', 'static_parser': 'True', 'printer_width': '80', 'write_json': 'True', 'introspect': 'True', 'log_cache_events': 'False', 'empty': 'None', 'cache_selected_only': 'False', 'log_format': 'default', 'debug': 'False', 'fail_fast': 'False', 'partial_parse': 'True', 'send_anonymous_usage_stats': 'True', 'quiet': 'False', 'warn_error': 'None', 'profiles_dir': 'C:\\Users\\User\\.dbt', 'indirect_selection': 'eager', 'hints_enabled': 'True', 'use_colors': 'True', 'use_experimental_parser': 'False', 'invocation_command': 'dbt parse', 'log_path': 'C:\\Users\\User\\Documents\\Curso Python\\Projeto de Engenharia de Dados\\dbt_vendas\\logs'}
[0m18:31:20.970928 [debug] [MainThread]: Sending event: {'category': 'dbt', 'action': 'project_id', 'label': 'bde418ae-8901-490e-ab99-e3e868483a43', 'context': [<snowplow_tracker.self_describing_json.SelfDescribingJson object at 0x00000274649923F0>]}
[0m18:31:21.043492 [debug] [MainThread]: Sending event: {'category': 'dbt', 'action': 'adapter_info', 'label': 'bde418ae-8901-490e-ab99-e3e868483a43', 'context': [<snowplow_tracker.self_describing_json.SelfDescribingJson object at 0x000002746013F790>]}
[0m18:31:21.045365 [info ] [MainThread]: Registered adapter: sqlserver=1.11.1
[0m18:31:21.358322 [warn ] [MainThread]: [[33mWARNING[0m]: When True, uses SQL Server-native string type mappings: STRING -> VARCHAR(MAX), NCHAR -> NCHAR(1), NVARCHAR -> NVARCHAR(4000). When False (default), preserves legacy mappings: STRING and NVARCHAR -> VARCHAR(8000), NCHAR -> CHAR(1). The new behaviour is intended to become the default in a future release.
You may opt into the new behavior sooner by setting `flags.dbt_sqlserver_use_native_string_types` to `True` in `dbt_project.yml`.
Visit https://docs.getdbt.com/reference/global-configs/behavior-changes for more information.
[0m18:31:21.358978 [debug] [MainThread]: Sending event: {'category': 'dbt', 'action': 'BehaviorChangeEvent', 'label': 'bde418ae-8901-490e-ab99-e3e868483a43', 'context': [<snowplow_tracker.self_describing_json.SelfDescribingJson object at 0x0000027464CC2750>]}
[0m18:31:21.359312 [warn ] [MainThread]: [[33mWARNING[0m]: When True, dbt transaction hooks (begin/commit) emit real T-SQL BEGIN TRANSACTION / COMMIT TRANSACTION statements. When False (default and legacy), begin/commit are no-ops and each statement is auto-committed by the driver. This means earlier successful statements are not rolled back if a later statement fails. This behavior is intended to become the default in a future release.
You may opt into the new behavior sooner by setting `flags.dbt_sqlserver_use_dbt_transactions` to `True` in `dbt_project.yml`.
Visit https://docs.getdbt.com/reference/global-configs/behavior-changes for more information.
[0m18:31:21.359797 [debug] [MainThread]: Sending event: {'category': 'dbt', 'action': 'BehaviorChangeEvent', 'label': 'bde418ae-8901-490e-ab99-e3e868483a43', 'context': [<snowplow_tracker.self_describing_json.SelfDescribingJson object at 0x0000027464F77C50>]}
[0m18:31:21.371070 [debug] [MainThread]: checksum: 322f88ac24e63d47c1d31b5534f5eab777388b114faa788d6e85c1bcb9efb5d4, vars: {}, profile: dbt_vendas, target: dev, version: 1.12.3
[0m18:31:21.564463 [debug] [MainThread]: Partial parsing enabled: 0 files deleted, 0 files added, 0 files changed.
[0m18:31:21.564838 [debug] [MainThread]: Nothing changed, skipping partial parsing.
[0m18:31:21.565076 [debug] [MainThread]: Partial parsing enabled, no changes found, skipping parsing
[0m18:31:21.574675 [warn ] [MainThread]: [[33mWARNING[0m]: Configuration paths exist in your dbt_project.yml file which do not apply to any resources.
There are 1 unused configuration paths:
- models.dbt_vendas.marts
[0m18:31:21.580684 [debug] [MainThread]: Sending event: {'category': 'dbt', 'action': 'load_project', 'label': 'bde418ae-8901-490e-ab99-e3e868483a43', 'context': [<snowplow_tracker.self_describing_json.SelfDescribingJson object at 0x0000027465481A90>]}
[0m18:31:21.585964 [info ] [MainThread]: Performance info: C:\Users\User\Documents\Curso Python\Projeto de Engenharia de Dados\dbt_vendas\target\perf_info.json
[0m18:31:21.753497 [debug] [MainThread]: Wrote artifact WritableManifest to C:\Users\User\Documents\Curso Python\Projeto de Engenharia de Dados\dbt_vendas\target\manifest.json
[0m18:31:21.758467 [debug] [MainThread]: Wrote artifact SemanticManifest to C:\Users\User\Documents\Curso Python\Projeto de Engenharia de Dados\dbt_vendas\target\semantic_manifest.json
[0m18:31:21.799642 [debug] [MainThread]: Wrote artifact OsiDocument to C:\Users\User\Documents\Curso Python\Projeto de Engenharia de Dados\dbt_vendas\target\osi_document.json
[0m18:31:21.801443 [debug] [MainThread]: Command `dbt parse` succeeded at 18:31:21.801182 after 1.39 seconds
[0m18:31:21.801949 [debug] [MainThread]: Sending event: {'category': 'dbt', 'action': 'invocation', 'label': 'end', 'context': [<snowplow_tracker.self_describing_json.SelfDescribingJson object at 0x000002746474D7E0>, <snowplow_tracker.self_describing_json.SelfDescribingJson object at 0x000002746528DF10>, <snowplow_tracker.self_describing_json.SelfDescribingJson object at 0x000002746528E510>]}
[0m18:31:21.802280 [debug] [MainThread]: Flushing usage events
[0m18:31:22.635555 [debug] [MainThread]: An error was encountered while trying to flush usage events
[0m18:32:18.889857 [debug] [MainThread]: Sending event: {'category': 'dbt', 'action': 'invocation', 'label': 'start', 'context': [<snowplow_tracker.self_describing_json.SelfDescribingJson object at 0x000001921E91C1A0>, <snowplow_tracker.self_describing_json.SelfDescribingJson object at 0x000001921C134E10>, <snowplow_tracker.self_describing_json.SelfDescribingJson object at 0x00000192210AF9D0>]}


============================== 18:32:18.896923 | 2589a784-92c7-4160-83c1-3497f7e78baa ==============================
[0m18:32:18.896923 [info ] [MainThread]: Running with dbt=1.12.3
[0m18:32:18.897481 [debug] [MainThread]: running dbt with arguments {'version_check': 'True', 'no_print': 'None', 'static_parser': 'True', 'warn_error_options': 'WarnErrorOptionsV2(error=[], warn=[], silence=[])', 'target_path': 'None', 'maximum_seed_size_mib': '1', 'printer_width': '80', 'write_json': 'True', 'empty': 'None', 'log_cache_events': 'False', 'introspect': 'True', 'cache_selected_only': 'False', 'log_format': 'default', 'debug': 'False', 'fail_fast': 'False', 'profiles_dir': 'C:\\Users\\User\\.dbt', 'send_anonymous_usage_stats': 'True', 'quiet': 'False', 'warn_error': 'None', 'partial_parse': 'True', 'invocation_command': 'dbt parse --project-dir dbt_vendas', 'hints_enabled': 'True', 'use_colors': 'True', 'use_experimental_parser': 'False', 'indirect_selection': 'eager', 'log_path': 'dbt_vendas\\logs'}
[0m18:32:19.309856 [debug] [MainThread]: Sending event: {'category': 'dbt', 'action': 'project_id', 'label': '2589a784-92c7-4160-83c1-3497f7e78baa', 'context': [<snowplow_tracker.self_describing_json.SelfDescribingJson object at 0x00000192211463F0>]}
[0m18:32:19.381588 [debug] [MainThread]: Sending event: {'category': 'dbt', 'action': 'adapter_info', 'label': '2589a784-92c7-4160-83c1-3497f7e78baa', 'context': [<snowplow_tracker.self_describing_json.SelfDescribingJson object at 0x000001921C90F790>]}
[0m18:32:19.383821 [info ] [MainThread]: Registered adapter: sqlserver=1.11.1
[0m18:32:19.694337 [warn ] [MainThread]: [[33mWARNING[0m]: When True, uses SQL Server-native string type mappings: STRING -> VARCHAR(MAX), NCHAR -> NCHAR(1), NVARCHAR -> NVARCHAR(4000). When False (default), preserves legacy mappings: STRING and NVARCHAR -> VARCHAR(8000), NCHAR -> CHAR(1). The new behaviour is intended to become the default in a future release.
You may opt into the new behavior sooner by setting `flags.dbt_sqlserver_use_native_string_types` to `True` in `dbt_project.yml`.
Visit https://docs.getdbt.com/reference/global-configs/behavior-changes for more information.
[0m18:32:19.695349 [debug] [MainThread]: Sending event: {'category': 'dbt', 'action': 'BehaviorChangeEvent', 'label': '2589a784-92c7-4160-83c1-3497f7e78baa', 'context': [<snowplow_tracker.self_describing_json.SelfDescribingJson object at 0x00000192214E6750>]}
[0m18:32:19.695802 [warn ] [MainThread]: [[33mWARNING[0m]: When True, dbt transaction hooks (begin/commit) emit real T-SQL BEGIN TRANSACTION / COMMIT TRANSACTION statements. When False (default and legacy), begin/commit are no-ops and each statement is auto-committed by the driver. This means earlier successful statements are not rolled back if a later statement fails. This behavior is intended to become the default in a future release.
You may opt into the new behavior sooner by setting `flags.dbt_sqlserver_use_dbt_transactions` to `True` in `dbt_project.yml`.
Visit https://docs.getdbt.com/reference/global-configs/behavior-changes for more information.
[0m18:32:19.696229 [debug] [MainThread]: Sending event: {'category': 'dbt', 'action': 'BehaviorChangeEvent', 'label': '2589a784-92c7-4160-83c1-3497f7e78baa', 'context': [<snowplow_tracker.self_describing_json.SelfDescribingJson object at 0x0000019221797C50>]}
[0m18:32:19.706469 [debug] [MainThread]: checksum: 322f88ac24e63d47c1d31b5534f5eab777388b114faa788d6e85c1bcb9efb5d4, vars: {}, profile: dbt_vendas, target: dev, version: 1.12.3
[0m18:32:19.877375 [debug] [MainThread]: Partial parsing enabled: 0 files deleted, 0 files added, 0 files changed.
[0m18:32:19.878062 [debug] [MainThread]: Nothing changed, skipping partial parsing.
[0m18:32:19.878407 [debug] [MainThread]: Partial parsing enabled, no changes found, skipping parsing
[0m18:32:19.885443 [warn ] [MainThread]: [[33mWARNING[0m]: Configuration paths exist in your dbt_project.yml file which do not apply to any resources.
There are 1 unused configuration paths:
- models.dbt_vendas.marts
[0m18:32:19.890272 [debug] [MainThread]: Sending event: {'category': 'dbt', 'action': 'load_project', 'label': '2589a784-92c7-4160-83c1-3497f7e78baa', 'context': [<snowplow_tracker.self_describing_json.SelfDescribingJson object at 0x0000019221CA1A90>]}
[0m18:32:19.895168 [info ] [MainThread]: Performance info: dbt_vendas\target\perf_info.json
[0m18:32:20.040623 [debug] [MainThread]: Wrote artifact WritableManifest to dbt_vendas\target\manifest.json
[0m18:32:20.045033 [debug] [MainThread]: Wrote artifact SemanticManifest to dbt_vendas\target\semantic_manifest.json
[0m18:32:20.080950 [debug] [MainThread]: Wrote artifact OsiDocument to dbt_vendas\target\osi_document.json
[0m18:32:20.082530 [debug] [MainThread]: Command `dbt parse` succeeded at 18:32:20.082228 after 1.36 seconds
[0m18:32:20.083106 [debug] [MainThread]: Sending event: {'category': 'dbt', 'action': 'invocation', 'label': 'end', 'context': [<snowplow_tracker.self_describing_json.SelfDescribingJson object at 0x0000019220F1D7E0>, <snowplow_tracker.self_describing_json.SelfDescribingJson object at 0x0000019221AADF10>, <snowplow_tracker.self_describing_json.SelfDescribingJson object at 0x0000019221AAE510>]}
[0m18:32:20.083468 [debug] [MainThread]: Flushing usage events
[0m18:32:21.003722 [debug] [MainThread]: An error was encountered while trying to flush usage events
[0m18:32:46.081229 [debug] [MainThread]: Sending event: {'category': 'dbt', 'action': 'invocation', 'label': 'start', 'context': [<snowplow_tracker.self_describing_json.SelfDescribingJson object at 0x000002128673C1A0>, <snowplow_tracker.self_describing_json.SelfDescribingJson object at 0x0000021283F3CF50>, <snowplow_tracker.self_describing_json.SelfDescribingJson object at 0x0000021288F3B890>]}


============================== 18:32:46.085913 | e15ec5f3-f3f1-46d9-a8b3-7b3960deec0e ==============================
[0m18:32:46.085913 [info ] [MainThread]: Running with dbt=1.12.3
[0m18:32:46.086604 [debug] [MainThread]: running dbt with arguments {'static_parser': 'True', 'no_print': 'None', 'maximum_seed_size_mib': '1', 'target_path': 'None', 'warn_error_options': 'WarnErrorOptionsV2(error=[], warn=[], silence=[])', 'version_check': 'True', 'printer_width': '80', 'write_json': 'True', 'empty': 'False', 'log_cache_events': 'False', 'introspect': 'True', 'cache_selected_only': 'False', 'fail_fast': 'False', 'debug': 'False', 'log_format': 'default', 'profiles_dir': 'C:\\Users\\User\\.dbt', 'send_anonymous_usage_stats': 'True', 'quiet': 'False', 'warn_error': 'None', 'partial_parse': 'True', 'indirect_selection': 'eager', 'hints_enabled': 'True', 'use_colors': 'True', 'use_experimental_parser': 'False', 'invocation_command': 'dbt run', 'log_path': 'C:\\Users\\User\\Documents\\Curso Python\\Projeto de Engenharia de Dados\\dbt_vendas\\logs'}
[0m18:32:46.403112 [debug] [MainThread]: Sending event: {'category': 'dbt', 'action': 'project_id', 'label': 'e15ec5f3-f3f1-46d9-a8b3-7b3960deec0e', 'context': [<snowplow_tracker.self_describing_json.SelfDescribingJson object at 0x0000021288EC3E10>]}
[0m18:32:46.460730 [debug] [MainThread]: Sending event: {'category': 'dbt', 'action': 'adapter_info', 'label': 'e15ec5f3-f3f1-46d9-a8b3-7b3960deec0e', 'context': [<snowplow_tracker.self_describing_json.SelfDescribingJson object at 0x000002128948F570>]}
[0m18:32:46.461648 [info ] [MainThread]: Registered adapter: sqlserver=1.11.1
[0m18:32:46.733759 [warn ] [MainThread]: [[33mWARNING[0m]: When True, uses SQL Server-native string type mappings: STRING -> VARCHAR(MAX), NCHAR -> NCHAR(1), NVARCHAR -> NVARCHAR(4000). When False (default), preserves legacy mappings: STRING and NVARCHAR -> VARCHAR(8000), NCHAR -> CHAR(1). The new behaviour is intended to become the default in a future release.
You may opt into the new behavior sooner by setting `flags.dbt_sqlserver_use_native_string_types` to `True` in `dbt_project.yml`.
Visit https://docs.getdbt.com/reference/global-configs/behavior-changes for more information.
[0m18:32:46.734363 [debug] [MainThread]: Sending event: {'category': 'dbt', 'action': 'BehaviorChangeEvent', 'label': 'e15ec5f3-f3f1-46d9-a8b3-7b3960deec0e', 'context': [<snowplow_tracker.self_describing_json.SelfDescribingJson object at 0x0000021289618350>]}
[0m18:32:46.734683 [warn ] [MainThread]: [[33mWARNING[0m]: When True, dbt transaction hooks (begin/commit) emit real T-SQL BEGIN TRANSACTION / COMMIT TRANSACTION statements. When False (default and legacy), begin/commit are no-ops and each statement is auto-committed by the driver. This means earlier successful statements are not rolled back if a later statement fails. This behavior is intended to become the default in a future release.
You may opt into the new behavior sooner by setting `flags.dbt_sqlserver_use_dbt_transactions` to `True` in `dbt_project.yml`.
Visit https://docs.getdbt.com/reference/global-configs/behavior-changes for more information.
[0m18:32:46.735098 [debug] [MainThread]: Sending event: {'category': 'dbt', 'action': 'BehaviorChangeEvent', 'label': 'e15ec5f3-f3f1-46d9-a8b3-7b3960deec0e', 'context': [<snowplow_tracker.self_describing_json.SelfDescribingJson object at 0x00000212895F66C0>]}
[0m18:32:46.743164 [debug] [MainThread]: checksum: 322f88ac24e63d47c1d31b5534f5eab777388b114faa788d6e85c1bcb9efb5d4, vars: {}, profile: dbt_vendas, target: dev, version: 1.12.3
[0m18:32:46.889244 [debug] [MainThread]: Partial parsing enabled: 0 files deleted, 0 files added, 0 files changed.
[0m18:32:46.889608 [debug] [MainThread]: Nothing changed, skipping partial parsing.
[0m18:32:46.889843 [debug] [MainThread]: Partial parsing enabled, no changes found, skipping parsing
[0m18:32:46.895614 [warn ] [MainThread]: [[33mWARNING[0m]: Configuration paths exist in your dbt_project.yml file which do not apply to any resources.
There are 1 unused configuration paths:
- models.dbt_vendas.marts
[0m18:32:46.899653 [debug] [MainThread]: Sending event: {'category': 'dbt', 'action': 'load_project', 'label': 'e15ec5f3-f3f1-46d9-a8b3-7b3960deec0e', 'context': [<snowplow_tracker.self_describing_json.SelfDescribingJson object at 0x0000021289A87770>]}
[0m18:32:47.016449 [debug] [MainThread]: Wrote artifact WritableManifest to C:\Users\User\Documents\Curso Python\Projeto de Engenharia de Dados\dbt_vendas\target\manifest.json
[0m18:32:47.019648 [debug] [MainThread]: Wrote artifact SemanticManifest to C:\Users\User\Documents\Curso Python\Projeto de Engenharia de Dados\dbt_vendas\target\semantic_manifest.json
[0m18:32:47.046374 [debug] [MainThread]: Wrote artifact OsiDocument to C:\Users\User\Documents\Curso Python\Projeto de Engenharia de Dados\dbt_vendas\target\osi_document.json
[0m18:32:47.068982 [debug] [MainThread]: Sending event: {'category': 'dbt', 'action': 'resource_counts', 'label': 'e15ec5f3-f3f1-46d9-a8b3-7b3960deec0e', 'context': [<snowplow_tracker.self_describing_json.SelfDescribingJson object at 0x000002128989E750>]}
[0m18:32:47.069417 [info ] [MainThread]: Found 4 models, 3 seeds, 1 source, 556 macros
[0m18:32:47.069947 [debug] [MainThread]: Sending event: {'category': 'dbt', 'action': 'runnable_timing', 'label': 'e15ec5f3-f3f1-46d9-a8b3-7b3960deec0e', 'context': [<snowplow_tracker.self_describing_json.SelfDescribingJson object at 0x0000021289917B90>]}
[0m18:32:47.072759 [info ] [MainThread]: 
[0m18:32:47.073197 [info ] [MainThread]: Concurrency: 4 threads (target='dev')
[0m18:32:47.073483 [info ] [MainThread]: 
[0m18:32:47.073950 [debug] [MainThread]: Acquiring new sqlserver connection 'master'
[0m18:32:47.080042 [debug] [ThreadPool]: Acquiring new sqlserver connection 'list_VENDAS'
[0m18:32:47.105326 [debug] [ThreadPool]: dbt-sqlserver
[0m18:32:47.108146 [debug] [ThreadPool]: Using sqlserver connection "list_VENDAS"
[0m18:32:47.108547 [debug] [ThreadPool]: On list_VENDAS: /* {"app": "dbt", "dbt_version": "1.12.3", "profile_name": "dbt_vendas", "target_name": "dev", "connection_name": "list_VENDAS"} */
USE [VENDAS];
    select  name as [schema]
    from sys.schemas with (nolock) 
    OPTION (LABEL = 'dbt-sqlserver');

  
[0m18:32:47.108893 [debug] [ThreadPool]: Opening a new connection, currently in state init
[0m18:32:47.115464 [debug] [ThreadPool]: sqlserver adapter: Using connection string: DRIVER={ODBC Driver 18 for SQL Server};SERVER=DESKTOP-DUBDQD2,1433;Database=VENDAS;Trusted_Connection=yes;encrypt=No;TrustServerCertificate=Yes;APP=dbt-sqlserver/1.11.1;Pooling=true;SQL_ATTR_TRACE=SQL_OPT_TRACE_OFF;ConnectRetryCount=3;ConnectRetryInterval=10
[0m18:32:47.286608 [debug] [ThreadPool]: sqlserver adapter: Connected to db: VENDAS
[0m18:32:47.301075 [debug] [ThreadPool]: SQL status: OK in 0.000 seconds
[0m18:32:47.302579 [debug] [ThreadPool]: On list_VENDAS: Close
[0m18:32:47.305161 [debug] [ThreadPool]: Acquiring new sqlserver connection 'list_VENDAS_dbo'
[0m18:32:47.311667 [debug] [ThreadPool]: dbt-sqlserver
[0m18:32:47.312596 [debug] [ThreadPool]: Using sqlserver connection "list_VENDAS_dbo"
[0m18:32:47.312991 [debug] [ThreadPool]: On list_VENDAS_dbo: /* {"app": "dbt", "dbt_version": "1.12.3", "profile_name": "dbt_vendas", "target_name": "dev", "connection_name": "list_VENDAS_dbo"} */
USE [VENDAS];
    declare @schema_id int = schema_id('dbo');
    select
      DB_NAME() as [database],
      t.name as [name],
      'dbo' as [schema],
      'table' as table_type
    from sys.tables as t with (nolock)
    where t.schema_id = @schema_id
    union all
    select
      DB_NAME() as [database],
      v.name as [name],
      'dbo' as [schema],
      'view' as table_type
    from sys.views as v with (nolock)
    where v.schema_id = @schema_id
    
    OPTION (LABEL = 'dbt-sqlserver');

  
[0m18:32:47.313276 [debug] [ThreadPool]: Opening a new connection, currently in state init
[0m18:32:47.313628 [debug] [ThreadPool]: sqlserver adapter: Using connection string: DRIVER={ODBC Driver 18 for SQL Server};SERVER=DESKTOP-DUBDQD2,1433;Database=VENDAS;Trusted_Connection=yes;encrypt=No;TrustServerCertificate=Yes;APP=dbt-sqlserver/1.11.1;Pooling=true;SQL_ATTR_TRACE=SQL_OPT_TRACE_OFF;ConnectRetryCount=3;ConnectRetryInterval=10
[0m18:32:47.314054 [debug] [ThreadPool]: sqlserver adapter: Connected to db: VENDAS
[0m18:32:47.370892 [debug] [ThreadPool]: SQL status: OK in 0.000 seconds
[0m18:32:47.372570 [debug] [ThreadPool]: On list_VENDAS_dbo: ROLLBACK
[0m18:32:47.373290 [debug] [ThreadPool]: On list_VENDAS_dbo: Close
[0m18:32:47.374114 [debug] [MainThread]: Sending event: {'category': 'dbt', 'action': 'runnable_timing', 'label': 'e15ec5f3-f3f1-46d9-a8b3-7b3960deec0e', 'context': [<snowplow_tracker.self_describing_json.SelfDescribingJson object at 0x00000212892CE0A0>]}
[0m18:32:47.374521 [debug] [MainThread]: On master: COMMIT
[0m18:32:47.380312 [debug] [Thread-1 (]: Began running node model.dbt_vendas.staging_vendas
[0m18:32:47.380855 [info ] [Thread-1 (]: 1 of 4 START sql view model dbo.staging_vendas ................................. [RUN]
[0m18:32:47.381767 [debug] [Thread-1 (]: Acquiring new sqlserver connection 'model.dbt_vendas.staging_vendas'
[0m18:32:47.382084 [debug] [Thread-1 (]: Began compiling node model.dbt_vendas.staging_vendas
[0m18:32:47.387338 [debug] [Thread-1 (]: Writing injected SQL for node "model.dbt_vendas.staging_vendas"
[0m18:32:47.389753 [debug] [Thread-1 (]: Began executing node model.dbt_vendas.staging_vendas
[0m18:32:47.430597 [debug] [Thread-1 (]: Writing runtime sql for node "model.dbt_vendas.staging_vendas"
[0m18:32:47.432984 [debug] [Thread-1 (]: Using sqlserver connection "model.dbt_vendas.staging_vendas"
[0m18:32:47.433404 [debug] [Thread-1 (]: On model.dbt_vendas.staging_vendas: /* {"app": "dbt", "dbt_version": "1.12.3", "profile_name": "dbt_vendas", "target_name": "dev", "node_id": "model.dbt_vendas.staging_vendas"} */
USE [VENDAS];
    
    

    

    USE [VENDAS];
    EXEC('
        CREATE OR ALTER VIEW "dbo"."staging_vendas" AS SELECT *
FROM "VENDAS"."dbo"."Vendas";
    ')


[0m18:32:47.433721 [debug] [Thread-1 (]: Opening a new connection, currently in state init
[0m18:32:47.434101 [debug] [Thread-1 (]: sqlserver adapter: Using connection string: DRIVER={ODBC Driver 18 for SQL Server};SERVER=DESKTOP-DUBDQD2,1433;Database=VENDAS;Trusted_Connection=yes;encrypt=No;TrustServerCertificate=Yes;APP=dbt-sqlserver/1.11.1;Pooling=true;SQL_ATTR_TRACE=SQL_OPT_TRACE_OFF;ConnectRetryCount=3;ConnectRetryInterval=10
[0m18:32:47.438253 [debug] [Thread-1 (]: sqlserver adapter: Connected to db: VENDAS
[0m18:32:47.450797 [debug] [Thread-1 (]: SQL status: OK in 0.000 seconds
[0m18:32:47.466095 [debug] [Thread-1 (]: On model.dbt_vendas.staging_vendas: COMMIT
[0m18:32:47.470914 [debug] [Thread-1 (]: Applying DROP to: "VENDAS"."dbo"."staging_vendas__dbt_backup"
[0m18:32:47.478753 [debug] [Thread-1 (]: dbt-sqlserver
[0m18:32:47.479341 [debug] [Thread-1 (]: Using sqlserver connection "model.dbt_vendas.staging_vendas"
[0m18:32:47.479653 [debug] [Thread-1 (]: On model.dbt_vendas.staging_vendas: /* {"app": "dbt", "dbt_version": "1.12.3", "profile_name": "dbt_vendas", "target_name": "dev", "node_id": "model.dbt_vendas.staging_vendas"} */

        USE [VENDAS];
        select
            sch.name as schema_name,
            obj.name as view_name
        from sys.sql_expression_dependencies refs with (nolock)
        inner join sys.objects obj with (nolock)
        on refs.referencing_id = obj.object_id
        inner join sys.schemas sch with (nolock)
        on obj.schema_id = sch.schema_id
        where refs.referenced_database_name = 'VENDAS'
        and refs.referenced_schema_name = 'dbo'
        and refs.referenced_entity_name = 'staging_vendas__dbt_backup'
        and obj.type = 'V'
        
    OPTION (LABEL = 'dbt-sqlserver');

      
[0m18:32:47.506084 [debug] [Thread-1 (]: SQL status: OK in 0.000 seconds
[0m18:32:47.507517 [debug] [Thread-1 (]: Using sqlserver connection "model.dbt_vendas.staging_vendas"
[0m18:32:47.507801 [debug] [Thread-1 (]: On model.dbt_vendas.staging_vendas: /* {"app": "dbt", "dbt_version": "1.12.3", "profile_name": "dbt_vendas", "target_name": "dev", "node_id": "model.dbt_vendas.staging_vendas"} */

      
      
    
    USE [VENDAS];
    EXEC('DROP view IF EXISTS "dbo"."staging_vendas__dbt_backup";');

[0m18:32:47.509810 [debug] [Thread-1 (]: SQL status: OK in 0.000 seconds
[0m18:32:47.511992 [debug] [Thread-1 (]: On model.dbt_vendas.staging_vendas: Close
[0m18:32:47.514016 [debug] [Thread-1 (]: Sending event: {'category': 'dbt', 'action': 'run_model', 'label': 'e15ec5f3-f3f1-46d9-a8b3-7b3960deec0e', 'context': [<snowplow_tracker.self_describing_json.SelfDescribingJson object at 0x0000021289BE5630>]}
[0m18:32:47.514805 [info ] [Thread-1 (]: 1 of 4 OK created sql view model dbo.staging_vendas ............................ [[32mOK[0m in 0.13s]
[0m18:32:47.515448 [debug] [Thread-1 (]: Finished running node model.dbt_vendas.staging_vendas
[0m18:32:47.516310 [debug] [Thread-3 (]: Began running node model.dbt_vendas.intermediate_estados
[0m18:32:47.516688 [debug] [Thread-2 (]: Began running node model.dbt_vendas.intermediate_datas
[0m18:32:47.517005 [debug] [Thread-4 (]: Began running node model.dbt_vendas.intermediate_faturamento
[0m18:32:47.517435 [info ] [Thread-3 (]: 3 of 4 START sql view model dbo.intermediate_estados ........................... [RUN]
[0m18:32:47.518918 [debug] [Thread-3 (]: Acquiring new sqlserver connection 'model.dbt_vendas.intermediate_estados'
[0m18:32:47.519195 [debug] [Thread-3 (]: Began compiling node model.dbt_vendas.intermediate_estados
[0m18:32:47.517912 [info ] [Thread-2 (]: 2 of 4 START sql view model dbo.intermediate_datas ............................. [RUN]
[0m18:32:47.518387 [info ] [Thread-4 (]: 4 of 4 START sql view model dbo.intermediate_faturamento ....................... [RUN]
[0m18:32:47.522551 [debug] [Thread-4 (]: Acquiring new sqlserver connection 'model.dbt_vendas.intermediate_faturamento'
[0m18:32:47.522841 [debug] [Thread-4 (]: Began compiling node model.dbt_vendas.intermediate_faturamento
[0m18:32:47.521523 [debug] [Thread-3 (]: Writing injected SQL for node "model.dbt_vendas.intermediate_estados"
[0m18:32:47.522118 [debug] [Thread-2 (]: Acquiring new sqlserver connection 'model.dbt_vendas.intermediate_datas'
[0m18:32:47.524759 [debug] [Thread-2 (]: Began compiling node model.dbt_vendas.intermediate_datas
[0m18:32:47.526467 [debug] [Thread-2 (]: Writing injected SQL for node "model.dbt_vendas.intermediate_datas"
[0m18:32:47.524370 [debug] [Thread-4 (]: Writing injected SQL for node "model.dbt_vendas.intermediate_faturamento"
[0m18:32:47.528002 [debug] [Thread-3 (]: Began executing node model.dbt_vendas.intermediate_estados
[0m18:32:47.530898 [debug] [Thread-3 (]: Writing runtime sql for node "model.dbt_vendas.intermediate_estados"
[0m18:32:47.531954 [debug] [Thread-4 (]: Began executing node model.dbt_vendas.intermediate_faturamento
[0m18:32:47.535403 [debug] [Thread-4 (]: Writing runtime sql for node "model.dbt_vendas.intermediate_faturamento"
[0m18:32:47.532482 [debug] [Thread-2 (]: Began executing node model.dbt_vendas.intermediate_datas
[0m18:32:47.538874 [debug] [Thread-2 (]: Writing runtime sql for node "model.dbt_vendas.intermediate_datas"
[0m18:32:47.539635 [debug] [Thread-3 (]: Using sqlserver connection "model.dbt_vendas.intermediate_estados"
[0m18:32:47.540000 [debug] [Thread-3 (]: On model.dbt_vendas.intermediate_estados: /* {"app": "dbt", "dbt_version": "1.12.3", "profile_name": "dbt_vendas", "target_name": "dev", "node_id": "model.dbt_vendas.intermediate_estados"} */
USE [VENDAS];
    
    

    

    USE [VENDAS];
    EXEC('
        CREATE OR ALTER VIEW "dbo"."intermediate_estados" AS SELECT
    L.Estado                                AS sigla_estado,
    R.estado                                AS nome_estado,
    R.regiao,
    R.ordem_regiao

FROM "VENDAS"."dbo"."staging_vendas"            AS B
LEFT JOIN "VENDAS"."dbo"."lojas"                AS L
    ON B.Loja = L.Cidade
LEFT JOIN "VENDAS"."dbo"."seed_regioes_estados" AS R
    ON L.Estado = R.sigla;
    ')


[0m18:32:47.540390 [debug] [Thread-3 (]: Opening a new connection, currently in state init
[0m18:32:47.540838 [debug] [Thread-3 (]: sqlserver adapter: Using connection string: DRIVER={ODBC Driver 18 for SQL Server};SERVER=DESKTOP-DUBDQD2,1433;Database=VENDAS;Trusted_Connection=yes;encrypt=No;TrustServerCertificate=Yes;APP=dbt-sqlserver/1.11.1;Pooling=true;SQL_ATTR_TRACE=SQL_OPT_TRACE_OFF;ConnectRetryCount=3;ConnectRetryInterval=10
[0m18:32:47.541157 [debug] [Thread-4 (]: Using sqlserver connection "model.dbt_vendas.intermediate_faturamento"
[0m18:32:47.541911 [debug] [Thread-4 (]: On model.dbt_vendas.intermediate_faturamento: /* {"app": "dbt", "dbt_version": "1.12.3", "profile_name": "dbt_vendas", "target_name": "dev", "node_id": "model.dbt_vendas.intermediate_faturamento"} */
USE [VENDAS];
    
    

    

    USE [VENDAS];
    EXEC('
        CREATE OR ALTER VIEW "dbo"."intermediate_faturamento" AS SELECT 
    A.id_compra,
    A.produto                      AS Produto,
    B.preco                        AS Preço,
    A.forma_pagto                  AS Forma_Pagto,
    A.Data

FROM "VENDAS"."dbo"."staging_vendas" AS A
INNER JOIN "VENDAS"."dbo"."produtos"   AS B
    ON A.Produto = B.Produto;
    ')


[0m18:32:47.542722 [debug] [Thread-4 (]: Opening a new connection, currently in state init
[0m18:32:47.541452 [debug] [Thread-2 (]: Using sqlserver connection "model.dbt_vendas.intermediate_datas"
[0m18:32:47.543442 [debug] [Thread-2 (]: On model.dbt_vendas.intermediate_datas: /* {"app": "dbt", "dbt_version": "1.12.3", "profile_name": "dbt_vendas", "target_name": "dev", "node_id": "model.dbt_vendas.intermediate_datas"} */
USE [VENDAS];
    
    

    

    USE [VENDAS];
    EXEC('
        CREATE OR ALTER VIEW "dbo"."intermediate_datas" AS SELECT 
CAST(B.Data AS DATE)               AS data_venda,
YEAR(B.Data)                       AS ano_venda,
MONTH(B.Data)                      AS mes_venda,
DATENAME(MONTH, B.Data)            AS nome_mes,
DATEPART(QUARTER, B.Data)          AS trimestre

FROM "VENDAS"."dbo"."staging_vendas"          AS B;
    ')


[0m18:32:47.543737 [debug] [Thread-2 (]: Opening a new connection, currently in state init
[0m18:32:47.542380 [debug] [Thread-3 (]: sqlserver adapter: Connected to db: VENDAS
[0m18:32:47.543117 [debug] [Thread-4 (]: sqlserver adapter: Using connection string: DRIVER={ODBC Driver 18 for SQL Server};SERVER=DESKTOP-DUBDQD2,1433;Database=VENDAS;Trusted_Connection=yes;encrypt=No;TrustServerCertificate=Yes;APP=dbt-sqlserver/1.11.1;Pooling=true;SQL_ATTR_TRACE=SQL_OPT_TRACE_OFF;ConnectRetryCount=3;ConnectRetryInterval=10
[0m18:32:47.544090 [debug] [Thread-2 (]: sqlserver adapter: Using connection string: DRIVER={ODBC Driver 18 for SQL Server};SERVER=DESKTOP-DUBDQD2,1433;Database=VENDAS;Trusted_Connection=yes;encrypt=No;TrustServerCertificate=Yes;APP=dbt-sqlserver/1.11.1;Pooling=true;SQL_ATTR_TRACE=SQL_OPT_TRACE_OFF;ConnectRetryCount=3;ConnectRetryInterval=10
[0m18:32:47.544546 [debug] [Thread-2 (]: sqlserver adapter: Connected to db: VENDAS
[0m18:32:47.548414 [debug] [Thread-4 (]: sqlserver adapter: Connected to db: VENDAS
[0m18:32:47.550232 [debug] [Thread-2 (]: SQL status: OK in 0.000 seconds
[0m18:32:47.551569 [debug] [Thread-2 (]: On model.dbt_vendas.intermediate_datas: COMMIT
[0m18:32:47.552830 [debug] [Thread-2 (]: Applying DROP to: "VENDAS"."dbo"."intermediate_datas__dbt_backup"
[0m18:32:47.553999 [debug] [Thread-2 (]: dbt-sqlserver
[0m18:32:47.554565 [debug] [Thread-2 (]: Using sqlserver connection "model.dbt_vendas.intermediate_datas"
[0m18:32:47.554908 [debug] [Thread-2 (]: On model.dbt_vendas.intermediate_datas: /* {"app": "dbt", "dbt_version": "1.12.3", "profile_name": "dbt_vendas", "target_name": "dev", "node_id": "model.dbt_vendas.intermediate_datas"} */

        USE [VENDAS];
        select
            sch.name as schema_name,
            obj.name as view_name
        from sys.sql_expression_dependencies refs with (nolock)
        inner join sys.objects obj with (nolock)
        on refs.referencing_id = obj.object_id
        inner join sys.schemas sch with (nolock)
        on obj.schema_id = sch.schema_id
        where refs.referenced_database_name = 'VENDAS'
        and refs.referenced_schema_name = 'dbo'
        and refs.referenced_entity_name = 'intermediate_datas__dbt_backup'
        and obj.type = 'V'
        
    OPTION (LABEL = 'dbt-sqlserver');

      
[0m18:32:47.556339 [debug] [Thread-4 (]: SQL status: OK in 0.000 seconds
[0m18:32:47.557077 [debug] [Thread-3 (]: SQL status: OK in 0.000 seconds
[0m18:32:47.557918 [debug] [Thread-3 (]: On model.dbt_vendas.intermediate_estados: ROLLBACK
[0m18:32:47.558221 [debug] [Thread-4 (]: On model.dbt_vendas.intermediate_faturamento: ROLLBACK
[0m18:32:47.558584 [debug] [Thread-3 (]: On model.dbt_vendas.intermediate_estados: Close
[0m18:32:47.558956 [debug] [Thread-4 (]: On model.dbt_vendas.intermediate_faturamento: Close
[0m18:32:47.559568 [error] [Thread-3 (]: [[31mERROR[0m]: Unhandled error while executing target\run\dbt_vendas\models\intermediate\intermediate_estados.sql
('42S02', "[42S02] [Microsoft][ODBC Driver 18 for SQL Server][SQL Server]Nome de objeto 'VENDAS.dbo.lojas' inválido. (208) (SQLMoreResults)")
[0m18:32:47.560008 [error] [Thread-4 (]: [[31mERROR[0m]: Unhandled error while executing target\run\dbt_vendas\models\intermediate\intermediate_faturamento.sql
('42S02', "[42S02] [Microsoft][ODBC Driver 18 for SQL Server][SQL Server]Nome de objeto 'VENDAS.dbo.produtos' inválido. (208) (SQLMoreResults)")
[0m18:32:47.568184 [debug] [Thread-2 (]: SQL status: OK in 0.000 seconds
[0m18:32:47.569645 [debug] [Thread-2 (]: Using sqlserver connection "model.dbt_vendas.intermediate_datas"
[0m18:32:47.570044 [debug] [Thread-2 (]: On model.dbt_vendas.intermediate_datas: /* {"app": "dbt", "dbt_version": "1.12.3", "profile_name": "dbt_vendas", "target_name": "dev", "node_id": "model.dbt_vendas.intermediate_datas"} */

      
      
    
    USE [VENDAS];
    EXEC('DROP view IF EXISTS "dbo"."intermediate_datas__dbt_backup";');

[0m18:32:47.571162 [debug] [Thread-2 (]: SQL status: OK in 0.000 seconds
[0m18:32:47.572533 [debug] [Thread-2 (]: On model.dbt_vendas.intermediate_datas: Close
[0m18:32:47.573281 [debug] [Thread-2 (]: Sending event: {'category': 'dbt', 'action': 'run_model', 'label': 'e15ec5f3-f3f1-46d9-a8b3-7b3960deec0e', 'context': [<snowplow_tracker.self_describing_json.SelfDescribingJson object at 0x00000212898A0950>]}
[0m18:32:47.574142 [info ] [Thread-2 (]: 2 of 4 OK created sql view model dbo.intermediate_datas ........................ [[32mOK[0m in 0.05s]
[0m18:32:47.574922 [debug] [Thread-2 (]: Finished running node model.dbt_vendas.intermediate_datas
[0m18:32:47.671266 [debug] [Thread-4 (]: Traceback (most recent call last):
  File "C:\Users\User\AppData\Local\Programs\Python\Python314\Lib\site-packages\dbt\task\base.py", line 388, in safe_run
    result = self.compile_and_execute(manifest, ctx)
  File "C:\Users\User\AppData\Local\Programs\Python\Python314\Lib\site-packages\dbt\task\base.py", line 335, in compile_and_execute
    result = self.run(ctx.node, manifest)
  File "C:\Users\User\AppData\Local\Programs\Python\Python314\Lib\site-packages\dbt\task\base.py", line 440, in run
    return self.execute(compiled_node, manifest)  # type: ignore[arg-type]
           ~~~~~~~~~~~~^^^^^^^^^^^^^^^^^^^^^^^^^
  File "C:\Users\User\AppData\Local\Programs\Python\Python314\Lib\site-packages\dbt\task\run.py", line 484, in execute
    return self._execute_model(
           ~~~~~~~~~~~~~~~~~~~^
        hook_ctx, context["config"], model, context, materialization_macro, manifest
        ^^^^^^^^^^^^^^^^^^^^^^^^^^^^^^^^^^^^^^^^^^^^^^^^^^^^^^^^^^^^^^^^^^^^^^^^^^^^
    )
    ^
  File "C:\Users\User\AppData\Local\Programs\Python\Python314\Lib\site-packages\dbt\task\run.py", line 440, in _execute_model
    result = MacroGenerator(
        materialization_macro, context, stack=context["context_macro_stack"]
    )()
  File "C:\Users\User\AppData\Local\Programs\Python\Python314\Lib\site-packages\dbt\clients\jinja.py", line 151, in __call__
    return self.call_macro(*args, **kwargs)
           ~~~~~~~~~~~~~~~^^^^^^^^^^^^^^^^^
  File "C:\Users\User\AppData\Local\Programs\Python\Python314\Lib\site-packages\dbt_common\clients\jinja.py", line 395, in call_macro
    return macro(*args, **kwargs)
  File "C:\Users\User\AppData\Local\Programs\Python\Python314\Lib\site-packages\jinja2\runtime.py", line 770, in __call__
    return self._invoke(arguments, autoescape)
           ~~~~~~~~~~~~^^^^^^^^^^^^^^^^^^^^^^^
  File "C:\Users\User\AppData\Local\Programs\Python\Python314\Lib\site-packages\jinja2\runtime.py", line 784, in _invoke
    rv = self._func(*arguments)
  File "<template>", line 298, in macro
  File "C:\Users\User\AppData\Local\Programs\Python\Python314\Lib\site-packages\jinja2\sandbox.py", line 401, in call
    return __context.call(__obj, *args, **kwargs)
           ~~~~~~~~~~~~~~^^^^^^^^^^^^^^^^^^^^^^^^
  File "C:\Users\User\AppData\Local\Programs\Python\Python314\Lib\site-packages\jinja2\runtime.py", line 303, in call
    return __obj(*args, **kwargs)
  File "C:\Users\User\AppData\Local\Programs\Python\Python314\Lib\site-packages\dbt\clients\jinja.py", line 151, in __call__
    return self.call_macro(*args, **kwargs)
           ~~~~~~~~~~~~~~~^^^^^^^^^^^^^^^^^
  File "C:\Users\User\AppData\Local\Programs\Python\Python314\Lib\site-packages\dbt_common\clients\jinja.py", line 395, in call_macro
    return macro(*args, **kwargs)
  File "C:\Users\User\AppData\Local\Programs\Python\Python314\Lib\site-packages\jinja2\runtime.py", line 770, in __call__
    return self._invoke(arguments, autoescape)
           ~~~~~~~~~~~~^^^^^^^^^^^^^^^^^^^^^^^
  File "C:\Users\User\AppData\Local\Programs\Python\Python314\Lib\site-packages\jinja2\runtime.py", line 784, in _invoke
    rv = self._func(*arguments)
  File "<template>", line 52, in macro
  File "C:\Users\User\AppData\Local\Programs\Python\Python314\Lib\site-packages\jinja2\sandbox.py", line 401, in call
    return __context.call(__obj, *args, **kwargs)
           ~~~~~~~~~~~~~~^^^^^^^^^^^^^^^^^^^^^^^^
  File "C:\Users\User\AppData\Local\Programs\Python\Python314\Lib\site-packages\jinja2\runtime.py", line 303, in call
    return __obj(*args, **kwargs)
  File "C:\Users\User\AppData\Local\Programs\Python\Python314\Lib\site-packages\dbt_common\record.py", line 538, in record_replay_wrapper
    return func_to_record(*call_args, **kwargs)
  File "C:\Users\User\AppData\Local\Programs\Python\Python314\Lib\site-packages\dbt\adapters\base\impl.py", line 523, in execute
    return self.connections.execute(sql=sql, auto_begin=auto_begin, fetch=fetch, limit=limit)
           ~~~~~~~~~~~~~~~~~~~~~~~~^^^^^^^^^^^^^^^^^^^^^^^^^^^^^^^^^^^^^^^^^^^^^^^^^^^^^^^^^^
  File "C:\Users\User\AppData\Local\Programs\Python\Python314\Lib\site-packages\dbt\adapters\sqlserver\sqlserver_connections.py", line 528, in execute
    while cursor.nextset():
          ~~~~~~~~~~~~~~^^
pyodbc.ProgrammingError: ('42S02', "[42S02] [Microsoft][ODBC Driver 18 for SQL Server][SQL Server]Nome de objeto 'VENDAS.dbo.produtos' inválido. (208) (SQLMoreResults)")

[0m18:32:47.672656 [debug] [Thread-4 (]: Sending event: {'category': 'dbt', 'action': 'run_model', 'label': 'e15ec5f3-f3f1-46d9-a8b3-7b3960deec0e', 'context': [<snowplow_tracker.self_describing_json.SelfDescribingJson object at 0x0000021289BB20B0>]}
[0m18:32:47.672037 [debug] [Thread-3 (]: Traceback (most recent call last):
  File "C:\Users\User\AppData\Local\Programs\Python\Python314\Lib\site-packages\dbt\task\base.py", line 388, in safe_run
    result = self.compile_and_execute(manifest, ctx)
  File "C:\Users\User\AppData\Local\Programs\Python\Python314\Lib\site-packages\dbt\task\base.py", line 335, in compile_and_execute
    result = self.run(ctx.node, manifest)
  File "C:\Users\User\AppData\Local\Programs\Python\Python314\Lib\site-packages\dbt\task\base.py", line 440, in run
    return self.execute(compiled_node, manifest)  # type: ignore[arg-type]
           ~~~~~~~~~~~~^^^^^^^^^^^^^^^^^^^^^^^^^
  File "C:\Users\User\AppData\Local\Programs\Python\Python314\Lib\site-packages\dbt\task\run.py", line 484, in execute
    return self._execute_model(
           ~~~~~~~~~~~~~~~~~~~^
        hook_ctx, context["config"], model, context, materialization_macro, manifest
        ^^^^^^^^^^^^^^^^^^^^^^^^^^^^^^^^^^^^^^^^^^^^^^^^^^^^^^^^^^^^^^^^^^^^^^^^^^^^
    )
    ^
  File "C:\Users\User\AppData\Local\Programs\Python\Python314\Lib\site-packages\dbt\task\run.py", line 440, in _execute_model
    result = MacroGenerator(
        materialization_macro, context, stack=context["context_macro_stack"]
    )()
  File "C:\Users\User\AppData\Local\Programs\Python\Python314\Lib\site-packages\dbt\clients\jinja.py", line 151, in __call__
    return self.call_macro(*args, **kwargs)
           ~~~~~~~~~~~~~~~^^^^^^^^^^^^^^^^^
  File "C:\Users\User\AppData\Local\Programs\Python\Python314\Lib\site-packages\dbt_common\clients\jinja.py", line 395, in call_macro
    return macro(*args, **kwargs)
  File "C:\Users\User\AppData\Local\Programs\Python\Python314\Lib\site-packages\jinja2\runtime.py", line 770, in __call__
    return self._invoke(arguments, autoescape)
           ~~~~~~~~~~~~^^^^^^^^^^^^^^^^^^^^^^^
  File "C:\Users\User\AppData\Local\Programs\Python\Python314\Lib\site-packages\jinja2\runtime.py", line 784, in _invoke
    rv = self._func(*arguments)
  File "<template>", line 298, in macro
  File "C:\Users\User\AppData\Local\Programs\Python\Python314\Lib\site-packages\jinja2\sandbox.py", line 401, in call
    return __context.call(__obj, *args, **kwargs)
           ~~~~~~~~~~~~~~^^^^^^^^^^^^^^^^^^^^^^^^
  File "C:\Users\User\AppData\Local\Programs\Python\Python314\Lib\site-packages\jinja2\runtime.py", line 303, in call
    return __obj(*args, **kwargs)
  File "C:\Users\User\AppData\Local\Programs\Python\Python314\Lib\site-packages\dbt\clients\jinja.py", line 151, in __call__
    return self.call_macro(*args, **kwargs)
           ~~~~~~~~~~~~~~~^^^^^^^^^^^^^^^^^
  File "C:\Users\User\AppData\Local\Programs\Python\Python314\Lib\site-packages\dbt_common\clients\jinja.py", line 395, in call_macro
    return macro(*args, **kwargs)
  File "C:\Users\User\AppData\Local\Programs\Python\Python314\Lib\site-packages\jinja2\runtime.py", line 770, in __call__
    return self._invoke(arguments, autoescape)
           ~~~~~~~~~~~~^^^^^^^^^^^^^^^^^^^^^^^
  File "C:\Users\User\AppData\Local\Programs\Python\Python314\Lib\site-packages\jinja2\runtime.py", line 784, in _invoke
    rv = self._func(*arguments)
  File "<template>", line 52, in macro
  File "C:\Users\User\AppData\Local\Programs\Python\Python314\Lib\site-packages\jinja2\sandbox.py", line 401, in call
    return __context.call(__obj, *args, **kwargs)
           ~~~~~~~~~~~~~~^^^^^^^^^^^^^^^^^^^^^^^^
  File "C:\Users\User\AppData\Local\Programs\Python\Python314\Lib\site-packages\jinja2\runtime.py", line 303, in call
    return __obj(*args, **kwargs)
  File "C:\Users\User\AppData\Local\Programs\Python\Python314\Lib\site-packages\dbt_common\record.py", line 538, in record_replay_wrapper
    return func_to_record(*call_args, **kwargs)
  File "C:\Users\User\AppData\Local\Programs\Python\Python314\Lib\site-packages\dbt\adapters\base\impl.py", line 523, in execute
    return self.connections.execute(sql=sql, auto_begin=auto_begin, fetch=fetch, limit=limit)
           ~~~~~~~~~~~~~~~~~~~~~~~~^^^^^^^^^^^^^^^^^^^^^^^^^^^^^^^^^^^^^^^^^^^^^^^^^^^^^^^^^^
  File "C:\Users\User\AppData\Local\Programs\Python\Python314\Lib\site-packages\dbt\adapters\sqlserver\sqlserver_connections.py", line 528, in execute
    while cursor.nextset():
          ~~~~~~~~~~~~~~^^
pyodbc.ProgrammingError: ('42S02', "[42S02] [Microsoft][ODBC Driver 18 for SQL Server][SQL Server]Nome de objeto 'VENDAS.dbo.lojas' inválido. (208) (SQLMoreResults)")

[0m18:32:47.673499 [debug] [Thread-3 (]: Sending event: {'category': 'dbt', 'action': 'run_model', 'label': 'e15ec5f3-f3f1-46d9-a8b3-7b3960deec0e', 'context': [<snowplow_tracker.self_describing_json.SelfDescribingJson object at 0x0000021289BD6870>]}
[0m18:32:47.673184 [error] [Thread-4 (]: 4 of 4 ERROR creating sql view model dbo.intermediate_faturamento .............. [[31mERROR[0m in 0.15s]
[0m18:32:47.674400 [debug] [Thread-4 (]: Finished running node model.dbt_vendas.intermediate_faturamento
[0m18:32:47.674903 [debug] [Thread-7 (]: Marking all children of 'model.dbt_vendas.intermediate_faturamento' to be skipped because of status 'error'.  Reason: ('42S02', "[42S02] [Microsoft][ODBC Driver 18 for SQL Server][SQL Server]Nome de objeto 'VENDAS.dbo.produtos' inválido. (208) (SQLMoreResults)").
[0m18:32:47.673998 [error] [Thread-3 (]: 3 of 4 ERROR creating sql view model dbo.intermediate_estados .................. [[31mERROR[0m in 0.15s]
[0m18:32:47.676562 [debug] [Thread-3 (]: Finished running node model.dbt_vendas.intermediate_estados
[0m18:32:47.677127 [debug] [Thread-7 (]: Marking all children of 'model.dbt_vendas.intermediate_estados' to be skipped because of status 'error'.  Reason: ('42S02', "[42S02] [Microsoft][ODBC Driver 18 for SQL Server][SQL Server]Nome de objeto 'VENDAS.dbo.lojas' inválido. (208) (SQLMoreResults)").
[0m18:32:47.678453 [debug] [MainThread]: On master: COMMIT
[0m18:32:47.678781 [debug] [MainThread]: Connection 'master' was properly closed.
[0m18:32:47.678987 [debug] [MainThread]: Connection 'list_VENDAS' was properly closed.
[0m18:32:47.679173 [debug] [MainThread]: Connection 'list_VENDAS_dbo' was properly closed.
[0m18:32:47.679355 [debug] [MainThread]: Connection 'model.dbt_vendas.staging_vendas' was properly closed.
[0m18:32:47.679536 [debug] [MainThread]: Connection 'model.dbt_vendas.intermediate_estados' was properly closed.
[0m18:32:47.679733 [debug] [MainThread]: Connection 'model.dbt_vendas.intermediate_datas' was properly closed.
[0m18:32:47.679912 [debug] [MainThread]: Connection 'model.dbt_vendas.intermediate_faturamento' was properly closed.
[0m18:32:47.680163 [info ] [MainThread]: 
[0m18:32:47.680524 [info ] [MainThread]: Finished running 4 view models in 0 hours 0 minutes and 0.61 seconds (0.61s).
[0m18:32:47.682083 [debug] [MainThread]: Command end result
[0m18:32:47.715798 [debug] [MainThread]: Wrote artifact WritableManifest to C:\Users\User\Documents\Curso Python\Projeto de Engenharia de Dados\dbt_vendas\target\manifest.json
[0m18:32:47.719618 [debug] [MainThread]: Wrote artifact SemanticManifest to C:\Users\User\Documents\Curso Python\Projeto de Engenharia de Dados\dbt_vendas\target\semantic_manifest.json
[0m18:32:47.723948 [debug] [MainThread]: Wrote artifact OsiDocument to C:\Users\User\Documents\Curso Python\Projeto de Engenharia de Dados\dbt_vendas\target\osi_document.json
[0m18:32:47.732279 [debug] [MainThread]: Wrote artifact RunExecutionResult to C:\Users\User\Documents\Curso Python\Projeto de Engenharia de Dados\dbt_vendas\target\run_results.json
[0m18:32:47.732812 [info ] [MainThread]: 
[0m18:32:47.733342 [info ] [MainThread]: [31mCompleted with 2 errors, 0 partial successes, and 0 warnings:[0m
[0m18:32:47.733849 [info ] [MainThread]: 
[0m18:32:47.734362 [error] [MainThread]: [[31mERROR[0m]: in model intermediate_faturamento (models\intermediate\intermediate_faturamento.sql)
[0m18:32:47.734761 [error] [MainThread]:   ('42S02', "[42S02] [Microsoft][ODBC Driver 18 for SQL Server][SQL Server]Nome de objeto 'VENDAS.dbo.produtos' inválido. (208) (SQLMoreResults)")
[0m18:32:47.735148 [info ] [MainThread]: 
[0m18:32:47.735968 [info ] [MainThread]:   compiled code at target\compiled\dbt_vendas\models\intermediate\intermediate_faturamento.sql
[0m18:32:47.742932 [info ] [MainThread]: 
[0m18:32:47.744317 [error] [MainThread]: [[31mERROR[0m]: in model intermediate_estados (models\intermediate\intermediate_estados.sql)
[0m18:32:47.745347 [error] [MainThread]:   ('42S02', "[42S02] [Microsoft][ODBC Driver 18 for SQL Server][SQL Server]Nome de objeto 'VENDAS.dbo.lojas' inválido. (208) (SQLMoreResults)")
[0m18:32:47.746032 [info ] [MainThread]: 
[0m18:32:47.746627 [info ] [MainThread]:   compiled code at target\compiled\dbt_vendas\models\intermediate\intermediate_estados.sql
[0m18:32:47.747077 [info ] [MainThread]: 
[0m18:32:47.747728 [info ] [MainThread]: Done. PASS=2 WARN=0 ERROR=2 SKIP=0 NO-OP=0 REUSED=0 TOTAL=4
[0m18:32:47.750051 [debug] [MainThread]: Command `dbt run` failed at 18:32:47.749739 after 1.80 seconds
[0m18:32:47.750766 [debug] [MainThread]: Sending event: {'category': 'dbt', 'action': 'invocation', 'label': 'end', 'context': [<snowplow_tracker.self_describing_json.SelfDescribingJson object at 0x000002128A293230>, <snowplow_tracker.self_describing_json.SelfDescribingJson object at 0x0000021288EBBD70>, <snowplow_tracker.self_describing_json.SelfDescribingJson object at 0x000002128A26F6B0>]}
[0m18:32:47.751214 [debug] [MainThread]: Flushing usage events
[0m18:32:48.709813 [debug] [MainThread]: An error was encountered while trying to flush usage events
[0m18:33:24.040024 [debug] [MainThread]: Sending event: {'category': 'dbt', 'action': 'invocation', 'label': 'start', 'context': [<snowplow_tracker.self_describing_json.SelfDescribingJson object at 0x000002394FC4C1A0>, <snowplow_tracker.self_describing_json.SelfDescribingJson object at 0x000002394D454E10>, <snowplow_tracker.self_describing_json.SelfDescribingJson object at 0x000002395244B890>]}


============================== 18:33:24.044842 | e13be4f7-1b36-4030-81a3-4491cfc347df ==============================
[0m18:33:24.044842 [info ] [MainThread]: Running with dbt=1.12.3
[0m18:33:24.045332 [debug] [MainThread]: running dbt with arguments {'version_check': 'True', 'no_print': 'None', 'static_parser': 'True', 'warn_error_options': 'WarnErrorOptionsV2(error=[], warn=[], silence=[])', 'target_path': 'None', 'maximum_seed_size_mib': '1', 'printer_width': '80', 'write_json': 'True', 'introspect': 'True', 'log_cache_events': 'False', 'empty': 'False', 'cache_selected_only': 'False', 'fail_fast': 'False', 'debug': 'False', 'log_format': 'default', 'profiles_dir': 'C:\\Users\\User\\.dbt', 'send_anonymous_usage_stats': 'True', 'quiet': 'False', 'warn_error': 'None', 'partial_parse': 'True', 'indirect_selection': 'eager', 'hints_enabled': 'True', 'invocation_command': 'dbt seed', 'use_experimental_parser': 'False', 'use_colors': 'True', 'log_path': 'C:\\Users\\User\\Documents\\Curso Python\\Projeto de Engenharia de Dados\\dbt_vendas\\logs'}
[0m18:33:24.345975 [debug] [MainThread]: Sending event: {'category': 'dbt', 'action': 'project_id', 'label': 'e13be4f7-1b36-4030-81a3-4491cfc347df', 'context': [<snowplow_tracker.self_describing_json.SelfDescribingJson object at 0x00000239523D3E10>]}
[0m18:33:24.402492 [debug] [MainThread]: Sending event: {'category': 'dbt', 'action': 'adapter_info', 'label': 'e13be4f7-1b36-4030-81a3-4491cfc347df', 'context': [<snowplow_tracker.self_describing_json.SelfDescribingJson object at 0x000002395296F570>]}
[0m18:33:24.403869 [info ] [MainThread]: Registered adapter: sqlserver=1.11.1
[0m18:33:24.676247 [warn ] [MainThread]: [[33mWARNING[0m]: When True, uses SQL Server-native string type mappings: STRING -> VARCHAR(MAX), NCHAR -> NCHAR(1), NVARCHAR -> NVARCHAR(4000). When False (default), preserves legacy mappings: STRING and NVARCHAR -> VARCHAR(8000), NCHAR -> CHAR(1). The new behaviour is intended to become the default in a future release.
You may opt into the new behavior sooner by setting `flags.dbt_sqlserver_use_native_string_types` to `True` in `dbt_project.yml`.
Visit https://docs.getdbt.com/reference/global-configs/behavior-changes for more information.
[0m18:33:24.677144 [debug] [MainThread]: Sending event: {'category': 'dbt', 'action': 'BehaviorChangeEvent', 'label': 'e13be4f7-1b36-4030-81a3-4491cfc347df', 'context': [<snowplow_tracker.self_describing_json.SelfDescribingJson object at 0x0000023952ADC350>]}
[0m18:33:24.677548 [warn ] [MainThread]: [[33mWARNING[0m]: When True, dbt transaction hooks (begin/commit) emit real T-SQL BEGIN TRANSACTION / COMMIT TRANSACTION statements. When False (default and legacy), begin/commit are no-ops and each statement is auto-committed by the driver. This means earlier successful statements are not rolled back if a later statement fails. This behavior is intended to become the default in a future release.
You may opt into the new behavior sooner by setting `flags.dbt_sqlserver_use_dbt_transactions` to `True` in `dbt_project.yml`.
Visit https://docs.getdbt.com/reference/global-configs/behavior-changes for more information.
[0m18:33:24.677959 [debug] [MainThread]: Sending event: {'category': 'dbt', 'action': 'BehaviorChangeEvent', 'label': 'e13be4f7-1b36-4030-81a3-4491cfc347df', 'context': [<snowplow_tracker.self_describing_json.SelfDescribingJson object at 0x0000023952AD66C0>]}
[0m18:33:24.685739 [debug] [MainThread]: checksum: 322f88ac24e63d47c1d31b5534f5eab777388b114faa788d6e85c1bcb9efb5d4, vars: {}, profile: dbt_vendas, target: dev, version: 1.12.3
[0m18:33:24.830224 [debug] [MainThread]: Partial parsing enabled: 0 files deleted, 0 files added, 0 files changed.
[0m18:33:24.830730 [debug] [MainThread]: Nothing changed, skipping partial parsing.
[0m18:33:24.831034 [debug] [MainThread]: Partial parsing enabled, no changes found, skipping parsing
[0m18:33:24.836818 [warn ] [MainThread]: [[33mWARNING[0m]: Configuration paths exist in your dbt_project.yml file which do not apply to any resources.
There are 1 unused configuration paths:
- models.dbt_vendas.marts
[0m18:33:24.840858 [debug] [MainThread]: Sending event: {'category': 'dbt', 'action': 'load_project', 'label': 'e13be4f7-1b36-4030-81a3-4491cfc347df', 'context': [<snowplow_tracker.self_describing_json.SelfDescribingJson object at 0x0000023952F67770>]}
[0m18:33:24.959335 [debug] [MainThread]: Wrote artifact WritableManifest to C:\Users\User\Documents\Curso Python\Projeto de Engenharia de Dados\dbt_vendas\target\manifest.json
[0m18:33:24.962818 [debug] [MainThread]: Wrote artifact SemanticManifest to C:\Users\User\Documents\Curso Python\Projeto de Engenharia de Dados\dbt_vendas\target\semantic_manifest.json
[0m18:33:24.990689 [debug] [MainThread]: Wrote artifact OsiDocument to C:\Users\User\Documents\Curso Python\Projeto de Engenharia de Dados\dbt_vendas\target\osi_document.json
[0m18:33:25.004099 [debug] [MainThread]: Sending event: {'category': 'dbt', 'action': 'resource_counts', 'label': 'e13be4f7-1b36-4030-81a3-4491cfc347df', 'context': [<snowplow_tracker.self_describing_json.SelfDescribingJson object at 0x0000023952D7E9C0>]}
[0m18:33:25.004659 [info ] [MainThread]: Found 4 models, 3 seeds, 1 source, 556 macros
[0m18:33:25.005059 [debug] [MainThread]: Sending event: {'category': 'dbt', 'action': 'runnable_timing', 'label': 'e13be4f7-1b36-4030-81a3-4491cfc347df', 'context': [<snowplow_tracker.self_describing_json.SelfDescribingJson object at 0x0000023952DF7A10>]}
[0m18:33:25.006860 [info ] [MainThread]: 
[0m18:33:25.007214 [info ] [MainThread]: Concurrency: 4 threads (target='dev')
[0m18:33:25.007583 [info ] [MainThread]: 
[0m18:33:25.008204 [debug] [MainThread]: Acquiring new sqlserver connection 'master'
[0m18:33:25.012952 [debug] [ThreadPool]: Acquiring new sqlserver connection 'list_VENDAS'
[0m18:33:25.046465 [debug] [ThreadPool]: dbt-sqlserver
[0m18:33:25.051379 [debug] [ThreadPool]: Using sqlserver connection "list_VENDAS"
[0m18:33:25.051900 [debug] [ThreadPool]: On list_VENDAS: /* {"app": "dbt", "dbt_version": "1.12.3", "profile_name": "dbt_vendas", "target_name": "dev", "connection_name": "list_VENDAS"} */
USE [VENDAS];
    select  name as [schema]
    from sys.schemas with (nolock) 
    OPTION (LABEL = 'dbt-sqlserver');

  
[0m18:33:25.052323 [debug] [ThreadPool]: Opening a new connection, currently in state init
[0m18:33:25.056252 [debug] [ThreadPool]: sqlserver adapter: Using connection string: DRIVER={ODBC Driver 18 for SQL Server};SERVER=DESKTOP-DUBDQD2,1433;Database=VENDAS;Trusted_Connection=yes;encrypt=No;TrustServerCertificate=Yes;APP=dbt-sqlserver/1.11.1;Pooling=true;SQL_ATTR_TRACE=SQL_OPT_TRACE_OFF;ConnectRetryCount=3;ConnectRetryInterval=10
[0m18:33:25.100395 [debug] [ThreadPool]: sqlserver adapter: Connected to db: VENDAS
[0m18:33:25.101191 [debug] [ThreadPool]: SQL status: OK in 0.000 seconds
[0m18:33:25.102618 [debug] [ThreadPool]: On list_VENDAS: Close
[0m18:33:25.105250 [debug] [ThreadPool]: Acquiring new sqlserver connection 'list_VENDAS_dbo'
[0m18:33:25.110564 [debug] [ThreadPool]: dbt-sqlserver
[0m18:33:25.111163 [debug] [ThreadPool]: Using sqlserver connection "list_VENDAS_dbo"
[0m18:33:25.111419 [debug] [ThreadPool]: On list_VENDAS_dbo: /* {"app": "dbt", "dbt_version": "1.12.3", "profile_name": "dbt_vendas", "target_name": "dev", "connection_name": "list_VENDAS_dbo"} */
USE [VENDAS];
    declare @schema_id int = schema_id('dbo');
    select
      DB_NAME() as [database],
      t.name as [name],
      'dbo' as [schema],
      'table' as table_type
    from sys.tables as t with (nolock)
    where t.schema_id = @schema_id
    union all
    select
      DB_NAME() as [database],
      v.name as [name],
      'dbo' as [schema],
      'view' as table_type
    from sys.views as v with (nolock)
    where v.schema_id = @schema_id
    
    OPTION (LABEL = 'dbt-sqlserver');

  
[0m18:33:25.111654 [debug] [ThreadPool]: Opening a new connection, currently in state init
[0m18:33:25.112032 [debug] [ThreadPool]: sqlserver adapter: Using connection string: DRIVER={ODBC Driver 18 for SQL Server};SERVER=DESKTOP-DUBDQD2,1433;Database=VENDAS;Trusted_Connection=yes;encrypt=No;TrustServerCertificate=Yes;APP=dbt-sqlserver/1.11.1;Pooling=true;SQL_ATTR_TRACE=SQL_OPT_TRACE_OFF;ConnectRetryCount=3;ConnectRetryInterval=10
[0m18:33:25.112431 [debug] [ThreadPool]: sqlserver adapter: Connected to db: VENDAS
[0m18:33:25.114721 [debug] [ThreadPool]: SQL status: OK in 0.000 seconds
[0m18:33:25.116111 [debug] [ThreadPool]: On list_VENDAS_dbo: ROLLBACK
[0m18:33:25.116410 [debug] [ThreadPool]: On list_VENDAS_dbo: Close
[0m18:33:25.117421 [debug] [MainThread]: Sending event: {'category': 'dbt', 'action': 'runnable_timing', 'label': 'e13be4f7-1b36-4030-81a3-4491cfc347df', 'context': [<snowplow_tracker.self_describing_json.SelfDescribingJson object at 0x000002394D6BB280>]}
[0m18:33:25.117769 [debug] [MainThread]: On master: COMMIT
[0m18:33:25.121987 [debug] [Thread-1 (]: Began running node seed.dbt_vendas.lojas
[0m18:33:25.122393 [debug] [Thread-3 (]: Began running node seed.dbt_vendas.seed_regioes_estados
[0m18:33:25.123152 [info ] [Thread-1 (]: 1 of 3 START seed file dbo.lojas ............................................... [RUN]
[0m18:33:25.124119 [debug] [Thread-1 (]: Acquiring new sqlserver connection 'seed.dbt_vendas.lojas'
[0m18:33:25.124571 [debug] [Thread-1 (]: Began compiling node seed.dbt_vendas.lojas
[0m18:33:25.122715 [debug] [Thread-2 (]: Began running node seed.dbt_vendas.produtos
[0m18:33:25.123541 [info ] [Thread-3 (]: 3 of 3 START seed file dbo.seed_regioes_estados ................................ [RUN]
[0m18:33:25.126405 [debug] [Thread-3 (]: Acquiring new sqlserver connection 'seed.dbt_vendas.seed_regioes_estados'
[0m18:33:25.124974 [debug] [Thread-1 (]: Began executing node seed.dbt_vendas.lojas
[0m18:33:25.125590 [info ] [Thread-2 (]: 2 of 3 START seed file dbo.produtos ............................................ [RUN]
[0m18:33:25.126955 [debug] [Thread-3 (]: Began compiling node seed.dbt_vendas.seed_regioes_estados
[0m18:33:25.141276 [debug] [Thread-3 (]: Began executing node seed.dbt_vendas.seed_regioes_estados
[0m18:33:25.140059 [debug] [Thread-2 (]: Acquiring new sqlserver connection 'seed.dbt_vendas.produtos'
[0m18:33:25.143475 [debug] [Thread-2 (]: Began compiling node seed.dbt_vendas.produtos
[0m18:33:25.144268 [debug] [Thread-2 (]: Began executing node seed.dbt_vendas.produtos
[0m18:33:25.162841 [debug] [Thread-3 (]: Using sqlserver connection "seed.dbt_vendas.seed_regioes_estados"
[0m18:33:25.163244 [debug] [Thread-3 (]: On seed.dbt_vendas.seed_regioes_estados: /* {"app": "dbt", "dbt_version": "1.12.3", "profile_name": "dbt_vendas", "target_name": "dev", "node_id": "seed.dbt_vendas.seed_regioes_estados"} */

    create table "VENDAS"."dbo"."seed_regioes_estados" ("sigla" varchar(16),"estado" varchar(19),"regiao" varchar(16),"ordem_regiao" int)
  
[0m18:33:25.163534 [debug] [Thread-3 (]: Opening a new connection, currently in state init
[0m18:33:25.164027 [debug] [Thread-3 (]: sqlserver adapter: Using connection string: DRIVER={ODBC Driver 18 for SQL Server};SERVER=DESKTOP-DUBDQD2,1433;Database=VENDAS;Trusted_Connection=yes;encrypt=No;TrustServerCertificate=Yes;APP=dbt-sqlserver/1.11.1;Pooling=true;SQL_ATTR_TRACE=SQL_OPT_TRACE_OFF;ConnectRetryCount=3;ConnectRetryInterval=10
[0m18:33:25.168127 [debug] [Thread-3 (]: sqlserver adapter: Connected to db: VENDAS
[0m18:33:25.172675 [debug] [Thread-3 (]: SQL status: OK in 0.000 seconds
[0m18:33:25.187311 [debug] [Thread-3 (]: Inserting batches of 400 records
[0m18:33:25.203555 [debug] [Thread-3 (]: Using sqlserver connection "seed.dbt_vendas.seed_regioes_estados"
[0m18:33:25.204103 [debug] [Thread-3 (]: On seed.dbt_vendas.seed_regioes_estados: 
          insert into "VENDAS"."dbo"."seed_regioes_estados" ("sigla", "estado", "regiao", "ordem_regiao") values (?, ?, ?, ?), (?, ?, ?, ?), (?, ?, ?, ?), (?, ?, ?, ?), (?, ?, ?, ?), (?, ?, ?, ?), (?, ?, ?, ?), (?, ?, ?, ?), (?, ?, ?, ?), (?, ?, ?, ?), (?, ?, ?, ?), (?, ?, ?, ?), (?, ?, ?, ?), (?, ?, ?, ?), (?, ?, ?, ?), (?, ?, ?, ?), (?, ?, ?, ?), (?, ?, ?, ?), (?, ?, ?, ?), (?, ?, ?, ?), (?, ?, ?, ?), (?, ?, ?, ?), (?, ?, ?, ?), (?, ?, ?, ?), (?, ?, ?, ?), (?, ?, ?, ?), (?, ?, ?, ?)
      ...
[0m18:33:25.210971 [debug] [Thread-3 (]: SQL status: OK in 0.000 seconds
[0m18:33:25.216510 [debug] [Thread-3 (]: Writing runtime SQL for node "seed.dbt_vendas.seed_regioes_estados"
[0m18:33:25.240908 [debug] [Thread-3 (]: On seed.dbt_vendas.seed_regioes_estados: COMMIT
[0m18:33:25.242856 [debug] [Thread-3 (]: On seed.dbt_vendas.seed_regioes_estados: Close
[0m18:33:25.245151 [debug] [Thread-3 (]: Sending event: {'category': 'dbt', 'action': 'run_model', 'label': 'e13be4f7-1b36-4030-81a3-4491cfc347df', 'context': [<snowplow_tracker.self_describing_json.SelfDescribingJson object at 0x00000239538044B0>]}
[0m18:33:25.245718 [info ] [Thread-3 (]: 3 of 3 OK loaded seed file dbo.seed_regioes_estados ............................ [[32mINSERT 27[0m in 0.12s]
[0m18:33:25.246404 [debug] [Thread-3 (]: Finished running node seed.dbt_vendas.seed_regioes_estados
[0m18:33:25.256476 [debug] [Thread-1 (]: Compilation Error in seed lojas (seeds\lojas.csv)
  Row 0 has 3 values, but Table only has 1 columns.
  
  > in macro materialization_seed_default (macros\materializations\seeds\seed.sql)
  > called by seed lojas (seeds\lojas.csv)
[0m18:33:25.257453 [debug] [Thread-1 (]: Sending event: {'category': 'dbt', 'action': 'run_model', 'label': 'e13be4f7-1b36-4030-81a3-4491cfc347df', 'context': [<snowplow_tracker.self_describing_json.SelfDescribingJson object at 0x00000239524AA050>]}
[0m18:33:25.257020 [debug] [Thread-2 (]: Compilation Error in seed produtos (seeds\produtos.csv)
  Row 0 has 2 values, but Table only has 1 columns.
  
  > in macro materialization_seed_default (macros\materializations\seeds\seed.sql)
  > called by seed produtos (seeds\produtos.csv)
[0m18:33:25.258373 [debug] [Thread-2 (]: Sending event: {'category': 'dbt', 'action': 'run_model', 'label': 'e13be4f7-1b36-4030-81a3-4491cfc347df', 'context': [<snowplow_tracker.self_describing_json.SelfDescribingJson object at 0x0000023952AC8D00>]}
[0m18:33:25.257938 [error] [Thread-1 (]: 1 of 3 ERROR loading seed file dbo.lojas ....................................... [[31mERROR[0m in 0.13s]
[0m18:33:25.259529 [debug] [Thread-1 (]: Finished running node seed.dbt_vendas.lojas
[0m18:33:25.260132 [debug] [Thread-7 (]: Marking all children of 'seed.dbt_vendas.lojas' to be skipped because of status 'error'.  Reason: Compilation Error in seed lojas (seeds\lojas.csv)
  Row 0 has 3 values, but Table only has 1 columns.
  
  > in macro materialization_seed_default (macros\materializations\seeds\seed.sql)
  > called by seed lojas (seeds\lojas.csv).
[0m18:33:25.259047 [error] [Thread-2 (]: 2 of 3 ERROR loading seed file dbo.produtos .................................... [[31mERROR[0m in 0.12s]
[0m18:33:25.261352 [debug] [Thread-2 (]: Finished running node seed.dbt_vendas.produtos
[0m18:33:25.261787 [debug] [Thread-7 (]: Marking all children of 'seed.dbt_vendas.produtos' to be skipped because of status 'error'.  Reason: Compilation Error in seed produtos (seeds\produtos.csv)
  Row 0 has 2 values, but Table only has 1 columns.
  
  > in macro materialization_seed_default (macros\materializations\seeds\seed.sql)
  > called by seed produtos (seeds\produtos.csv).
[0m18:33:25.262964 [debug] [MainThread]: On master: COMMIT
[0m18:33:25.263284 [debug] [MainThread]: Connection 'master' was properly closed.
[0m18:33:25.263517 [debug] [MainThread]: Connection 'list_VENDAS' was properly closed.
[0m18:33:25.263710 [debug] [MainThread]: Connection 'list_VENDAS_dbo' was properly closed.
[0m18:33:25.263909 [debug] [MainThread]: Connection 'seed.dbt_vendas.lojas' was properly closed.
[0m18:33:25.264261 [debug] [MainThread]: Connection 'seed.dbt_vendas.seed_regioes_estados' was properly closed.
[0m18:33:25.264563 [debug] [MainThread]: Connection 'seed.dbt_vendas.produtos' was properly closed.
[0m18:33:25.264853 [info ] [MainThread]: 
[0m18:33:25.265310 [info ] [MainThread]: Finished running 3 seeds in 0 hours 0 minutes and 0.26 seconds (0.26s).
[0m18:33:25.266340 [debug] [MainThread]: Command end result
[0m18:33:25.301122 [debug] [MainThread]: Wrote artifact WritableManifest to C:\Users\User\Documents\Curso Python\Projeto de Engenharia de Dados\dbt_vendas\target\manifest.json
[0m18:33:25.305103 [debug] [MainThread]: Wrote artifact SemanticManifest to C:\Users\User\Documents\Curso Python\Projeto de Engenharia de Dados\dbt_vendas\target\semantic_manifest.json
[0m18:33:25.308059 [debug] [MainThread]: Wrote artifact OsiDocument to C:\Users\User\Documents\Curso Python\Projeto de Engenharia de Dados\dbt_vendas\target\osi_document.json
[0m18:33:25.314903 [debug] [MainThread]: Wrote artifact RunExecutionResult to C:\Users\User\Documents\Curso Python\Projeto de Engenharia de Dados\dbt_vendas\target\run_results.json
[0m18:33:25.315301 [info ] [MainThread]: 
[0m18:33:25.315742 [info ] [MainThread]: [31mCompleted with 2 errors, 0 partial successes, and 0 warnings:[0m
[0m18:33:25.316073 [info ] [MainThread]: 
[0m18:33:25.316408 [error] [MainThread]: [[31mERROR[0m]: in seed lojas (seeds\lojas.csv)
[0m18:33:25.316735 [error] [MainThread]:   Compilation Error in seed lojas (seeds\lojas.csv)
  Row 0 has 3 values, but Table only has 1 columns.
  
  > in macro materialization_seed_default (macros\materializations\seeds\seed.sql)
  > called by seed lojas (seeds\lojas.csv)
[0m18:33:25.317017 [info ] [MainThread]: 
[0m18:33:25.317320 [error] [MainThread]: [[31mERROR[0m]: in seed produtos (seeds\produtos.csv)
[0m18:33:25.317666 [error] [MainThread]:   Compilation Error in seed produtos (seeds\produtos.csv)
  Row 0 has 2 values, but Table only has 1 columns.
  
  > in macro materialization_seed_default (macros\materializations\seeds\seed.sql)
  > called by seed produtos (seeds\produtos.csv)
[0m18:33:25.317939 [info ] [MainThread]: 
[0m18:33:25.318221 [info ] [MainThread]: Done. PASS=1 WARN=0 ERROR=2 SKIP=0 NO-OP=0 REUSED=0 TOTAL=3
[0m18:33:25.319197 [debug] [MainThread]: Command `dbt seed` failed at 18:33:25.319096 after 1.40 seconds
[0m18:33:25.319596 [debug] [MainThread]: Sending event: {'category': 'dbt', 'action': 'invocation', 'label': 'end', 'context': [<snowplow_tracker.self_describing_json.SelfDescribingJson object at 0x0000023952412570>, <snowplow_tracker.self_describing_json.SelfDescribingJson object at 0x0000023952A18290>, <snowplow_tracker.self_describing_json.SelfDescribingJson object at 0x0000023953768470>]}
[0m18:33:25.319922 [debug] [MainThread]: Flushing usage events
[0m18:33:26.340247 [debug] [MainThread]: An error was encountered while trying to flush usage events
[0m18:33:52.945820 [debug] [MainThread]: Sending event: {'category': 'dbt', 'action': 'invocation', 'label': 'start', 'context': [<snowplow_tracker.self_describing_json.SelfDescribingJson object at 0x0000021CE843C1A0>, <snowplow_tracker.self_describing_json.SelfDescribingJson object at 0x0000021CE5C3CF50>, <snowplow_tracker.self_describing_json.SelfDescribingJson object at 0x0000021CEAC3B890>]}


============================== 18:33:52.952030 | 49038eb5-2e32-49ce-97c2-2ef6e8958f74 ==============================
[0m18:33:52.952030 [info ] [MainThread]: Running with dbt=1.12.3
[0m18:33:52.953121 [debug] [MainThread]: running dbt with arguments {'static_parser': 'True', 'no_print': 'None', 'version_check': 'True', 'warn_error_options': 'WarnErrorOptionsV2(error=[], warn=[], silence=[])', 'maximum_seed_size_mib': '1', 'target_path': 'None', 'printer_width': '80', 'write_json': 'True', 'introspect': 'True', 'log_cache_events': 'False', 'empty': 'False', 'cache_selected_only': 'False', 'log_format': 'default', 'debug': 'False', 'fail_fast': 'False', 'profiles_dir': 'C:\\Users\\User\\.dbt', 'send_anonymous_usage_stats': 'True', 'quiet': 'False', 'warn_error': 'None', 'partial_parse': 'True', 'use_colors': 'True', 'hints_enabled': 'True', 'indirect_selection': 'eager', 'use_experimental_parser': 'False', 'invocation_command': 'dbt seed --project-dir dbt_vendas', 'log_path': 'dbt_vendas\\logs'}
[0m18:33:53.318116 [debug] [MainThread]: Sending event: {'category': 'dbt', 'action': 'project_id', 'label': '49038eb5-2e32-49ce-97c2-2ef6e8958f74', 'context': [<snowplow_tracker.self_describing_json.SelfDescribingJson object at 0x0000021CEABC3E10>]}
[0m18:33:53.386540 [debug] [MainThread]: Sending event: {'category': 'dbt', 'action': 'adapter_info', 'label': '49038eb5-2e32-49ce-97c2-2ef6e8958f74', 'context': [<snowplow_tracker.self_describing_json.SelfDescribingJson object at 0x0000021CEB213570>]}
[0m18:33:53.387993 [info ] [MainThread]: Registered adapter: sqlserver=1.11.1
[0m18:33:53.698871 [warn ] [MainThread]: [[33mWARNING[0m]: When True, uses SQL Server-native string type mappings: STRING -> VARCHAR(MAX), NCHAR -> NCHAR(1), NVARCHAR -> NVARCHAR(4000). When False (default), preserves legacy mappings: STRING and NVARCHAR -> VARCHAR(8000), NCHAR -> CHAR(1). The new behaviour is intended to become the default in a future release.
You may opt into the new behavior sooner by setting `flags.dbt_sqlserver_use_native_string_types` to `True` in `dbt_project.yml`.
Visit https://docs.getdbt.com/reference/global-configs/behavior-changes for more information.
[0m18:33:53.699824 [debug] [MainThread]: Sending event: {'category': 'dbt', 'action': 'BehaviorChangeEvent', 'label': '49038eb5-2e32-49ce-97c2-2ef6e8958f74', 'context': [<snowplow_tracker.self_describing_json.SelfDescribingJson object at 0x0000021CEB360350>]}
[0m18:33:53.700223 [warn ] [MainThread]: [[33mWARNING[0m]: When True, dbt transaction hooks (begin/commit) emit real T-SQL BEGIN TRANSACTION / COMMIT TRANSACTION statements. When False (default and legacy), begin/commit are no-ops and each statement is auto-committed by the driver. This means earlier successful statements are not rolled back if a later statement fails. This behavior is intended to become the default in a future release.
You may opt into the new behavior sooner by setting `flags.dbt_sqlserver_use_dbt_transactions` to `True` in `dbt_project.yml`.
Visit https://docs.getdbt.com/reference/global-configs/behavior-changes for more information.
[0m18:33:53.700704 [debug] [MainThread]: Sending event: {'category': 'dbt', 'action': 'BehaviorChangeEvent', 'label': '49038eb5-2e32-49ce-97c2-2ef6e8958f74', 'context': [<snowplow_tracker.self_describing_json.SelfDescribingJson object at 0x0000021CEB37E6C0>]}
[0m18:33:53.711325 [debug] [MainThread]: checksum: 322f88ac24e63d47c1d31b5534f5eab777388b114faa788d6e85c1bcb9efb5d4, vars: {}, profile: dbt_vendas, target: dev, version: 1.12.3
[0m18:33:53.824095 [info ] [MainThread]: Unable to do partial parsing because a project config has changed
[0m18:33:53.825365 [debug] [MainThread]: Sending event: {'category': 'dbt', 'action': 'partial_parser', 'label': '49038eb5-2e32-49ce-97c2-2ef6e8958f74', 'context': [<snowplow_tracker.self_describing_json.SelfDescribingJson object at 0x0000021CEB806A50>]}
[0m18:33:54.947228 [warn ] [MainThread]: [[33mWARNING[0m]: When True, uses dbt-core's standard schema concatenation (`target.schema` + `_` + `custom_schema_name`). When False (default), uses legacy adapter behaviour: `custom_schema_name` is used directly without prefixing `target.schema`. For a permanent solution, override the `sqlserver__generate_schema_name` macro in your project instead.
You may opt into the new behavior sooner by setting `flags.dbt_sqlserver_use_default_schema_concat` to `True` in `dbt_project.yml`.
Visit https://docs.getdbt.com/reference/global-configs/behavior-changes for more information.
[0m18:33:54.948351 [debug] [MainThread]: Sending event: {'category': 'dbt', 'action': 'BehaviorChangeEvent', 'label': '49038eb5-2e32-49ce-97c2-2ef6e8958f74', 'context': [<snowplow_tracker.self_describing_json.SelfDescribingJson object at 0x0000021CEBE74530>]}
[0m18:33:55.362445 [warn ] [MainThread]: [[33mWARNING[0m]: Configuration paths exist in your dbt_project.yml file which do not apply to any resources.
There are 1 unused configuration paths:
- models.dbt_vendas.marts
[0m18:33:55.367980 [debug] [MainThread]: Sending event: {'category': 'dbt', 'action': 'load_project', 'label': '49038eb5-2e32-49ce-97c2-2ef6e8958f74', 'context': [<snowplow_tracker.self_describing_json.SelfDescribingJson object at 0x0000021CECFC6390>]}
[0m18:33:55.472650 [debug] [MainThread]: Wrote artifact WritableManifest to dbt_vendas\target\manifest.json
[0m18:33:55.477457 [debug] [MainThread]: Wrote artifact SemanticManifest to dbt_vendas\target\semantic_manifest.json
[0m18:33:55.634147 [debug] [MainThread]: Wrote artifact OsiDocument to dbt_vendas\target\osi_document.json
[0m18:33:55.652199 [debug] [MainThread]: Sending event: {'category': 'dbt', 'action': 'resource_counts', 'label': '49038eb5-2e32-49ce-97c2-2ef6e8958f74', 'context': [<snowplow_tracker.self_describing_json.SelfDescribingJson object at 0x0000021CECF4ED00>]}
[0m18:33:55.653272 [info ] [MainThread]: Found 4 models, 3 seeds, 1 source, 556 macros
[0m18:33:55.653994 [debug] [MainThread]: Sending event: {'category': 'dbt', 'action': 'runnable_timing', 'label': '49038eb5-2e32-49ce-97c2-2ef6e8958f74', 'context': [<snowplow_tracker.self_describing_json.SelfDescribingJson object at 0x0000021CECF48370>]}
[0m18:33:55.656495 [info ] [MainThread]: 
[0m18:33:55.656922 [info ] [MainThread]: Concurrency: 4 threads (target='dev')
[0m18:33:55.657222 [info ] [MainThread]: 
[0m18:33:55.658062 [debug] [MainThread]: Acquiring new sqlserver connection 'master'
[0m18:33:55.663949 [debug] [ThreadPool]: Acquiring new sqlserver connection 'list_VENDAS'
[0m18:33:55.688875 [debug] [ThreadPool]: dbt-sqlserver
[0m18:33:55.692368 [debug] [ThreadPool]: Using sqlserver connection "list_VENDAS"
[0m18:33:55.692974 [debug] [ThreadPool]: On list_VENDAS: /* {"app": "dbt", "dbt_version": "1.12.3", "profile_name": "dbt_vendas", "target_name": "dev", "connection_name": "list_VENDAS"} */
USE [VENDAS];
    select  name as [schema]
    from sys.schemas with (nolock) 
    OPTION (LABEL = 'dbt-sqlserver');

  
[0m18:33:55.693381 [debug] [ThreadPool]: Opening a new connection, currently in state init
[0m18:33:55.696162 [debug] [ThreadPool]: sqlserver adapter: Using connection string: DRIVER={ODBC Driver 18 for SQL Server};SERVER=DESKTOP-DUBDQD2,1433;Database=VENDAS;Trusted_Connection=yes;encrypt=No;TrustServerCertificate=Yes;APP=dbt-sqlserver/1.11.1;Pooling=true;SQL_ATTR_TRACE=SQL_OPT_TRACE_OFF;ConnectRetryCount=3;ConnectRetryInterval=10
[0m18:33:55.811511 [debug] [ThreadPool]: sqlserver adapter: Connected to db: VENDAS
[0m18:33:55.823893 [debug] [ThreadPool]: SQL status: OK in 0.000 seconds
[0m18:33:55.826217 [debug] [ThreadPool]: On list_VENDAS: Close
[0m18:33:55.828531 [debug] [ThreadPool]: Acquiring new sqlserver connection 'list_VENDAS_dbo'
[0m18:33:55.835550 [debug] [ThreadPool]: dbt-sqlserver
[0m18:33:55.837102 [debug] [ThreadPool]: Using sqlserver connection "list_VENDAS_dbo"
[0m18:33:55.837738 [debug] [ThreadPool]: On list_VENDAS_dbo: /* {"app": "dbt", "dbt_version": "1.12.3", "profile_name": "dbt_vendas", "target_name": "dev", "connection_name": "list_VENDAS_dbo"} */
USE [VENDAS];
    declare @schema_id int = schema_id('dbo');
    select
      DB_NAME() as [database],
      t.name as [name],
      'dbo' as [schema],
      'table' as table_type
    from sys.tables as t with (nolock)
    where t.schema_id = @schema_id
    union all
    select
      DB_NAME() as [database],
      v.name as [name],
      'dbo' as [schema],
      'view' as table_type
    from sys.views as v with (nolock)
    where v.schema_id = @schema_id
    
    OPTION (LABEL = 'dbt-sqlserver');

  
[0m18:33:55.838101 [debug] [ThreadPool]: Opening a new connection, currently in state init
[0m18:33:55.838477 [debug] [ThreadPool]: sqlserver adapter: Using connection string: DRIVER={ODBC Driver 18 for SQL Server};SERVER=DESKTOP-DUBDQD2,1433;Database=VENDAS;Trusted_Connection=yes;encrypt=No;TrustServerCertificate=Yes;APP=dbt-sqlserver/1.11.1;Pooling=true;SQL_ATTR_TRACE=SQL_OPT_TRACE_OFF;ConnectRetryCount=3;ConnectRetryInterval=10
[0m18:33:55.838824 [debug] [ThreadPool]: sqlserver adapter: Connected to db: VENDAS
[0m18:33:55.901353 [debug] [ThreadPool]: SQL status: OK in 0.000 seconds
[0m18:33:55.903701 [debug] [ThreadPool]: On list_VENDAS_dbo: ROLLBACK
[0m18:33:55.904292 [debug] [ThreadPool]: On list_VENDAS_dbo: Close
[0m18:33:55.905673 [debug] [MainThread]: Sending event: {'category': 'dbt', 'action': 'runnable_timing', 'label': '49038eb5-2e32-49ce-97c2-2ef6e8958f74', 'context': [<snowplow_tracker.self_describing_json.SelfDescribingJson object at 0x0000021CECF8D9D0>]}
[0m18:33:55.906102 [debug] [MainThread]: On master: COMMIT
[0m18:33:55.911281 [debug] [Thread-1 (]: Began running node seed.dbt_vendas.lojas
[0m18:33:55.911721 [debug] [Thread-2 (]: Began running node seed.dbt_vendas.produtos
[0m18:33:55.912055 [debug] [Thread-3 (]: Began running node seed.dbt_vendas.seed_regioes_estados
[0m18:33:55.912478 [info ] [Thread-1 (]: 1 of 3 START seed file dbo.lojas ............................................... [RUN]
[0m18:33:55.914410 [debug] [Thread-1 (]: Acquiring new sqlserver connection 'seed.dbt_vendas.lojas'
[0m18:33:55.915058 [debug] [Thread-1 (]: Began compiling node seed.dbt_vendas.lojas
[0m18:33:55.915535 [debug] [Thread-1 (]: Began executing node seed.dbt_vendas.lojas
[0m18:33:55.912862 [info ] [Thread-2 (]: 2 of 3 START seed file dbo.produtos ............................................ [RUN]
[0m18:33:55.913494 [info ] [Thread-3 (]: 3 of 3 START seed file dbo.seed_regioes_estados ................................ [RUN]
[0m18:33:55.933412 [debug] [Thread-3 (]: Acquiring new sqlserver connection 'seed.dbt_vendas.seed_regioes_estados'
[0m18:33:55.932011 [debug] [Thread-2 (]: Acquiring new sqlserver connection 'seed.dbt_vendas.produtos'
[0m18:33:55.934164 [debug] [Thread-2 (]: Began compiling node seed.dbt_vendas.produtos
[0m18:33:55.934517 [debug] [Thread-2 (]: Began executing node seed.dbt_vendas.produtos
[0m18:33:55.933808 [debug] [Thread-3 (]: Began compiling node seed.dbt_vendas.seed_regioes_estados
[0m18:33:55.938878 [debug] [Thread-3 (]: Began executing node seed.dbt_vendas.seed_regioes_estados
[0m18:33:55.956904 [debug] [Thread-3 (]: Using sqlserver connection "seed.dbt_vendas.seed_regioes_estados"
[0m18:33:55.957445 [debug] [Thread-3 (]: On seed.dbt_vendas.seed_regioes_estados: /* {"app": "dbt", "dbt_version": "1.12.3", "profile_name": "dbt_vendas", "target_name": "dev", "node_id": "seed.dbt_vendas.seed_regioes_estados"} */
truncate table "VENDAS"."dbo"."seed_regioes_estados"
[0m18:33:55.958825 [debug] [Thread-3 (]: Opening a new connection, currently in state init
[0m18:33:55.959739 [debug] [Thread-3 (]: sqlserver adapter: Using connection string: DRIVER={ODBC Driver 18 for SQL Server};SERVER=DESKTOP-DUBDQD2,1433;Database=VENDAS;Trusted_Connection=yes;encrypt=No;TrustServerCertificate=Yes;APP=dbt-sqlserver/1.11.1;Pooling=true;SQL_ATTR_TRACE=SQL_OPT_TRACE_OFF;ConnectRetryCount=3;ConnectRetryInterval=10
[0m18:33:55.960791 [debug] [Thread-3 (]: sqlserver adapter: Connected to db: VENDAS
[0m18:33:55.968262 [debug] [Thread-1 (]: Compilation Error in seed lojas (seeds\lojas.csv)
  Row 0 has 3 values, but Table only has 1 columns.
  
  > in macro materialization_seed_default (macros\materializations\seeds\seed.sql)
  > called by seed lojas (seeds\lojas.csv)
[0m18:33:55.969223 [debug] [Thread-2 (]: Compilation Error in seed produtos (seeds\produtos.csv)
  Row 0 has 2 values, but Table only has 1 columns.
  
  > in macro materialization_seed_default (macros\materializations\seeds\seed.sql)
  > called by seed produtos (seeds\produtos.csv)
[0m18:33:55.972616 [debug] [Thread-1 (]: Sending event: {'category': 'dbt', 'action': 'run_model', 'label': '49038eb5-2e32-49ce-97c2-2ef6e8958f74', 'context': [<snowplow_tracker.self_describing_json.SelfDescribingJson object at 0x0000021CEBD92890>]}
[0m18:33:55.972977 [debug] [Thread-2 (]: Sending event: {'category': 'dbt', 'action': 'run_model', 'label': '49038eb5-2e32-49ce-97c2-2ef6e8958f74', 'context': [<snowplow_tracker.self_describing_json.SelfDescribingJson object at 0x0000021CEBC7E120>]}
[0m18:33:55.973461 [error] [Thread-1 (]: 1 of 3 ERROR loading seed file dbo.lojas ....................................... [[31mERROR[0m in 0.06s]
[0m18:33:55.974619 [debug] [Thread-1 (]: Finished running node seed.dbt_vendas.lojas
[0m18:33:55.973871 [error] [Thread-2 (]: 2 of 3 ERROR loading seed file dbo.produtos .................................... [[31mERROR[0m in 0.04s]
[0m18:33:55.976235 [debug] [Thread-2 (]: Finished running node seed.dbt_vendas.produtos
[0m18:33:55.975640 [debug] [Thread-7 (]: Marking all children of 'seed.dbt_vendas.lojas' to be skipped because of status 'error'.  Reason: Compilation Error in seed lojas (seeds\lojas.csv)
  Row 0 has 3 values, but Table only has 1 columns.
  
  > in macro materialization_seed_default (macros\materializations\seeds\seed.sql)
  > called by seed lojas (seeds\lojas.csv).
[0m18:33:55.977943 [debug] [Thread-7 (]: Marking all children of 'seed.dbt_vendas.produtos' to be skipped because of status 'error'.  Reason: Compilation Error in seed produtos (seeds\produtos.csv)
  Row 0 has 2 values, but Table only has 1 columns.
  
  > in macro materialization_seed_default (macros\materializations\seeds\seed.sql)
  > called by seed produtos (seeds\produtos.csv).
[0m18:33:55.976693 [debug] [Thread-3 (]: SQL status: OK in 0.000 seconds
[0m18:33:55.998432 [debug] [Thread-3 (]: Inserting batches of 400 records
[0m18:33:56.015364 [debug] [Thread-3 (]: Using sqlserver connection "seed.dbt_vendas.seed_regioes_estados"
[0m18:33:56.015943 [debug] [Thread-3 (]: On seed.dbt_vendas.seed_regioes_estados: 
          insert into "VENDAS"."dbo"."seed_regioes_estados" ("sigla", "estado", "regiao", "ordem_regiao") values (?, ?, ?, ?), (?, ?, ?, ?), (?, ?, ?, ?), (?, ?, ?, ?), (?, ?, ?, ?), (?, ?, ?, ?), (?, ?, ?, ?), (?, ?, ?, ?), (?, ?, ?, ?), (?, ?, ?, ?), (?, ?, ?, ?), (?, ?, ?, ?), (?, ?, ?, ?), (?, ?, ?, ?), (?, ?, ?, ?), (?, ?, ?, ?), (?, ?, ?, ?), (?, ?, ?, ?), (?, ?, ?, ?), (?, ?, ?, ?), (?, ?, ?, ?), (?, ?, ?, ?), (?, ?, ?, ?), (?, ?, ?, ?), (?, ?, ?, ?), (?, ?, ?, ?), (?, ?, ?, ?)
      ...
[0m18:33:56.021758 [debug] [Thread-3 (]: SQL status: OK in 0.000 seconds
[0m18:33:56.028446 [debug] [Thread-3 (]: Writing runtime SQL for node "seed.dbt_vendas.seed_regioes_estados"
[0m18:33:56.050325 [debug] [Thread-3 (]: On seed.dbt_vendas.seed_regioes_estados: COMMIT
[0m18:33:56.051909 [debug] [Thread-3 (]: On seed.dbt_vendas.seed_regioes_estados: Close
[0m18:33:56.052829 [debug] [Thread-3 (]: Sending event: {'category': 'dbt', 'action': 'run_model', 'label': '49038eb5-2e32-49ce-97c2-2ef6e8958f74', 'context': [<snowplow_tracker.self_describing_json.SelfDescribingJson object at 0x0000021CEBCE2690>]}
[0m18:33:56.053799 [info ] [Thread-3 (]: 3 of 3 OK loaded seed file dbo.seed_regioes_estados ............................ [[32mINSERT 27[0m in 0.12s]
[0m18:33:56.054720 [debug] [Thread-3 (]: Finished running node seed.dbt_vendas.seed_regioes_estados
[0m18:33:56.056038 [debug] [MainThread]: On master: COMMIT
[0m18:33:56.056412 [debug] [MainThread]: Connection 'master' was properly closed.
[0m18:33:56.056640 [debug] [MainThread]: Connection 'list_VENDAS' was properly closed.
[0m18:33:56.056838 [debug] [MainThread]: Connection 'list_VENDAS_dbo' was properly closed.
[0m18:33:56.057038 [debug] [MainThread]: Connection 'seed.dbt_vendas.lojas' was properly closed.
[0m18:33:56.057229 [debug] [MainThread]: Connection 'seed.dbt_vendas.produtos' was properly closed.
[0m18:33:56.057437 [debug] [MainThread]: Connection 'seed.dbt_vendas.seed_regioes_estados' was properly closed.
[0m18:33:56.057792 [info ] [MainThread]: 
[0m18:33:56.058442 [info ] [MainThread]: Finished running 3 seeds in 0 hours 0 minutes and 0.40 seconds (0.40s).
[0m18:33:56.060228 [debug] [MainThread]: Command end result
[0m18:33:56.097680 [debug] [MainThread]: Wrote artifact WritableManifest to dbt_vendas\target\manifest.json
[0m18:33:56.102031 [debug] [MainThread]: Wrote artifact SemanticManifest to dbt_vendas\target\semantic_manifest.json
[0m18:33:56.106745 [debug] [MainThread]: Wrote artifact OsiDocument to dbt_vendas\target\osi_document.json
[0m18:33:56.116095 [debug] [MainThread]: Wrote artifact RunExecutionResult to dbt_vendas\target\run_results.json
[0m18:33:56.116571 [info ] [MainThread]: 
[0m18:33:56.116999 [info ] [MainThread]: [31mCompleted with 2 errors, 0 partial successes, and 0 warnings:[0m
[0m18:33:56.117469 [info ] [MainThread]: 
[0m18:33:56.117875 [error] [MainThread]: [[31mERROR[0m]: in seed lojas (seeds\lojas.csv)
[0m18:33:56.118251 [error] [MainThread]:   Compilation Error in seed lojas (seeds\lojas.csv)
  Row 0 has 3 values, but Table only has 1 columns.
  
  > in macro materialization_seed_default (macros\materializations\seeds\seed.sql)
  > called by seed lojas (seeds\lojas.csv)
[0m18:33:56.118606 [info ] [MainThread]: 
[0m18:33:56.119132 [error] [MainThread]: [[31mERROR[0m]: in seed produtos (seeds\produtos.csv)
[0m18:33:56.119667 [error] [MainThread]:   Compilation Error in seed produtos (seeds\produtos.csv)
  Row 0 has 2 values, but Table only has 1 columns.
  
  > in macro materialization_seed_default (macros\materializations\seeds\seed.sql)
  > called by seed produtos (seeds\produtos.csv)
[0m18:33:56.120044 [info ] [MainThread]: 
[0m18:33:56.120398 [info ] [MainThread]: Done. PASS=1 WARN=0 ERROR=2 SKIP=0 NO-OP=0 REUSED=0 TOTAL=3
[0m18:33:56.121651 [debug] [MainThread]: Command `dbt seed` failed at 18:33:56.121475 after 3.33 seconds
[0m18:33:56.122119 [debug] [MainThread]: Sending event: {'category': 'dbt', 'action': 'invocation', 'label': 'end', 'context': [<snowplow_tracker.self_describing_json.SelfDescribingJson object at 0x0000021CEBCB57F0>, <snowplow_tracker.self_describing_json.SelfDescribingJson object at 0x0000021CE8FC2510>, <snowplow_tracker.self_describing_json.SelfDescribingJson object at 0x0000021CEB9537D0>]}
[0m18:33:56.122473 [debug] [MainThread]: Flushing usage events
[0m18:33:57.092790 [debug] [MainThread]: An error was encountered while trying to flush usage events
[0m18:34:25.788781 [debug] [MainThread]: Sending event: {'category': 'dbt', 'action': 'invocation', 'label': 'start', 'context': [<snowplow_tracker.self_describing_json.SelfDescribingJson object at 0x000001ED43CDC1A0>, <snowplow_tracker.self_describing_json.SelfDescribingJson object at 0x000001ED414ECF50>, <snowplow_tracker.self_describing_json.SelfDescribingJson object at 0x000001ED464DB890>]}


============================== 18:34:25.797680 | 187ef4c0-59eb-4ddc-ac48-36680cd1ecc3 ==============================
[0m18:34:25.797680 [info ] [MainThread]: Running with dbt=1.12.3
[0m18:34:25.798456 [debug] [MainThread]: running dbt with arguments {'version_check': 'True', 'no_print': 'None', 'maximum_seed_size_mib': '1', 'target_path': 'None', 'warn_error_options': 'WarnErrorOptionsV2(error=[], warn=[], silence=[])', 'static_parser': 'True', 'printer_width': '80', 'write_json': 'True', 'empty': 'False', 'log_cache_events': 'False', 'introspect': 'True', 'cache_selected_only': 'False', 'log_format': 'default', 'debug': 'False', 'fail_fast': 'False', 'profiles_dir': 'C:\\Users\\User\\.dbt', 'send_anonymous_usage_stats': 'True', 'quiet': 'False', 'warn_error': 'None', 'partial_parse': 'True', 'use_colors': 'True', 'hints_enabled': 'True', 'indirect_selection': 'eager', 'use_experimental_parser': 'False', 'invocation_command': 'dbt seed --project-dir dbt_vendas', 'log_path': 'dbt_vendas\\logs'}
[0m18:34:26.167357 [debug] [MainThread]: Sending event: {'category': 'dbt', 'action': 'project_id', 'label': '187ef4c0-59eb-4ddc-ac48-36680cd1ecc3', 'context': [<snowplow_tracker.self_describing_json.SelfDescribingJson object at 0x000001ED46463E10>]}
[0m18:34:26.237548 [debug] [MainThread]: Sending event: {'category': 'dbt', 'action': 'adapter_info', 'label': '187ef4c0-59eb-4ddc-ac48-36680cd1ecc3', 'context': [<snowplow_tracker.self_describing_json.SelfDescribingJson object at 0x000001ED46A7F570>]}
[0m18:34:26.238740 [info ] [MainThread]: Registered adapter: sqlserver=1.11.1
[0m18:34:26.547376 [warn ] [MainThread]: [[33mWARNING[0m]: When True, uses SQL Server-native string type mappings: STRING -> VARCHAR(MAX), NCHAR -> NCHAR(1), NVARCHAR -> NVARCHAR(4000). When False (default), preserves legacy mappings: STRING and NVARCHAR -> VARCHAR(8000), NCHAR -> CHAR(1). The new behaviour is intended to become the default in a future release.
You may opt into the new behavior sooner by setting `flags.dbt_sqlserver_use_native_string_types` to `True` in `dbt_project.yml`.
Visit https://docs.getdbt.com/reference/global-configs/behavior-changes for more information.
[0m18:34:26.548183 [debug] [MainThread]: Sending event: {'category': 'dbt', 'action': 'BehaviorChangeEvent', 'label': '187ef4c0-59eb-4ddc-ac48-36680cd1ecc3', 'context': [<snowplow_tracker.self_describing_json.SelfDescribingJson object at 0x000001ED46BD8350>]}
[0m18:34:26.548540 [warn ] [MainThread]: [[33mWARNING[0m]: When True, dbt transaction hooks (begin/commit) emit real T-SQL BEGIN TRANSACTION / COMMIT TRANSACTION statements. When False (default and legacy), begin/commit are no-ops and each statement is auto-committed by the driver. This means earlier successful statements are not rolled back if a later statement fails. This behavior is intended to become the default in a future release.
You may opt into the new behavior sooner by setting `flags.dbt_sqlserver_use_dbt_transactions` to `True` in `dbt_project.yml`.
Visit https://docs.getdbt.com/reference/global-configs/behavior-changes for more information.
[0m18:34:26.548992 [debug] [MainThread]: Sending event: {'category': 'dbt', 'action': 'BehaviorChangeEvent', 'label': '187ef4c0-59eb-4ddc-ac48-36680cd1ecc3', 'context': [<snowplow_tracker.self_describing_json.SelfDescribingJson object at 0x000001ED46BE65D0>]}
[0m18:34:26.559207 [debug] [MainThread]: checksum: 322f88ac24e63d47c1d31b5534f5eab777388b114faa788d6e85c1bcb9efb5d4, vars: {}, profile: dbt_vendas, target: dev, version: 1.12.3
[0m18:34:26.674766 [info ] [MainThread]: Unable to do partial parsing because a project config has changed
[0m18:34:26.675685 [debug] [MainThread]: Sending event: {'category': 'dbt', 'action': 'partial_parser', 'label': '187ef4c0-59eb-4ddc-ac48-36680cd1ecc3', 'context': [<snowplow_tracker.self_describing_json.SelfDescribingJson object at 0x000001ED47076A50>]}
[0m18:34:27.802551 [warn ] [MainThread]: [[33mWARNING[0m]: When True, uses dbt-core's standard schema concatenation (`target.schema` + `_` + `custom_schema_name`). When False (default), uses legacy adapter behaviour: `custom_schema_name` is used directly without prefixing `target.schema`. For a permanent solution, override the `sqlserver__generate_schema_name` macro in your project instead.
You may opt into the new behavior sooner by setting `flags.dbt_sqlserver_use_default_schema_concat` to `True` in `dbt_project.yml`.
Visit https://docs.getdbt.com/reference/global-configs/behavior-changes for more information.
[0m18:34:27.803732 [debug] [MainThread]: Sending event: {'category': 'dbt', 'action': 'BehaviorChangeEvent', 'label': '187ef4c0-59eb-4ddc-ac48-36680cd1ecc3', 'context': [<snowplow_tracker.self_describing_json.SelfDescribingJson object at 0x000001ED486B02C0>]}
[0m18:34:28.217393 [warn ] [MainThread]: [[33mWARNING[0m]: Configuration paths exist in your dbt_project.yml file which do not apply to any resources.
There are 1 unused configuration paths:
- models.dbt_vendas.marts
[0m18:34:28.223603 [debug] [MainThread]: Sending event: {'category': 'dbt', 'action': 'load_project', 'label': '187ef4c0-59eb-4ddc-ac48-36680cd1ecc3', 'context': [<snowplow_tracker.self_describing_json.SelfDescribingJson object at 0x000001ED4883A390>]}
[0m18:34:28.334301 [debug] [MainThread]: Wrote artifact WritableManifest to dbt_vendas\target\manifest.json
[0m18:34:28.338400 [debug] [MainThread]: Wrote artifact SemanticManifest to dbt_vendas\target\semantic_manifest.json
[0m18:34:28.490171 [debug] [MainThread]: Wrote artifact OsiDocument to dbt_vendas\target\osi_document.json
[0m18:34:28.509966 [debug] [MainThread]: Sending event: {'category': 'dbt', 'action': 'resource_counts', 'label': '187ef4c0-59eb-4ddc-ac48-36680cd1ecc3', 'context': [<snowplow_tracker.self_describing_json.SelfDescribingJson object at 0x000001ED487BAC50>]}
[0m18:34:28.510709 [info ] [MainThread]: Found 4 models, 3 seeds, 1 source, 556 macros
[0m18:34:28.511111 [debug] [MainThread]: Sending event: {'category': 'dbt', 'action': 'runnable_timing', 'label': '187ef4c0-59eb-4ddc-ac48-36680cd1ecc3', 'context': [<snowplow_tracker.self_describing_json.SelfDescribingJson object at 0x000001ED487C4690>]}
[0m18:34:28.513332 [info ] [MainThread]: 
[0m18:34:28.514228 [info ] [MainThread]: Concurrency: 4 threads (target='dev')
[0m18:34:28.514672 [info ] [MainThread]: 
[0m18:34:28.515325 [debug] [MainThread]: Acquiring new sqlserver connection 'master'
[0m18:34:28.521440 [debug] [ThreadPool]: Acquiring new sqlserver connection 'list_VENDAS'
[0m18:34:28.545205 [debug] [ThreadPool]: dbt-sqlserver
[0m18:34:28.549819 [debug] [ThreadPool]: Using sqlserver connection "list_VENDAS"
[0m18:34:28.550482 [debug] [ThreadPool]: On list_VENDAS: /* {"app": "dbt", "dbt_version": "1.12.3", "profile_name": "dbt_vendas", "target_name": "dev", "connection_name": "list_VENDAS"} */
USE [VENDAS];
    select  name as [schema]
    from sys.schemas with (nolock) 
    OPTION (LABEL = 'dbt-sqlserver');

  
[0m18:34:28.550772 [debug] [ThreadPool]: Opening a new connection, currently in state init
[0m18:34:28.555784 [debug] [ThreadPool]: sqlserver adapter: Using connection string: DRIVER={ODBC Driver 18 for SQL Server};SERVER=DESKTOP-DUBDQD2,1433;Database=VENDAS;Trusted_Connection=yes;encrypt=No;TrustServerCertificate=Yes;APP=dbt-sqlserver/1.11.1;Pooling=true;SQL_ATTR_TRACE=SQL_OPT_TRACE_OFF;ConnectRetryCount=3;ConnectRetryInterval=10
[0m18:34:28.595866 [debug] [ThreadPool]: sqlserver adapter: Connected to db: VENDAS
[0m18:34:28.598283 [debug] [ThreadPool]: SQL status: OK in 0.000 seconds
[0m18:34:28.600184 [debug] [ThreadPool]: On list_VENDAS: Close
[0m18:34:28.602537 [debug] [ThreadPool]: Acquiring new sqlserver connection 'list_VENDAS_dbo'
[0m18:34:28.608646 [debug] [ThreadPool]: dbt-sqlserver
[0m18:34:28.609572 [debug] [ThreadPool]: Using sqlserver connection "list_VENDAS_dbo"
[0m18:34:28.609910 [debug] [ThreadPool]: On list_VENDAS_dbo: /* {"app": "dbt", "dbt_version": "1.12.3", "profile_name": "dbt_vendas", "target_name": "dev", "connection_name": "list_VENDAS_dbo"} */
USE [VENDAS];
    declare @schema_id int = schema_id('dbo');
    select
      DB_NAME() as [database],
      t.name as [name],
      'dbo' as [schema],
      'table' as table_type
    from sys.tables as t with (nolock)
    where t.schema_id = @schema_id
    union all
    select
      DB_NAME() as [database],
      v.name as [name],
      'dbo' as [schema],
      'view' as table_type
    from sys.views as v with (nolock)
    where v.schema_id = @schema_id
    
    OPTION (LABEL = 'dbt-sqlserver');

  
[0m18:34:28.610183 [debug] [ThreadPool]: Opening a new connection, currently in state init
[0m18:34:28.610556 [debug] [ThreadPool]: sqlserver adapter: Using connection string: DRIVER={ODBC Driver 18 for SQL Server};SERVER=DESKTOP-DUBDQD2,1433;Database=VENDAS;Trusted_Connection=yes;encrypt=No;TrustServerCertificate=Yes;APP=dbt-sqlserver/1.11.1;Pooling=true;SQL_ATTR_TRACE=SQL_OPT_TRACE_OFF;ConnectRetryCount=3;ConnectRetryInterval=10
[0m18:34:28.610898 [debug] [ThreadPool]: sqlserver adapter: Connected to db: VENDAS
[0m18:34:28.613535 [debug] [ThreadPool]: SQL status: OK in 0.000 seconds
[0m18:34:28.615648 [debug] [ThreadPool]: On list_VENDAS_dbo: ROLLBACK
[0m18:34:28.616144 [debug] [ThreadPool]: On list_VENDAS_dbo: Close
[0m18:34:28.617381 [debug] [MainThread]: Sending event: {'category': 'dbt', 'action': 'runnable_timing', 'label': '187ef4c0-59eb-4ddc-ac48-36680cd1ecc3', 'context': [<snowplow_tracker.self_describing_json.SelfDescribingJson object at 0x000001ED487FF350>]}
[0m18:34:28.617757 [debug] [MainThread]: On master: COMMIT
[0m18:34:28.623133 [debug] [Thread-1 (]: Began running node seed.dbt_vendas.lojas
[0m18:34:28.623599 [debug] [Thread-3 (]: Began running node seed.dbt_vendas.seed_regioes_estados
[0m18:34:28.624057 [debug] [Thread-2 (]: Began running node seed.dbt_vendas.produtos
[0m18:34:28.624814 [info ] [Thread-1 (]: 1 of 3 START seed file dbo.lojas ............................................... [RUN]
[0m18:34:28.626983 [debug] [Thread-1 (]: Acquiring new sqlserver connection 'seed.dbt_vendas.lojas'
[0m18:34:28.627496 [debug] [Thread-1 (]: Began compiling node seed.dbt_vendas.lojas
[0m18:34:28.627872 [debug] [Thread-1 (]: Began executing node seed.dbt_vendas.lojas
[0m18:34:28.626372 [info ] [Thread-2 (]: 2 of 3 START seed file dbo.produtos ............................................ [RUN]
[0m18:34:28.625732 [info ] [Thread-3 (]: 3 of 3 START seed file dbo.seed_regioes_estados ................................ [RUN]
[0m18:34:28.644484 [debug] [Thread-3 (]: Acquiring new sqlserver connection 'seed.dbt_vendas.seed_regioes_estados'
[0m18:34:28.643101 [debug] [Thread-2 (]: Acquiring new sqlserver connection 'seed.dbt_vendas.produtos'
[0m18:34:28.645203 [debug] [Thread-2 (]: Began compiling node seed.dbt_vendas.produtos
[0m18:34:28.645569 [debug] [Thread-2 (]: Began executing node seed.dbt_vendas.produtos
[0m18:34:28.644867 [debug] [Thread-3 (]: Began compiling node seed.dbt_vendas.seed_regioes_estados
[0m18:34:28.648309 [debug] [Thread-3 (]: Began executing node seed.dbt_vendas.seed_regioes_estados
[0m18:34:28.665420 [debug] [Thread-1 (]: Using sqlserver connection "seed.dbt_vendas.lojas"
[0m18:34:28.666784 [debug] [Thread-1 (]: On seed.dbt_vendas.lojas: /* {"app": "dbt", "dbt_version": "1.12.3", "profile_name": "dbt_vendas", "target_name": "dev", "node_id": "seed.dbt_vendas.lojas"} */

    create table "VENDAS"."dbo"."lojas" ("Estado" varchar(16),"Cidade" varchar(16),"Vendedores" varchar(53))
  
[0m18:34:28.667195 [debug] [Thread-1 (]: Opening a new connection, currently in state init
[0m18:34:28.667644 [debug] [Thread-1 (]: sqlserver adapter: Using connection string: DRIVER={ODBC Driver 18 for SQL Server};SERVER=DESKTOP-DUBDQD2,1433;Database=VENDAS;Trusted_Connection=yes;encrypt=No;TrustServerCertificate=Yes;APP=dbt-sqlserver/1.11.1;Pooling=true;SQL_ATTR_TRACE=SQL_OPT_TRACE_OFF;ConnectRetryCount=3;ConnectRetryInterval=10
[0m18:34:28.669919 [debug] [Thread-2 (]: Using sqlserver connection "seed.dbt_vendas.produtos"
[0m18:34:28.671392 [debug] [Thread-2 (]: On seed.dbt_vendas.produtos: /* {"app": "dbt", "dbt_version": "1.12.3", "profile_name": "dbt_vendas", "target_name": "dev", "node_id": "seed.dbt_vendas.produtos"} */

    create table "VENDAS"."dbo"."produtos" ("ID" int,"Produto" varchar(16),"Preço" int)
  
[0m18:34:28.680998 [debug] [Thread-2 (]: Opening a new connection, currently in state init
[0m18:34:28.670461 [debug] [Thread-1 (]: sqlserver adapter: Connected to db: VENDAS
[0m18:34:28.680227 [debug] [Thread-3 (]: Using sqlserver connection "seed.dbt_vendas.seed_regioes_estados"
[0m18:34:28.682029 [debug] [Thread-3 (]: On seed.dbt_vendas.seed_regioes_estados: /* {"app": "dbt", "dbt_version": "1.12.3", "profile_name": "dbt_vendas", "target_name": "dev", "node_id": "seed.dbt_vendas.seed_regioes_estados"} */
truncate table "VENDAS"."dbo"."seed_regioes_estados"
[0m18:34:28.682380 [debug] [Thread-3 (]: Opening a new connection, currently in state init
[0m18:34:28.682794 [debug] [Thread-3 (]: sqlserver adapter: Using connection string: DRIVER={ODBC Driver 18 for SQL Server};SERVER=DESKTOP-DUBDQD2,1433;Database=VENDAS;Trusted_Connection=yes;encrypt=No;TrustServerCertificate=Yes;APP=dbt-sqlserver/1.11.1;Pooling=true;SQL_ATTR_TRACE=SQL_OPT_TRACE_OFF;ConnectRetryCount=3;ConnectRetryInterval=10
[0m18:34:28.681547 [debug] [Thread-2 (]: sqlserver adapter: Using connection string: DRIVER={ODBC Driver 18 for SQL Server};SERVER=DESKTOP-DUBDQD2,1433;Database=VENDAS;Trusted_Connection=yes;encrypt=No;TrustServerCertificate=Yes;APP=dbt-sqlserver/1.11.1;Pooling=true;SQL_ATTR_TRACE=SQL_OPT_TRACE_OFF;ConnectRetryCount=3;ConnectRetryInterval=10
[0m18:34:28.687578 [debug] [Thread-3 (]: sqlserver adapter: Connected to db: VENDAS
[0m18:34:28.688235 [debug] [Thread-2 (]: sqlserver adapter: Connected to db: VENDAS
[0m18:34:28.689572 [debug] [Thread-1 (]: SQL status: OK in 0.000 seconds
[0m18:34:28.690699 [debug] [Thread-3 (]: SQL status: OK in 0.000 seconds
[0m18:34:28.708358 [debug] [Thread-1 (]: Inserting batches of 400 records
[0m18:34:28.714028 [debug] [Thread-1 (]: Using sqlserver connection "seed.dbt_vendas.lojas"
[0m18:34:28.709049 [debug] [Thread-2 (]: SQL status: OK in 0.000 seconds
[0m18:34:28.715352 [debug] [Thread-3 (]: Inserting batches of 400 records
[0m18:34:28.731724 [debug] [Thread-3 (]: Using sqlserver connection "seed.dbt_vendas.seed_regioes_estados"
[0m18:34:28.715765 [debug] [Thread-1 (]: On seed.dbt_vendas.lojas: 
          insert into "VENDAS"."dbo"."lojas" ("Estado", "Cidade", "Vendedores") values (?, ?, ?), (?, ?, ?), (?, ?, ?), (?, ?, ?), (?, ?, ?), (?, ?, ?)
      ...
[0m18:34:28.732285 [debug] [Thread-3 (]: On seed.dbt_vendas.seed_regioes_estados: 
          insert into "VENDAS"."dbo"."seed_regioes_estados" ("sigla", "estado", "regiao", "ordem_regiao") values (?, ?, ?, ?), (?, ?, ?, ?), (?, ?, ?, ?), (?, ?, ?, ?), (?, ?, ?, ?), (?, ?, ?, ?), (?, ?, ?, ?), (?, ?, ?, ?), (?, ?, ?, ?), (?, ?, ?, ?), (?, ?, ?, ?), (?, ?, ?, ?), (?, ?, ?, ?), (?, ?, ?, ?), (?, ?, ?, ?), (?, ?, ?, ?), (?, ?, ?, ?), (?, ?, ?, ?), (?, ?, ?, ?), (?, ?, ?, ?), (?, ?, ?, ?), (?, ?, ?, ?), (?, ?, ?, ?), (?, ?, ?, ?), (?, ?, ?, ?), (?, ?, ?, ?), (?, ?, ?, ?)
      ...
[0m18:34:28.733334 [debug] [Thread-2 (]: Inserting batches of 400 records
[0m18:34:28.737317 [debug] [Thread-2 (]: Using sqlserver connection "seed.dbt_vendas.produtos"
[0m18:34:28.738048 [debug] [Thread-2 (]: On seed.dbt_vendas.produtos: 
          insert into "VENDAS"."dbo"."produtos" ("ID", "Produto", "Preço") values (?, ?, ?), (?, ?, ?), (?, ?, ?), (?, ?, ?), (?, ?, ?), (?, ?, ?)
      ...
[0m18:34:28.740017 [debug] [Thread-1 (]: SQL status: OK in 0.000 seconds
[0m18:34:28.746354 [debug] [Thread-1 (]: Writing runtime SQL for node "seed.dbt_vendas.lojas"
[0m18:34:28.747196 [debug] [Thread-2 (]: SQL status: OK in 0.000 seconds
[0m18:34:28.747704 [debug] [Thread-3 (]: SQL status: OK in 0.000 seconds
[0m18:34:28.748844 [debug] [Thread-2 (]: Writing runtime SQL for node "seed.dbt_vendas.produtos"
[0m18:34:28.749574 [debug] [Thread-3 (]: Writing runtime SQL for node "seed.dbt_vendas.seed_regioes_estados"
[0m18:34:28.778846 [debug] [Thread-1 (]: On seed.dbt_vendas.lojas: COMMIT
[0m18:34:28.781505 [debug] [Thread-1 (]: On seed.dbt_vendas.lojas: Close
[0m18:34:28.784655 [debug] [Thread-2 (]: On seed.dbt_vendas.produtos: COMMIT
[0m18:34:28.787999 [debug] [Thread-2 (]: On seed.dbt_vendas.produtos: Close
[0m18:34:28.787068 [debug] [Thread-3 (]: On seed.dbt_vendas.seed_regioes_estados: COMMIT
[0m18:34:28.789068 [debug] [Thread-3 (]: On seed.dbt_vendas.seed_regioes_estados: Close
[0m18:34:28.790056 [debug] [Thread-1 (]: Sending event: {'category': 'dbt', 'action': 'run_model', 'label': '187ef4c0-59eb-4ddc-ac48-36680cd1ecc3', 'context': [<snowplow_tracker.self_describing_json.SelfDescribingJson object at 0x000001ED43C05320>]}
[0m18:34:28.791644 [debug] [Thread-3 (]: Sending event: {'category': 'dbt', 'action': 'run_model', 'label': '187ef4c0-59eb-4ddc-ac48-36680cd1ecc3', 'context': [<snowplow_tracker.self_describing_json.SelfDescribingJson object at 0x000001ED47618A70>]}
[0m18:34:28.791268 [info ] [Thread-1 (]: 1 of 3 OK loaded seed file dbo.lojas ........................................... [[32mINSERT 6[0m in 0.16s]
[0m18:34:28.790446 [debug] [Thread-2 (]: Sending event: {'category': 'dbt', 'action': 'run_model', 'label': '187ef4c0-59eb-4ddc-ac48-36680cd1ecc3', 'context': [<snowplow_tracker.self_describing_json.SelfDescribingJson object at 0x000001ED470DA6D0>]}
[0m18:34:28.792798 [debug] [Thread-1 (]: Finished running node seed.dbt_vendas.lojas
[0m18:34:28.792285 [info ] [Thread-3 (]: 3 of 3 OK loaded seed file dbo.seed_regioes_estados ............................ [[32mINSERT 27[0m in 0.15s]
[0m18:34:28.794103 [debug] [Thread-3 (]: Finished running node seed.dbt_vendas.seed_regioes_estados
[0m18:34:28.793364 [info ] [Thread-2 (]: 2 of 3 OK loaded seed file dbo.produtos ........................................ [[32mINSERT 6[0m in 0.15s]
[0m18:34:28.794612 [debug] [Thread-2 (]: Finished running node seed.dbt_vendas.produtos
[0m18:34:28.795733 [debug] [MainThread]: On master: COMMIT
[0m18:34:28.796336 [debug] [MainThread]: Connection 'master' was properly closed.
[0m18:34:28.796750 [debug] [MainThread]: Connection 'list_VENDAS' was properly closed.
[0m18:34:28.796995 [debug] [MainThread]: Connection 'list_VENDAS_dbo' was properly closed.
[0m18:34:28.797192 [debug] [MainThread]: Connection 'seed.dbt_vendas.lojas' was properly closed.
[0m18:34:28.797396 [debug] [MainThread]: Connection 'seed.dbt_vendas.produtos' was properly closed.
[0m18:34:28.797592 [debug] [MainThread]: Connection 'seed.dbt_vendas.seed_regioes_estados' was properly closed.
[0m18:34:28.797874 [info ] [MainThread]: 
[0m18:34:28.798247 [info ] [MainThread]: Finished running 3 seeds in 0 hours 0 minutes and 0.28 seconds (0.28s).
[0m18:34:28.799263 [debug] [MainThread]: Command end result
[0m18:34:28.837599 [debug] [MainThread]: Wrote artifact WritableManifest to dbt_vendas\target\manifest.json
[0m18:34:28.841757 [debug] [MainThread]: Wrote artifact SemanticManifest to dbt_vendas\target\semantic_manifest.json
[0m18:34:28.845444 [debug] [MainThread]: Wrote artifact OsiDocument to dbt_vendas\target\osi_document.json
[0m18:34:28.853988 [debug] [MainThread]: Wrote artifact RunExecutionResult to dbt_vendas\target\run_results.json
[0m18:34:28.854540 [info ] [MainThread]: 
[0m18:34:28.855082 [info ] [MainThread]: [32mCompleted successfully[0m
[0m18:34:28.855427 [info ] [MainThread]: 
[0m18:34:28.855745 [info ] [MainThread]: Done. PASS=3 WARN=0 ERROR=0 SKIP=0 NO-OP=0 REUSED=0 TOTAL=3
[0m18:34:28.856717 [debug] [MainThread]: Command `dbt seed` succeeded at 18:34:28.856619 after 3.22 seconds
[0m18:34:28.857098 [debug] [MainThread]: Sending event: {'category': 'dbt', 'action': 'invocation', 'label': 'end', 'context': [<snowplow_tracker.self_describing_json.SelfDescribingJson object at 0x000001ED475CD970>, <snowplow_tracker.self_describing_json.SelfDescribingJson object at 0x000001ED461D7FB0>, <snowplow_tracker.self_describing_json.SelfDescribingJson object at 0x000001ED471143B0>]}
[0m18:34:28.857505 [debug] [MainThread]: Flushing usage events
[0m18:34:29.766452 [debug] [MainThread]: An error was encountered while trying to flush usage events
[0m18:34:56.287214 [debug] [MainThread]: Sending event: {'category': 'dbt', 'action': 'invocation', 'label': 'start', 'context': [<snowplow_tracker.self_describing_json.SelfDescribingJson object at 0x000001C4BE09C1A0>, <snowplow_tracker.self_describing_json.SelfDescribingJson object at 0x000001C4BB8B4E10>, <snowplow_tracker.self_describing_json.SelfDescribingJson object at 0x000001C4C089B890>]}


============================== 18:34:56.291443 | 660eb8cd-9694-4bf8-a6cb-75c7f00141d6 ==============================
[0m18:34:56.291443 [info ] [MainThread]: Running with dbt=1.12.3
[0m18:34:56.291999 [debug] [MainThread]: running dbt with arguments {'maximum_seed_size_mib': '1', 'no_print': 'None', 'static_parser': 'True', 'warn_error_options': 'WarnErrorOptionsV2(error=[], warn=[], silence=[])', 'target_path': 'None', 'version_check': 'True', 'printer_width': '80', 'write_json': 'True', 'introspect': 'True', 'log_cache_events': 'False', 'empty': 'False', 'cache_selected_only': 'False', 'log_format': 'default', 'debug': 'False', 'fail_fast': 'False', 'profiles_dir': 'C:\\Users\\User\\.dbt', 'send_anonymous_usage_stats': 'True', 'quiet': 'False', 'warn_error': 'None', 'partial_parse': 'True', 'use_colors': 'True', 'hints_enabled': 'True', 'invocation_command': 'dbt seed', 'use_experimental_parser': 'False', 'indirect_selection': 'eager', 'log_path': 'C:\\Users\\User\\Documents\\Curso Python\\Projeto de Engenharia de Dados\\dbt_vendas\\logs'}
[0m18:34:56.588958 [debug] [MainThread]: Sending event: {'category': 'dbt', 'action': 'project_id', 'label': '660eb8cd-9694-4bf8-a6cb-75c7f00141d6', 'context': [<snowplow_tracker.self_describing_json.SelfDescribingJson object at 0x000001C4C0823E10>]}
[0m18:34:56.646381 [debug] [MainThread]: Sending event: {'category': 'dbt', 'action': 'adapter_info', 'label': '660eb8cd-9694-4bf8-a6cb-75c7f00141d6', 'context': [<snowplow_tracker.self_describing_json.SelfDescribingJson object at 0x000001C4C0E3F570>]}
[0m18:34:56.647308 [info ] [MainThread]: Registered adapter: sqlserver=1.11.1
[0m18:34:56.911372 [warn ] [MainThread]: [[33mWARNING[0m]: When True, uses SQL Server-native string type mappings: STRING -> VARCHAR(MAX), NCHAR -> NCHAR(1), NVARCHAR -> NVARCHAR(4000). When False (default), preserves legacy mappings: STRING and NVARCHAR -> VARCHAR(8000), NCHAR -> CHAR(1). The new behaviour is intended to become the default in a future release.
You may opt into the new behavior sooner by setting `flags.dbt_sqlserver_use_native_string_types` to `True` in `dbt_project.yml`.
Visit https://docs.getdbt.com/reference/global-configs/behavior-changes for more information.
[0m18:34:56.912076 [debug] [MainThread]: Sending event: {'category': 'dbt', 'action': 'BehaviorChangeEvent', 'label': '660eb8cd-9694-4bf8-a6cb-75c7f00141d6', 'context': [<snowplow_tracker.self_describing_json.SelfDescribingJson object at 0x000001C4C0FC8350>]}
[0m18:34:56.912554 [warn ] [MainThread]: [[33mWARNING[0m]: When True, dbt transaction hooks (begin/commit) emit real T-SQL BEGIN TRANSACTION / COMMIT TRANSACTION statements. When False (default and legacy), begin/commit are no-ops and each statement is auto-committed by the driver. This means earlier successful statements are not rolled back if a later statement fails. This behavior is intended to become the default in a future release.
You may opt into the new behavior sooner by setting `flags.dbt_sqlserver_use_dbt_transactions` to `True` in `dbt_project.yml`.
Visit https://docs.getdbt.com/reference/global-configs/behavior-changes for more information.
[0m18:34:56.913226 [debug] [MainThread]: Sending event: {'category': 'dbt', 'action': 'BehaviorChangeEvent', 'label': '660eb8cd-9694-4bf8-a6cb-75c7f00141d6', 'context': [<snowplow_tracker.self_describing_json.SelfDescribingJson object at 0x000001C4C0FA25D0>]}
[0m18:34:56.920797 [debug] [MainThread]: checksum: 322f88ac24e63d47c1d31b5534f5eab777388b114faa788d6e85c1bcb9efb5d4, vars: {}, profile: dbt_vendas, target: dev, version: 1.12.3
[0m18:34:57.073259 [debug] [MainThread]: Partial parsing enabled: 0 files deleted, 0 files added, 0 files changed.
[0m18:34:57.073852 [debug] [MainThread]: Nothing changed, skipping partial parsing.
[0m18:34:57.074144 [debug] [MainThread]: Partial parsing enabled, no changes found, skipping parsing
[0m18:34:57.079919 [warn ] [MainThread]: [[33mWARNING[0m]: Configuration paths exist in your dbt_project.yml file which do not apply to any resources.
There are 1 unused configuration paths:
- models.dbt_vendas.marts
[0m18:34:57.083888 [debug] [MainThread]: Sending event: {'category': 'dbt', 'action': 'load_project', 'label': '660eb8cd-9694-4bf8-a6cb-75c7f00141d6', 'context': [<snowplow_tracker.self_describing_json.SelfDescribingJson object at 0x000001C4C1437770>]}
[0m18:34:57.202197 [debug] [MainThread]: Wrote artifact WritableManifest to C:\Users\User\Documents\Curso Python\Projeto de Engenharia de Dados\dbt_vendas\target\manifest.json
[0m18:34:57.205672 [debug] [MainThread]: Wrote artifact SemanticManifest to C:\Users\User\Documents\Curso Python\Projeto de Engenharia de Dados\dbt_vendas\target\semantic_manifest.json
[0m18:34:57.232454 [debug] [MainThread]: Wrote artifact OsiDocument to C:\Users\User\Documents\Curso Python\Projeto de Engenharia de Dados\dbt_vendas\target\osi_document.json
[0m18:34:57.247285 [debug] [MainThread]: Sending event: {'category': 'dbt', 'action': 'resource_counts', 'label': '660eb8cd-9694-4bf8-a6cb-75c7f00141d6', 'context': [<snowplow_tracker.self_describing_json.SelfDescribingJson object at 0x000001C4C1236750>]}
[0m18:34:57.247795 [info ] [MainThread]: Found 4 models, 3 seeds, 1 source, 556 macros
[0m18:34:57.248295 [debug] [MainThread]: Sending event: {'category': 'dbt', 'action': 'runnable_timing', 'label': '660eb8cd-9694-4bf8-a6cb-75c7f00141d6', 'context': [<snowplow_tracker.self_describing_json.SelfDescribingJson object at 0x000001C4C12CBA10>]}
[0m18:34:57.250257 [info ] [MainThread]: 
[0m18:34:57.250704 [info ] [MainThread]: Concurrency: 4 threads (target='dev')
[0m18:34:57.251165 [info ] [MainThread]: 
[0m18:34:57.251962 [debug] [MainThread]: Acquiring new sqlserver connection 'master'
[0m18:34:57.257134 [debug] [ThreadPool]: Acquiring new sqlserver connection 'list_VENDAS'
[0m18:34:57.278944 [debug] [ThreadPool]: dbt-sqlserver
[0m18:34:57.282060 [debug] [ThreadPool]: Using sqlserver connection "list_VENDAS"
[0m18:34:57.282394 [debug] [ThreadPool]: On list_VENDAS: /* {"app": "dbt", "dbt_version": "1.12.3", "profile_name": "dbt_vendas", "target_name": "dev", "connection_name": "list_VENDAS"} */
USE [VENDAS];
    select  name as [schema]
    from sys.schemas with (nolock) 
    OPTION (LABEL = 'dbt-sqlserver');

  
[0m18:34:57.282621 [debug] [ThreadPool]: Opening a new connection, currently in state init
[0m18:34:57.285462 [debug] [ThreadPool]: sqlserver adapter: Using connection string: DRIVER={ODBC Driver 18 for SQL Server};SERVER=DESKTOP-DUBDQD2,1433;Database=VENDAS;Trusted_Connection=yes;encrypt=No;TrustServerCertificate=Yes;APP=dbt-sqlserver/1.11.1;Pooling=true;SQL_ATTR_TRACE=SQL_OPT_TRACE_OFF;ConnectRetryCount=3;ConnectRetryInterval=10
[0m18:34:57.375947 [debug] [ThreadPool]: sqlserver adapter: Connected to db: VENDAS
[0m18:34:57.386808 [debug] [ThreadPool]: SQL status: OK in 0.000 seconds
[0m18:34:57.388047 [debug] [ThreadPool]: On list_VENDAS: Close
[0m18:34:57.389934 [debug] [ThreadPool]: Acquiring new sqlserver connection 'list_VENDAS_dbo'
[0m18:34:57.395953 [debug] [ThreadPool]: dbt-sqlserver
[0m18:34:57.397028 [debug] [ThreadPool]: Using sqlserver connection "list_VENDAS_dbo"
[0m18:34:57.397354 [debug] [ThreadPool]: On list_VENDAS_dbo: /* {"app": "dbt", "dbt_version": "1.12.3", "profile_name": "dbt_vendas", "target_name": "dev", "connection_name": "list_VENDAS_dbo"} */
USE [VENDAS];
    declare @schema_id int = schema_id('dbo');
    select
      DB_NAME() as [database],
      t.name as [name],
      'dbo' as [schema],
      'table' as table_type
    from sys.tables as t with (nolock)
    where t.schema_id = @schema_id
    union all
    select
      DB_NAME() as [database],
      v.name as [name],
      'dbo' as [schema],
      'view' as table_type
    from sys.views as v with (nolock)
    where v.schema_id = @schema_id
    
    OPTION (LABEL = 'dbt-sqlserver');

  
[0m18:34:57.397608 [debug] [ThreadPool]: Opening a new connection, currently in state init
[0m18:34:57.397966 [debug] [ThreadPool]: sqlserver adapter: Using connection string: DRIVER={ODBC Driver 18 for SQL Server};SERVER=DESKTOP-DUBDQD2,1433;Database=VENDAS;Trusted_Connection=yes;encrypt=No;TrustServerCertificate=Yes;APP=dbt-sqlserver/1.11.1;Pooling=true;SQL_ATTR_TRACE=SQL_OPT_TRACE_OFF;ConnectRetryCount=3;ConnectRetryInterval=10
[0m18:34:57.398331 [debug] [ThreadPool]: sqlserver adapter: Connected to db: VENDAS
[0m18:34:57.450224 [debug] [ThreadPool]: SQL status: OK in 0.000 seconds
[0m18:34:57.452015 [debug] [ThreadPool]: On list_VENDAS_dbo: ROLLBACK
[0m18:34:57.452465 [debug] [ThreadPool]: On list_VENDAS_dbo: Close
[0m18:34:57.454024 [debug] [MainThread]: Sending event: {'category': 'dbt', 'action': 'runnable_timing', 'label': '660eb8cd-9694-4bf8-a6cb-75c7f00141d6', 'context': [<snowplow_tracker.self_describing_json.SelfDescribingJson object at 0x000001C4BBB1B280>]}
[0m18:34:57.454437 [debug] [MainThread]: On master: COMMIT
[0m18:34:57.458445 [debug] [Thread-1 (]: Began running node seed.dbt_vendas.lojas
[0m18:34:57.459030 [debug] [Thread-2 (]: Began running node seed.dbt_vendas.produtos
[0m18:34:57.459497 [debug] [Thread-3 (]: Began running node seed.dbt_vendas.seed_regioes_estados
[0m18:34:57.460122 [info ] [Thread-1 (]: 1 of 3 START seed file dbo.lojas ............................................... [RUN]
[0m18:34:57.461356 [debug] [Thread-1 (]: Acquiring new sqlserver connection 'seed.dbt_vendas.lojas'
[0m18:34:57.461749 [debug] [Thread-1 (]: Began compiling node seed.dbt_vendas.lojas
[0m18:34:57.462088 [debug] [Thread-1 (]: Began executing node seed.dbt_vendas.lojas
[0m18:34:57.460924 [info ] [Thread-3 (]: 3 of 3 START seed file dbo.seed_regioes_estados ................................ [RUN]
[0m18:34:57.477620 [debug] [Thread-3 (]: Acquiring new sqlserver connection 'seed.dbt_vendas.seed_regioes_estados'
[0m18:34:57.478068 [debug] [Thread-3 (]: Began compiling node seed.dbt_vendas.seed_regioes_estados
[0m18:34:57.460495 [info ] [Thread-2 (]: 2 of 3 START seed file dbo.produtos ............................................ [RUN]
[0m18:34:57.480005 [debug] [Thread-2 (]: Acquiring new sqlserver connection 'seed.dbt_vendas.produtos'
[0m18:34:57.480373 [debug] [Thread-2 (]: Began compiling node seed.dbt_vendas.produtos
[0m18:34:57.480710 [debug] [Thread-2 (]: Began executing node seed.dbt_vendas.produtos
[0m18:34:57.478431 [debug] [Thread-3 (]: Began executing node seed.dbt_vendas.seed_regioes_estados
[0m18:34:57.495418 [debug] [Thread-1 (]: Using sqlserver connection "seed.dbt_vendas.lojas"
[0m18:34:57.496073 [debug] [Thread-1 (]: On seed.dbt_vendas.lojas: /* {"app": "dbt", "dbt_version": "1.12.3", "profile_name": "dbt_vendas", "target_name": "dev", "node_id": "seed.dbt_vendas.lojas"} */
truncate table "VENDAS"."dbo"."lojas"
[0m18:34:57.496532 [debug] [Thread-1 (]: Opening a new connection, currently in state init
[0m18:34:57.497066 [debug] [Thread-1 (]: sqlserver adapter: Using connection string: DRIVER={ODBC Driver 18 for SQL Server};SERVER=DESKTOP-DUBDQD2,1433;Database=VENDAS;Trusted_Connection=yes;encrypt=No;TrustServerCertificate=Yes;APP=dbt-sqlserver/1.11.1;Pooling=true;SQL_ATTR_TRACE=SQL_OPT_TRACE_OFF;ConnectRetryCount=3;ConnectRetryInterval=10
[0m18:34:57.499387 [debug] [Thread-3 (]: Using sqlserver connection "seed.dbt_vendas.seed_regioes_estados"
[0m18:34:57.499744 [debug] [Thread-3 (]: On seed.dbt_vendas.seed_regioes_estados: /* {"app": "dbt", "dbt_version": "1.12.3", "profile_name": "dbt_vendas", "target_name": "dev", "node_id": "seed.dbt_vendas.seed_regioes_estados"} */
truncate table "VENDAS"."dbo"."seed_regioes_estados"
[0m18:34:57.500258 [debug] [Thread-3 (]: Opening a new connection, currently in state init
[0m18:34:57.502456 [debug] [Thread-3 (]: sqlserver adapter: Using connection string: DRIVER={ODBC Driver 18 for SQL Server};SERVER=DESKTOP-DUBDQD2,1433;Database=VENDAS;Trusted_Connection=yes;encrypt=No;TrustServerCertificate=Yes;APP=dbt-sqlserver/1.11.1;Pooling=true;SQL_ATTR_TRACE=SQL_OPT_TRACE_OFF;ConnectRetryCount=3;ConnectRetryInterval=10
[0m18:34:57.501959 [debug] [Thread-2 (]: Using sqlserver connection "seed.dbt_vendas.produtos"
[0m18:34:57.503215 [debug] [Thread-2 (]: On seed.dbt_vendas.produtos: /* {"app": "dbt", "dbt_version": "1.12.3", "profile_name": "dbt_vendas", "target_name": "dev", "node_id": "seed.dbt_vendas.produtos"} */
truncate table "VENDAS"."dbo"."produtos"
[0m18:34:57.503507 [debug] [Thread-2 (]: Opening a new connection, currently in state init
[0m18:34:57.503858 [debug] [Thread-2 (]: sqlserver adapter: Using connection string: DRIVER={ODBC Driver 18 for SQL Server};SERVER=DESKTOP-DUBDQD2,1433;Database=VENDAS;Trusted_Connection=yes;encrypt=No;TrustServerCertificate=Yes;APP=dbt-sqlserver/1.11.1;Pooling=true;SQL_ATTR_TRACE=SQL_OPT_TRACE_OFF;ConnectRetryCount=3;ConnectRetryInterval=10
[0m18:34:57.502838 [debug] [Thread-1 (]: sqlserver adapter: Connected to db: VENDAS
[0m18:34:57.504224 [debug] [Thread-2 (]: sqlserver adapter: Connected to db: VENDAS
[0m18:34:57.506140 [debug] [Thread-3 (]: sqlserver adapter: Connected to db: VENDAS
[0m18:34:57.508793 [debug] [Thread-2 (]: SQL status: OK in 0.000 seconds
[0m18:34:57.523209 [debug] [Thread-2 (]: Inserting batches of 400 records
[0m18:34:57.528339 [debug] [Thread-2 (]: Using sqlserver connection "seed.dbt_vendas.produtos"
[0m18:34:57.524138 [debug] [Thread-3 (]: SQL status: OK in 0.000 seconds
[0m18:34:57.523754 [debug] [Thread-1 (]: SQL status: OK in 0.000 seconds
[0m18:34:57.528742 [debug] [Thread-2 (]: On seed.dbt_vendas.produtos: 
          insert into "VENDAS"."dbo"."produtos" ("ID", "Produto", "Preço") values (?, ?, ?), (?, ?, ?), (?, ?, ?), (?, ?, ?), (?, ?, ?), (?, ?, ?)
      ...
[0m18:34:57.530852 [debug] [Thread-3 (]: Inserting batches of 400 records
[0m18:34:57.531744 [debug] [Thread-1 (]: Inserting batches of 400 records
[0m18:34:57.548587 [debug] [Thread-1 (]: Using sqlserver connection "seed.dbt_vendas.lojas"
[0m18:34:57.545605 [debug] [Thread-3 (]: Using sqlserver connection "seed.dbt_vendas.seed_regioes_estados"
[0m18:34:57.549648 [debug] [Thread-3 (]: On seed.dbt_vendas.seed_regioes_estados: 
          insert into "VENDAS"."dbo"."seed_regioes_estados" ("sigla", "estado", "regiao", "ordem_regiao") values (?, ?, ?, ?), (?, ?, ?, ?), (?, ?, ?, ?), (?, ?, ?, ?), (?, ?, ?, ?), (?, ?, ?, ?), (?, ?, ?, ?), (?, ?, ?, ?), (?, ?, ?, ?), (?, ?, ?, ?), (?, ?, ?, ?), (?, ?, ?, ?), (?, ?, ?, ?), (?, ?, ?, ?), (?, ?, ?, ?), (?, ?, ?, ?), (?, ?, ?, ?), (?, ?, ?, ?), (?, ?, ?, ?), (?, ?, ?, ?), (?, ?, ?, ?), (?, ?, ?, ?), (?, ?, ?, ?), (?, ?, ?, ?), (?, ?, ?, ?), (?, ?, ?, ?), (?, ?, ?, ?)
      ...
[0m18:34:57.549272 [debug] [Thread-2 (]: SQL status: OK in 0.000 seconds
[0m18:34:57.548964 [debug] [Thread-1 (]: On seed.dbt_vendas.lojas: 
          insert into "VENDAS"."dbo"."lojas" ("Estado", "Cidade", "Vendedores") values (?, ?, ?), (?, ?, ?), (?, ?, ?), (?, ?, ?), (?, ?, ?), (?, ?, ?)
      ...
[0m18:34:57.555113 [debug] [Thread-2 (]: Writing runtime SQL for node "seed.dbt_vendas.produtos"
[0m18:34:57.555579 [debug] [Thread-3 (]: SQL status: OK in 0.000 seconds
[0m18:34:57.556550 [debug] [Thread-3 (]: Writing runtime SQL for node "seed.dbt_vendas.seed_regioes_estados"
[0m18:34:57.572621 [debug] [Thread-2 (]: On seed.dbt_vendas.produtos: COMMIT
[0m18:34:57.575081 [debug] [Thread-2 (]: On seed.dbt_vendas.produtos: Close
[0m18:34:57.573172 [debug] [Thread-1 (]: SQL status: OK in 0.000 seconds
[0m18:34:57.577944 [debug] [Thread-3 (]: On seed.dbt_vendas.seed_regioes_estados: COMMIT
[0m18:34:57.579371 [debug] [Thread-3 (]: On seed.dbt_vendas.seed_regioes_estados: Close
[0m18:34:57.578532 [debug] [Thread-1 (]: Writing runtime SQL for node "seed.dbt_vendas.lojas"
[0m18:34:57.581777 [debug] [Thread-1 (]: On seed.dbt_vendas.lojas: COMMIT
[0m18:34:57.582465 [debug] [Thread-1 (]: On seed.dbt_vendas.lojas: Close
[0m18:34:57.582780 [debug] [Thread-2 (]: Sending event: {'category': 'dbt', 'action': 'run_model', 'label': '660eb8cd-9694-4bf8-a6cb-75c7f00141d6', 'context': [<snowplow_tracker.self_describing_json.SelfDescribingJson object at 0x000001C4C14FB930>]}
[0m18:34:57.583083 [debug] [Thread-3 (]: Sending event: {'category': 'dbt', 'action': 'run_model', 'label': '660eb8cd-9694-4bf8-a6cb-75c7f00141d6', 'context': [<snowplow_tracker.self_describing_json.SelfDescribingJson object at 0x000001C4C1C156D0>]}
[0m18:34:57.583525 [debug] [Thread-1 (]: Sending event: {'category': 'dbt', 'action': 'run_model', 'label': '660eb8cd-9694-4bf8-a6cb-75c7f00141d6', 'context': [<snowplow_tracker.self_describing_json.SelfDescribingJson object at 0x000001C4C1253CD0>]}
[0m18:34:57.583986 [info ] [Thread-2 (]: 2 of 3 OK loaded seed file dbo.produtos ........................................ [[32mINSERT 6[0m in 0.10s]
[0m18:34:57.585453 [debug] [Thread-2 (]: Finished running node seed.dbt_vendas.produtos
[0m18:34:57.584940 [info ] [Thread-1 (]: 1 of 3 OK loaded seed file dbo.lojas ........................................... [[32mINSERT 6[0m in 0.12s]
[0m18:34:57.586178 [debug] [Thread-1 (]: Finished running node seed.dbt_vendas.lojas
[0m18:34:57.584445 [info ] [Thread-3 (]: 3 of 3 OK loaded seed file dbo.seed_regioes_estados ............................ [[32mINSERT 27[0m in 0.10s]
[0m18:34:57.586816 [debug] [Thread-3 (]: Finished running node seed.dbt_vendas.seed_regioes_estados
[0m18:34:57.587967 [debug] [MainThread]: On master: COMMIT
[0m18:34:57.588287 [debug] [MainThread]: Connection 'master' was properly closed.
[0m18:34:57.588497 [debug] [MainThread]: Connection 'list_VENDAS' was properly closed.
[0m18:34:57.588688 [debug] [MainThread]: Connection 'list_VENDAS_dbo' was properly closed.
[0m18:34:57.588873 [debug] [MainThread]: Connection 'seed.dbt_vendas.lojas' was properly closed.
[0m18:34:57.589055 [debug] [MainThread]: Connection 'seed.dbt_vendas.seed_regioes_estados' was properly closed.
[0m18:34:57.589250 [debug] [MainThread]: Connection 'seed.dbt_vendas.produtos' was properly closed.
[0m18:34:57.589474 [info ] [MainThread]: 
[0m18:34:57.589870 [info ] [MainThread]: Finished running 3 seeds in 0 hours 0 minutes and 0.34 seconds (0.34s).
[0m18:34:57.590970 [debug] [MainThread]: Command end result
[0m18:34:57.623578 [debug] [MainThread]: Wrote artifact WritableManifest to C:\Users\User\Documents\Curso Python\Projeto de Engenharia de Dados\dbt_vendas\target\manifest.json
[0m18:34:57.627246 [debug] [MainThread]: Wrote artifact SemanticManifest to C:\Users\User\Documents\Curso Python\Projeto de Engenharia de Dados\dbt_vendas\target\semantic_manifest.json
[0m18:34:57.630437 [debug] [MainThread]: Wrote artifact OsiDocument to C:\Users\User\Documents\Curso Python\Projeto de Engenharia de Dados\dbt_vendas\target\osi_document.json
[0m18:34:57.637000 [debug] [MainThread]: Wrote artifact RunExecutionResult to C:\Users\User\Documents\Curso Python\Projeto de Engenharia de Dados\dbt_vendas\target\run_results.json
[0m18:34:57.637430 [info ] [MainThread]: 
[0m18:34:57.637805 [info ] [MainThread]: [32mCompleted successfully[0m
[0m18:34:57.638097 [info ] [MainThread]: 
[0m18:34:57.638394 [info ] [MainThread]: Done. PASS=3 WARN=0 ERROR=0 SKIP=0 NO-OP=0 REUSED=0 TOTAL=3
[0m18:34:57.639300 [debug] [MainThread]: Command `dbt seed` succeeded at 18:34:57.639209 after 1.47 seconds
[0m18:34:57.639591 [debug] [MainThread]: Sending event: {'category': 'dbt', 'action': 'invocation', 'label': 'end', 'context': [<snowplow_tracker.self_describing_json.SelfDescribingJson object at 0x000001C4C11B5F70>, <snowplow_tracker.self_describing_json.SelfDescribingJson object at 0x000001C4C06529F0>, <snowplow_tracker.self_describing_json.SelfDescribingJson object at 0x000001C4C1C0F2F0>]}
[0m18:34:57.639883 [debug] [MainThread]: Flushing usage events
[0m18:34:58.745131 [debug] [MainThread]: An error was encountered while trying to flush usage events
[0m18:35:03.506666 [debug] [MainThread]: Sending event: {'category': 'dbt', 'action': 'invocation', 'label': 'start', 'context': [<snowplow_tracker.self_describing_json.SelfDescribingJson object at 0x000001D62935C1A0>, <snowplow_tracker.self_describing_json.SelfDescribingJson object at 0x000001D626B5CF50>, <snowplow_tracker.self_describing_json.SelfDescribingJson object at 0x000001D62BB5B890>]}


============================== 18:35:03.511280 | 4f2ee270-5d83-46a7-98af-04b871fb3af8 ==============================
[0m18:35:03.511280 [info ] [MainThread]: Running with dbt=1.12.3
[0m18:35:03.511811 [debug] [MainThread]: running dbt with arguments {'version_check': 'True', 'no_print': 'None', 'maximum_seed_size_mib': '1', 'warn_error_options': 'WarnErrorOptionsV2(error=[], warn=[], silence=[])', 'static_parser': 'True', 'target_path': 'None', 'printer_width': '80', 'write_json': 'True', 'empty': 'False', 'log_cache_events': 'False', 'introspect': 'True', 'cache_selected_only': 'False', 'fail_fast': 'False', 'debug': 'False', 'log_format': 'default', 'profiles_dir': 'C:\\Users\\User\\.dbt', 'send_anonymous_usage_stats': 'True', 'quiet': 'False', 'warn_error': 'None', 'partial_parse': 'True', 'indirect_selection': 'eager', 'hints_enabled': 'True', 'invocation_command': 'dbt run', 'use_experimental_parser': 'False', 'use_colors': 'True', 'log_path': 'C:\\Users\\User\\Documents\\Curso Python\\Projeto de Engenharia de Dados\\dbt_vendas\\logs'}
[0m18:35:03.812569 [debug] [MainThread]: Sending event: {'category': 'dbt', 'action': 'project_id', 'label': '4f2ee270-5d83-46a7-98af-04b871fb3af8', 'context': [<snowplow_tracker.self_describing_json.SelfDescribingJson object at 0x000001D62BAE3E10>]}
[0m18:35:03.868692 [debug] [MainThread]: Sending event: {'category': 'dbt', 'action': 'adapter_info', 'label': '4f2ee270-5d83-46a7-98af-04b871fb3af8', 'context': [<snowplow_tracker.self_describing_json.SelfDescribingJson object at 0x000001D62C0DF570>]}
[0m18:35:03.869749 [info ] [MainThread]: Registered adapter: sqlserver=1.11.1
[0m18:35:04.137822 [warn ] [MainThread]: [[33mWARNING[0m]: When True, uses SQL Server-native string type mappings: STRING -> VARCHAR(MAX), NCHAR -> NCHAR(1), NVARCHAR -> NVARCHAR(4000). When False (default), preserves legacy mappings: STRING and NVARCHAR -> VARCHAR(8000), NCHAR -> CHAR(1). The new behaviour is intended to become the default in a future release.
You may opt into the new behavior sooner by setting `flags.dbt_sqlserver_use_native_string_types` to `True` in `dbt_project.yml`.
Visit https://docs.getdbt.com/reference/global-configs/behavior-changes for more information.
[0m18:35:04.138445 [debug] [MainThread]: Sending event: {'category': 'dbt', 'action': 'BehaviorChangeEvent', 'label': '4f2ee270-5d83-46a7-98af-04b871fb3af8', 'context': [<snowplow_tracker.self_describing_json.SelfDescribingJson object at 0x000001D62C270350>]}
[0m18:35:04.138811 [warn ] [MainThread]: [[33mWARNING[0m]: When True, dbt transaction hooks (begin/commit) emit real T-SQL BEGIN TRANSACTION / COMMIT TRANSACTION statements. When False (default and legacy), begin/commit are no-ops and each statement is auto-committed by the driver. This means earlier successful statements are not rolled back if a later statement fails. This behavior is intended to become the default in a future release.
You may opt into the new behavior sooner by setting `flags.dbt_sqlserver_use_dbt_transactions` to `True` in `dbt_project.yml`.
Visit https://docs.getdbt.com/reference/global-configs/behavior-changes for more information.
[0m18:35:04.139297 [debug] [MainThread]: Sending event: {'category': 'dbt', 'action': 'BehaviorChangeEvent', 'label': '4f2ee270-5d83-46a7-98af-04b871fb3af8', 'context': [<snowplow_tracker.self_describing_json.SelfDescribingJson object at 0x000001D62C2425D0>]}
[0m18:35:04.147488 [debug] [MainThread]: checksum: 322f88ac24e63d47c1d31b5534f5eab777388b114faa788d6e85c1bcb9efb5d4, vars: {}, profile: dbt_vendas, target: dev, version: 1.12.3
[0m18:35:04.292606 [debug] [MainThread]: Partial parsing enabled: 0 files deleted, 0 files added, 0 files changed.
[0m18:35:04.292973 [debug] [MainThread]: Nothing changed, skipping partial parsing.
[0m18:35:04.293203 [debug] [MainThread]: Partial parsing enabled, no changes found, skipping parsing
[0m18:35:04.298864 [warn ] [MainThread]: [[33mWARNING[0m]: Configuration paths exist in your dbt_project.yml file which do not apply to any resources.
There are 1 unused configuration paths:
- models.dbt_vendas.marts
[0m18:35:04.302857 [debug] [MainThread]: Sending event: {'category': 'dbt', 'action': 'load_project', 'label': '4f2ee270-5d83-46a7-98af-04b871fb3af8', 'context': [<snowplow_tracker.self_describing_json.SelfDescribingJson object at 0x000001D62C6D7770>]}
[0m18:35:04.424611 [debug] [MainThread]: Wrote artifact WritableManifest to C:\Users\User\Documents\Curso Python\Projeto de Engenharia de Dados\dbt_vendas\target\manifest.json
[0m18:35:04.428065 [debug] [MainThread]: Wrote artifact SemanticManifest to C:\Users\User\Documents\Curso Python\Projeto de Engenharia de Dados\dbt_vendas\target\semantic_manifest.json
[0m18:35:04.454499 [debug] [MainThread]: Wrote artifact OsiDocument to C:\Users\User\Documents\Curso Python\Projeto de Engenharia de Dados\dbt_vendas\target\osi_document.json
[0m18:35:04.466925 [debug] [MainThread]: Sending event: {'category': 'dbt', 'action': 'resource_counts', 'label': '4f2ee270-5d83-46a7-98af-04b871fb3af8', 'context': [<snowplow_tracker.self_describing_json.SelfDescribingJson object at 0x000001D62C4D24E0>]}
[0m18:35:04.467399 [info ] [MainThread]: Found 4 models, 3 seeds, 1 source, 556 macros
[0m18:35:04.467829 [debug] [MainThread]: Sending event: {'category': 'dbt', 'action': 'runnable_timing', 'label': '4f2ee270-5d83-46a7-98af-04b871fb3af8', 'context': [<snowplow_tracker.self_describing_json.SelfDescribingJson object at 0x000001D62C567B90>]}
[0m18:35:04.469997 [info ] [MainThread]: 
[0m18:35:04.470517 [info ] [MainThread]: Concurrency: 4 threads (target='dev')
[0m18:35:04.470878 [info ] [MainThread]: 
[0m18:35:04.471457 [debug] [MainThread]: Acquiring new sqlserver connection 'master'
[0m18:35:04.476357 [debug] [ThreadPool]: Acquiring new sqlserver connection 'list_VENDAS'
[0m18:35:04.499212 [debug] [ThreadPool]: dbt-sqlserver
[0m18:35:04.502162 [debug] [ThreadPool]: Using sqlserver connection "list_VENDAS"
[0m18:35:04.502548 [debug] [ThreadPool]: On list_VENDAS: /* {"app": "dbt", "dbt_version": "1.12.3", "profile_name": "dbt_vendas", "target_name": "dev", "connection_name": "list_VENDAS"} */
USE [VENDAS];
    select  name as [schema]
    from sys.schemas with (nolock) 
    OPTION (LABEL = 'dbt-sqlserver');

  
[0m18:35:04.502829 [debug] [ThreadPool]: Opening a new connection, currently in state init
[0m18:35:04.505458 [debug] [ThreadPool]: sqlserver adapter: Using connection string: DRIVER={ODBC Driver 18 for SQL Server};SERVER=DESKTOP-DUBDQD2,1433;Database=VENDAS;Trusted_Connection=yes;encrypt=No;TrustServerCertificate=Yes;APP=dbt-sqlserver/1.11.1;Pooling=true;SQL_ATTR_TRACE=SQL_OPT_TRACE_OFF;ConnectRetryCount=3;ConnectRetryInterval=10
[0m18:35:04.537213 [debug] [ThreadPool]: sqlserver adapter: Connected to db: VENDAS
[0m18:35:04.537939 [debug] [ThreadPool]: SQL status: OK in 0.000 seconds
[0m18:35:04.538971 [debug] [ThreadPool]: On list_VENDAS: Close
[0m18:35:04.541319 [debug] [ThreadPool]: Acquiring new sqlserver connection 'list_VENDAS_dbo'
[0m18:35:04.546469 [debug] [ThreadPool]: dbt-sqlserver
[0m18:35:04.547083 [debug] [ThreadPool]: Using sqlserver connection "list_VENDAS_dbo"
[0m18:35:04.547477 [debug] [ThreadPool]: On list_VENDAS_dbo: /* {"app": "dbt", "dbt_version": "1.12.3", "profile_name": "dbt_vendas", "target_name": "dev", "connection_name": "list_VENDAS_dbo"} */
USE [VENDAS];
    declare @schema_id int = schema_id('dbo');
    select
      DB_NAME() as [database],
      t.name as [name],
      'dbo' as [schema],
      'table' as table_type
    from sys.tables as t with (nolock)
    where t.schema_id = @schema_id
    union all
    select
      DB_NAME() as [database],
      v.name as [name],
      'dbo' as [schema],
      'view' as table_type
    from sys.views as v with (nolock)
    where v.schema_id = @schema_id
    
    OPTION (LABEL = 'dbt-sqlserver');

  
[0m18:35:04.547805 [debug] [ThreadPool]: Opening a new connection, currently in state init
[0m18:35:04.548177 [debug] [ThreadPool]: sqlserver adapter: Using connection string: DRIVER={ODBC Driver 18 for SQL Server};SERVER=DESKTOP-DUBDQD2,1433;Database=VENDAS;Trusted_Connection=yes;encrypt=No;TrustServerCertificate=Yes;APP=dbt-sqlserver/1.11.1;Pooling=true;SQL_ATTR_TRACE=SQL_OPT_TRACE_OFF;ConnectRetryCount=3;ConnectRetryInterval=10
[0m18:35:04.548493 [debug] [ThreadPool]: sqlserver adapter: Connected to db: VENDAS
[0m18:35:04.550191 [debug] [ThreadPool]: SQL status: OK in 0.000 seconds
[0m18:35:04.551350 [debug] [ThreadPool]: On list_VENDAS_dbo: ROLLBACK
[0m18:35:04.551652 [debug] [ThreadPool]: On list_VENDAS_dbo: Close
[0m18:35:04.553067 [debug] [MainThread]: Sending event: {'category': 'dbt', 'action': 'runnable_timing', 'label': '4f2ee270-5d83-46a7-98af-04b871fb3af8', 'context': [<snowplow_tracker.self_describing_json.SelfDescribingJson object at 0x000001D62BF1E0A0>]}
[0m18:35:04.553468 [debug] [MainThread]: On master: COMMIT
[0m18:35:04.556949 [debug] [Thread-1 (]: Began running node model.dbt_vendas.staging_vendas
[0m18:35:04.557594 [info ] [Thread-1 (]: 1 of 4 START sql view model dbo.staging_vendas ................................. [RUN]
[0m18:35:04.558189 [debug] [Thread-1 (]: Acquiring new sqlserver connection 'model.dbt_vendas.staging_vendas'
[0m18:35:04.558478 [debug] [Thread-1 (]: Began compiling node model.dbt_vendas.staging_vendas
[0m18:35:04.563954 [debug] [Thread-1 (]: Writing injected SQL for node "model.dbt_vendas.staging_vendas"
[0m18:35:04.564988 [debug] [Thread-1 (]: Began executing node model.dbt_vendas.staging_vendas
[0m18:35:04.597773 [debug] [Thread-1 (]: Using sqlserver connection "model.dbt_vendas.staging_vendas"
[0m18:35:04.598247 [debug] [Thread-1 (]: On model.dbt_vendas.staging_vendas: /* {"app": "dbt", "dbt_version": "1.12.3", "profile_name": "dbt_vendas", "target_name": "dev", "node_id": "model.dbt_vendas.staging_vendas"} */

    USE [VENDAS];
  select object_definition(object_id(quotename('dbo') + '.' + quotename('staging_vendas'), 'V')) as definition
  where object_id(quotename('dbo') + '.' + quotename('staging_vendas'), 'V') is not null

  
[0m18:35:04.598539 [debug] [Thread-1 (]: Opening a new connection, currently in state init
[0m18:35:04.598892 [debug] [Thread-1 (]: sqlserver adapter: Using connection string: DRIVER={ODBC Driver 18 for SQL Server};SERVER=DESKTOP-DUBDQD2,1433;Database=VENDAS;Trusted_Connection=yes;encrypt=No;TrustServerCertificate=Yes;APP=dbt-sqlserver/1.11.1;Pooling=true;SQL_ATTR_TRACE=SQL_OPT_TRACE_OFF;ConnectRetryCount=3;ConnectRetryInterval=10
[0m18:35:04.603279 [debug] [Thread-1 (]: sqlserver adapter: Connected to db: VENDAS
[0m18:35:04.605821 [debug] [Thread-1 (]: SQL status: OK in 0.000 seconds
[0m18:35:04.612952 [debug] [Thread-1 (]: Writing runtime sql for node "model.dbt_vendas.staging_vendas"
[0m18:35:04.614029 [debug] [Thread-1 (]: Using sqlserver connection "model.dbt_vendas.staging_vendas"
[0m18:35:04.614432 [debug] [Thread-1 (]: On model.dbt_vendas.staging_vendas: /* {"app": "dbt", "dbt_version": "1.12.3", "profile_name": "dbt_vendas", "target_name": "dev", "node_id": "model.dbt_vendas.staging_vendas"} */
declare @dbt_sqlserver_noop int;
[0m18:35:04.615953 [debug] [Thread-1 (]: SQL status: OK in 0.000 seconds
[0m18:35:04.634446 [debug] [Thread-1 (]: On model.dbt_vendas.staging_vendas: COMMIT
[0m18:35:04.639590 [debug] [Thread-1 (]: Applying DROP to: "VENDAS"."dbo"."staging_vendas__dbt_backup"
[0m18:35:04.647770 [debug] [Thread-1 (]: dbt-sqlserver
[0m18:35:04.648433 [debug] [Thread-1 (]: Using sqlserver connection "model.dbt_vendas.staging_vendas"
[0m18:35:04.648768 [debug] [Thread-1 (]: On model.dbt_vendas.staging_vendas: /* {"app": "dbt", "dbt_version": "1.12.3", "profile_name": "dbt_vendas", "target_name": "dev", "node_id": "model.dbt_vendas.staging_vendas"} */

        USE [VENDAS];
        select
            sch.name as schema_name,
            obj.name as view_name
        from sys.sql_expression_dependencies refs with (nolock)
        inner join sys.objects obj with (nolock)
        on refs.referencing_id = obj.object_id
        inner join sys.schemas sch with (nolock)
        on obj.schema_id = sch.schema_id
        where refs.referenced_database_name = 'VENDAS'
        and refs.referenced_schema_name = 'dbo'
        and refs.referenced_entity_name = 'staging_vendas__dbt_backup'
        and obj.type = 'V'
        
    OPTION (LABEL = 'dbt-sqlserver');

      
[0m18:35:04.667725 [debug] [Thread-1 (]: SQL status: OK in 0.000 seconds
[0m18:35:04.669632 [debug] [Thread-1 (]: Using sqlserver connection "model.dbt_vendas.staging_vendas"
[0m18:35:04.669991 [debug] [Thread-1 (]: On model.dbt_vendas.staging_vendas: /* {"app": "dbt", "dbt_version": "1.12.3", "profile_name": "dbt_vendas", "target_name": "dev", "node_id": "model.dbt_vendas.staging_vendas"} */

      
      
    
    USE [VENDAS];
    EXEC('DROP view IF EXISTS "dbo"."staging_vendas__dbt_backup";');

[0m18:35:04.670868 [debug] [Thread-1 (]: SQL status: OK in 0.000 seconds
[0m18:35:04.672908 [debug] [Thread-1 (]: On model.dbt_vendas.staging_vendas: Close
[0m18:35:04.675110 [debug] [Thread-1 (]: Sending event: {'category': 'dbt', 'action': 'run_model', 'label': '4f2ee270-5d83-46a7-98af-04b871fb3af8', 'context': [<snowplow_tracker.self_describing_json.SelfDescribingJson object at 0x000001D62C83D270>]}
[0m18:35:04.675835 [info ] [Thread-1 (]: 1 of 4 OK created sql view model dbo.staging_vendas ............................ [[32mOK[0m in 0.12s]
[0m18:35:04.676426 [debug] [Thread-1 (]: Finished running node model.dbt_vendas.staging_vendas
[0m18:35:04.677081 [debug] [Thread-2 (]: Began running node model.dbt_vendas.intermediate_datas
[0m18:35:04.678292 [debug] [Thread-4 (]: Began running node model.dbt_vendas.intermediate_faturamento
[0m18:35:04.677977 [info ] [Thread-2 (]: 2 of 4 START sql view model dbo.intermediate_datas ............................. [RUN]
[0m18:35:04.677479 [debug] [Thread-3 (]: Began running node model.dbt_vendas.intermediate_estados
[0m18:35:04.678870 [info ] [Thread-4 (]: 4 of 4 START sql view model dbo.intermediate_faturamento ....................... [RUN]
[0m18:35:04.680495 [debug] [Thread-4 (]: Acquiring new sqlserver connection 'model.dbt_vendas.intermediate_faturamento'
[0m18:35:04.680890 [debug] [Thread-4 (]: Began compiling node model.dbt_vendas.intermediate_faturamento
[0m18:35:04.679692 [debug] [Thread-2 (]: Acquiring new sqlserver connection 'model.dbt_vendas.intermediate_datas'
[0m18:35:04.680106 [info ] [Thread-3 (]: 3 of 4 START sql view model dbo.intermediate_estados ........................... [RUN]
[0m18:35:04.683533 [debug] [Thread-3 (]: Acquiring new sqlserver connection 'model.dbt_vendas.intermediate_estados'
[0m18:35:04.683797 [debug] [Thread-3 (]: Began compiling node model.dbt_vendas.intermediate_estados
[0m18:35:04.682806 [debug] [Thread-4 (]: Writing injected SQL for node "model.dbt_vendas.intermediate_faturamento"
[0m18:35:04.683119 [debug] [Thread-2 (]: Began compiling node model.dbt_vendas.intermediate_datas
[0m18:35:04.687641 [debug] [Thread-2 (]: Writing injected SQL for node "model.dbt_vendas.intermediate_datas"
[0m18:35:04.685870 [debug] [Thread-3 (]: Writing injected SQL for node "model.dbt_vendas.intermediate_estados"
[0m18:35:04.688414 [debug] [Thread-4 (]: Began executing node model.dbt_vendas.intermediate_faturamento
[0m18:35:04.693418 [debug] [Thread-2 (]: Began executing node model.dbt_vendas.intermediate_datas
[0m18:35:04.695958 [debug] [Thread-2 (]: Using sqlserver connection "model.dbt_vendas.intermediate_datas"
[0m18:35:04.703223 [debug] [Thread-2 (]: On model.dbt_vendas.intermediate_datas: /* {"app": "dbt", "dbt_version": "1.12.3", "profile_name": "dbt_vendas", "target_name": "dev", "node_id": "model.dbt_vendas.intermediate_datas"} */

    USE [VENDAS];
  select object_definition(object_id(quotename('dbo') + '.' + quotename('intermediate_datas'), 'V')) as definition
  where object_id(quotename('dbo') + '.' + quotename('intermediate_datas'), 'V') is not null

  
[0m18:35:04.703986 [debug] [Thread-2 (]: Opening a new connection, currently in state init
[0m18:35:04.702758 [debug] [Thread-4 (]: Writing runtime sql for node "model.dbt_vendas.intermediate_faturamento"
[0m18:35:04.703617 [debug] [Thread-3 (]: Began executing node model.dbt_vendas.intermediate_estados
[0m18:35:04.707457 [debug] [Thread-3 (]: Writing runtime sql for node "model.dbt_vendas.intermediate_estados"
[0m18:35:04.704380 [debug] [Thread-2 (]: sqlserver adapter: Using connection string: DRIVER={ODBC Driver 18 for SQL Server};SERVER=DESKTOP-DUBDQD2,1433;Database=VENDAS;Trusted_Connection=yes;encrypt=No;TrustServerCertificate=Yes;APP=dbt-sqlserver/1.11.1;Pooling=true;SQL_ATTR_TRACE=SQL_OPT_TRACE_OFF;ConnectRetryCount=3;ConnectRetryInterval=10
[0m18:35:04.708108 [debug] [Thread-2 (]: sqlserver adapter: Connected to db: VENDAS
[0m18:35:04.708656 [debug] [Thread-4 (]: Using sqlserver connection "model.dbt_vendas.intermediate_faturamento"
[0m18:35:04.709365 [debug] [Thread-4 (]: On model.dbt_vendas.intermediate_faturamento: /* {"app": "dbt", "dbt_version": "1.12.3", "profile_name": "dbt_vendas", "target_name": "dev", "node_id": "model.dbt_vendas.intermediate_faturamento"} */
USE [VENDAS];
    
    

    

    USE [VENDAS];
    EXEC('
        CREATE OR ALTER VIEW "dbo"."intermediate_faturamento" AS SELECT 
    A.id_compra,
    A.produto                      AS Produto,
    B.preco                        AS Preço,
    A.forma_pagto                  AS Forma_Pagto,
    A.Data

FROM "VENDAS"."dbo"."staging_vendas" AS A
INNER JOIN "VENDAS"."dbo"."produtos"   AS B
    ON A.Produto = B.Produto;
    ')


[0m18:35:04.709692 [debug] [Thread-4 (]: Opening a new connection, currently in state init
[0m18:35:04.710083 [debug] [Thread-4 (]: sqlserver adapter: Using connection string: DRIVER={ODBC Driver 18 for SQL Server};SERVER=DESKTOP-DUBDQD2,1433;Database=VENDAS;Trusted_Connection=yes;encrypt=No;TrustServerCertificate=Yes;APP=dbt-sqlserver/1.11.1;Pooling=true;SQL_ATTR_TRACE=SQL_OPT_TRACE_OFF;ConnectRetryCount=3;ConnectRetryInterval=10
[0m18:35:04.709001 [debug] [Thread-3 (]: Using sqlserver connection "model.dbt_vendas.intermediate_estados"
[0m18:35:04.710455 [debug] [Thread-3 (]: On model.dbt_vendas.intermediate_estados: /* {"app": "dbt", "dbt_version": "1.12.3", "profile_name": "dbt_vendas", "target_name": "dev", "node_id": "model.dbt_vendas.intermediate_estados"} */
USE [VENDAS];
    
    

    

    USE [VENDAS];
    EXEC('
        CREATE OR ALTER VIEW "dbo"."intermediate_estados" AS SELECT
    L.Estado                                AS sigla_estado,
    R.estado                                AS nome_estado,
    R.regiao,
    R.ordem_regiao

FROM "VENDAS"."dbo"."staging_vendas"            AS B
LEFT JOIN "VENDAS"."dbo"."lojas"                AS L
    ON B.Loja = L.Cidade
LEFT JOIN "VENDAS"."dbo"."seed_regioes_estados" AS R
    ON L.Estado = R.sigla;
    ')


[0m18:35:04.710783 [debug] [Thread-3 (]: Opening a new connection, currently in state init
[0m18:35:04.711131 [debug] [Thread-3 (]: sqlserver adapter: Using connection string: DRIVER={ODBC Driver 18 for SQL Server};SERVER=DESKTOP-DUBDQD2,1433;Database=VENDAS;Trusted_Connection=yes;encrypt=No;TrustServerCertificate=Yes;APP=dbt-sqlserver/1.11.1;Pooling=true;SQL_ATTR_TRACE=SQL_OPT_TRACE_OFF;ConnectRetryCount=3;ConnectRetryInterval=10
[0m18:35:04.711928 [debug] [Thread-2 (]: SQL status: OK in 0.000 seconds
[0m18:35:04.713715 [debug] [Thread-2 (]: Writing runtime sql for node "model.dbt_vendas.intermediate_datas"
[0m18:35:04.714138 [debug] [Thread-3 (]: sqlserver adapter: Connected to db: VENDAS
[0m18:35:04.714446 [debug] [Thread-4 (]: sqlserver adapter: Connected to db: VENDAS
[0m18:35:04.715378 [debug] [Thread-2 (]: Using sqlserver connection "model.dbt_vendas.intermediate_datas"
[0m18:35:04.715669 [debug] [Thread-2 (]: On model.dbt_vendas.intermediate_datas: /* {"app": "dbt", "dbt_version": "1.12.3", "profile_name": "dbt_vendas", "target_name": "dev", "node_id": "model.dbt_vendas.intermediate_datas"} */
declare @dbt_sqlserver_noop int;
[0m18:35:04.716123 [debug] [Thread-4 (]: SQL status: OK in 0.000 seconds
[0m18:35:04.716409 [debug] [Thread-2 (]: SQL status: OK in 0.000 seconds
[0m18:35:04.718243 [debug] [Thread-2 (]: On model.dbt_vendas.intermediate_datas: COMMIT
[0m18:35:04.720150 [debug] [Thread-2 (]: Applying DROP to: "VENDAS"."dbo"."intermediate_datas__dbt_backup"
[0m18:35:04.718713 [debug] [Thread-4 (]: On model.dbt_vendas.intermediate_faturamento: ROLLBACK
[0m18:35:04.721128 [debug] [Thread-2 (]: dbt-sqlserver
[0m18:35:04.722041 [debug] [Thread-2 (]: Using sqlserver connection "model.dbt_vendas.intermediate_datas"
[0m18:35:04.722373 [debug] [Thread-2 (]: On model.dbt_vendas.intermediate_datas: /* {"app": "dbt", "dbt_version": "1.12.3", "profile_name": "dbt_vendas", "target_name": "dev", "node_id": "model.dbt_vendas.intermediate_datas"} */

        USE [VENDAS];
        select
            sch.name as schema_name,
            obj.name as view_name
        from sys.sql_expression_dependencies refs with (nolock)
        inner join sys.objects obj with (nolock)
        on refs.referencing_id = obj.object_id
        inner join sys.schemas sch with (nolock)
        on obj.schema_id = sch.schema_id
        where refs.referenced_database_name = 'VENDAS'
        and refs.referenced_schema_name = 'dbo'
        and refs.referenced_entity_name = 'intermediate_datas__dbt_backup'
        and obj.type = 'V'
        
    OPTION (LABEL = 'dbt-sqlserver');

      
[0m18:35:04.721476 [debug] [Thread-4 (]: On model.dbt_vendas.intermediate_faturamento: Close
[0m18:35:04.722860 [error] [Thread-4 (]: [[31mERROR[0m]: Unhandled error while executing target\run\dbt_vendas\models\intermediate\intermediate_faturamento.sql
('42S22', "[42S22] [Microsoft][ODBC Driver 18 for SQL Server][SQL Server]Nome de coluna 'preco' inválido. (207) (SQLMoreResults)")
[0m18:35:04.727705 [debug] [Thread-3 (]: SQL status: OK in 0.000 seconds
[0m18:35:04.728238 [debug] [Thread-4 (]: Traceback (most recent call last):
  File "C:\Users\User\AppData\Local\Programs\Python\Python314\Lib\site-packages\dbt\task\base.py", line 388, in safe_run
    result = self.compile_and_execute(manifest, ctx)
  File "C:\Users\User\AppData\Local\Programs\Python\Python314\Lib\site-packages\dbt\task\base.py", line 335, in compile_and_execute
    result = self.run(ctx.node, manifest)
  File "C:\Users\User\AppData\Local\Programs\Python\Python314\Lib\site-packages\dbt\task\base.py", line 440, in run
    return self.execute(compiled_node, manifest)  # type: ignore[arg-type]
           ~~~~~~~~~~~~^^^^^^^^^^^^^^^^^^^^^^^^^
  File "C:\Users\User\AppData\Local\Programs\Python\Python314\Lib\site-packages\dbt\task\run.py", line 484, in execute
    return self._execute_model(
           ~~~~~~~~~~~~~~~~~~~^
        hook_ctx, context["config"], model, context, materialization_macro, manifest
        ^^^^^^^^^^^^^^^^^^^^^^^^^^^^^^^^^^^^^^^^^^^^^^^^^^^^^^^^^^^^^^^^^^^^^^^^^^^^
    )
    ^
  File "C:\Users\User\AppData\Local\Programs\Python\Python314\Lib\site-packages\dbt\task\run.py", line 440, in _execute_model
    result = MacroGenerator(
        materialization_macro, context, stack=context["context_macro_stack"]
    )()
  File "C:\Users\User\AppData\Local\Programs\Python\Python314\Lib\site-packages\dbt\clients\jinja.py", line 151, in __call__
    return self.call_macro(*args, **kwargs)
           ~~~~~~~~~~~~~~~^^^^^^^^^^^^^^^^^
  File "C:\Users\User\AppData\Local\Programs\Python\Python314\Lib\site-packages\dbt_common\clients\jinja.py", line 395, in call_macro
    return macro(*args, **kwargs)
  File "C:\Users\User\AppData\Local\Programs\Python\Python314\Lib\site-packages\jinja2\runtime.py", line 770, in __call__
    return self._invoke(arguments, autoescape)
           ~~~~~~~~~~~~^^^^^^^^^^^^^^^^^^^^^^^
  File "C:\Users\User\AppData\Local\Programs\Python\Python314\Lib\site-packages\jinja2\runtime.py", line 784, in _invoke
    rv = self._func(*arguments)
  File "<template>", line 298, in macro
  File "C:\Users\User\AppData\Local\Programs\Python\Python314\Lib\site-packages\jinja2\sandbox.py", line 401, in call
    return __context.call(__obj, *args, **kwargs)
           ~~~~~~~~~~~~~~^^^^^^^^^^^^^^^^^^^^^^^^
  File "C:\Users\User\AppData\Local\Programs\Python\Python314\Lib\site-packages\jinja2\runtime.py", line 303, in call
    return __obj(*args, **kwargs)
  File "C:\Users\User\AppData\Local\Programs\Python\Python314\Lib\site-packages\dbt\clients\jinja.py", line 151, in __call__
    return self.call_macro(*args, **kwargs)
           ~~~~~~~~~~~~~~~^^^^^^^^^^^^^^^^^
  File "C:\Users\User\AppData\Local\Programs\Python\Python314\Lib\site-packages\dbt_common\clients\jinja.py", line 395, in call_macro
    return macro(*args, **kwargs)
  File "C:\Users\User\AppData\Local\Programs\Python\Python314\Lib\site-packages\jinja2\runtime.py", line 770, in __call__
    return self._invoke(arguments, autoescape)
           ~~~~~~~~~~~~^^^^^^^^^^^^^^^^^^^^^^^
  File "C:\Users\User\AppData\Local\Programs\Python\Python314\Lib\site-packages\jinja2\runtime.py", line 784, in _invoke
    rv = self._func(*arguments)
  File "<template>", line 52, in macro
  File "C:\Users\User\AppData\Local\Programs\Python\Python314\Lib\site-packages\jinja2\sandbox.py", line 401, in call
    return __context.call(__obj, *args, **kwargs)
           ~~~~~~~~~~~~~~^^^^^^^^^^^^^^^^^^^^^^^^
  File "C:\Users\User\AppData\Local\Programs\Python\Python314\Lib\site-packages\jinja2\runtime.py", line 303, in call
    return __obj(*args, **kwargs)
  File "C:\Users\User\AppData\Local\Programs\Python\Python314\Lib\site-packages\dbt_common\record.py", line 538, in record_replay_wrapper
    return func_to_record(*call_args, **kwargs)
  File "C:\Users\User\AppData\Local\Programs\Python\Python314\Lib\site-packages\dbt\adapters\base\impl.py", line 523, in execute
    return self.connections.execute(sql=sql, auto_begin=auto_begin, fetch=fetch, limit=limit)
           ~~~~~~~~~~~~~~~~~~~~~~~~^^^^^^^^^^^^^^^^^^^^^^^^^^^^^^^^^^^^^^^^^^^^^^^^^^^^^^^^^^
  File "C:\Users\User\AppData\Local\Programs\Python\Python314\Lib\site-packages\dbt\adapters\sqlserver\sqlserver_connections.py", line 528, in execute
    while cursor.nextset():
          ~~~~~~~~~~~~~~^^
pyodbc.ProgrammingError: ('42S22', "[42S22] [Microsoft][ODBC Driver 18 for SQL Server][SQL Server]Nome de coluna 'preco' inválido. (207) (SQLMoreResults)")

[0m18:35:04.729618 [debug] [Thread-4 (]: Sending event: {'category': 'dbt', 'action': 'run_model', 'label': '4f2ee270-5d83-46a7-98af-04b871fb3af8', 'context': [<snowplow_tracker.self_describing_json.SelfDescribingJson object at 0x000001D62C4F19D0>]}
[0m18:35:04.731202 [debug] [Thread-3 (]: On model.dbt_vendas.intermediate_estados: COMMIT
[0m18:35:04.732822 [debug] [Thread-3 (]: Applying DROP to: "VENDAS"."dbo"."intermediate_estados__dbt_backup"
[0m18:35:04.730309 [error] [Thread-4 (]: 4 of 4 ERROR creating sql view model dbo.intermediate_faturamento .............. [[31mERROR[0m in 0.05s]
[0m18:35:04.734873 [debug] [Thread-4 (]: Finished running node model.dbt_vendas.intermediate_faturamento
[0m18:35:04.735439 [debug] [Thread-7 (]: Marking all children of 'model.dbt_vendas.intermediate_faturamento' to be skipped because of status 'error'.  Reason: ('42S22', "[42S22] [Microsoft][ODBC Driver 18 for SQL Server][SQL Server]Nome de coluna 'preco' inválido. (207) (SQLMoreResults)").
[0m18:35:04.734066 [debug] [Thread-3 (]: dbt-sqlserver
[0m18:35:04.737163 [debug] [Thread-3 (]: Using sqlserver connection "model.dbt_vendas.intermediate_estados"
[0m18:35:04.738048 [debug] [Thread-3 (]: On model.dbt_vendas.intermediate_estados: /* {"app": "dbt", "dbt_version": "1.12.3", "profile_name": "dbt_vendas", "target_name": "dev", "node_id": "model.dbt_vendas.intermediate_estados"} */

        USE [VENDAS];
        select
            sch.name as schema_name,
            obj.name as view_name
        from sys.sql_expression_dependencies refs with (nolock)
        inner join sys.objects obj with (nolock)
        on refs.referencing_id = obj.object_id
        inner join sys.schemas sch with (nolock)
        on obj.schema_id = sch.schema_id
        where refs.referenced_database_name = 'VENDAS'
        and refs.referenced_schema_name = 'dbo'
        and refs.referenced_entity_name = 'intermediate_estados__dbt_backup'
        and obj.type = 'V'
        
    OPTION (LABEL = 'dbt-sqlserver');

      
[0m18:35:04.737644 [debug] [Thread-2 (]: SQL status: OK in 0.000 seconds
[0m18:35:04.739321 [debug] [Thread-2 (]: Using sqlserver connection "model.dbt_vendas.intermediate_datas"
[0m18:35:04.739664 [debug] [Thread-2 (]: On model.dbt_vendas.intermediate_datas: /* {"app": "dbt", "dbt_version": "1.12.3", "profile_name": "dbt_vendas", "target_name": "dev", "node_id": "model.dbt_vendas.intermediate_datas"} */

      
      
    
    USE [VENDAS];
    EXEC('DROP view IF EXISTS "dbo"."intermediate_datas__dbt_backup";');

[0m18:35:04.740948 [debug] [Thread-2 (]: SQL status: OK in 0.000 seconds
[0m18:35:04.742441 [debug] [Thread-2 (]: On model.dbt_vendas.intermediate_datas: Close
[0m18:35:04.742991 [debug] [Thread-2 (]: Sending event: {'category': 'dbt', 'action': 'run_model', 'label': '4f2ee270-5d83-46a7-98af-04b871fb3af8', 'context': [<snowplow_tracker.self_describing_json.SelfDescribingJson object at 0x000001D62C8143D0>]}
[0m18:35:04.743503 [info ] [Thread-2 (]: 2 of 4 OK created sql view model dbo.intermediate_datas ........................ [[32mOK[0m in 0.06s]
[0m18:35:04.744121 [debug] [Thread-2 (]: Finished running node model.dbt_vendas.intermediate_datas
[0m18:35:04.752544 [debug] [Thread-3 (]: SQL status: OK in 0.000 seconds
[0m18:35:04.754117 [debug] [Thread-3 (]: Using sqlserver connection "model.dbt_vendas.intermediate_estados"
[0m18:35:04.754447 [debug] [Thread-3 (]: On model.dbt_vendas.intermediate_estados: /* {"app": "dbt", "dbt_version": "1.12.3", "profile_name": "dbt_vendas", "target_name": "dev", "node_id": "model.dbt_vendas.intermediate_estados"} */

      
      
    
    USE [VENDAS];
    EXEC('DROP view IF EXISTS "dbo"."intermediate_estados__dbt_backup";');

[0m18:35:04.755208 [debug] [Thread-3 (]: SQL status: OK in 0.000 seconds
[0m18:35:04.756559 [debug] [Thread-3 (]: On model.dbt_vendas.intermediate_estados: Close
[0m18:35:04.757255 [debug] [Thread-3 (]: Sending event: {'category': 'dbt', 'action': 'run_model', 'label': '4f2ee270-5d83-46a7-98af-04b871fb3af8', 'context': [<snowplow_tracker.self_describing_json.SelfDescribingJson object at 0x000001D62CE51250>]}
[0m18:35:04.757986 [info ] [Thread-3 (]: 3 of 4 OK created sql view model dbo.intermediate_estados ...................... [[32mOK[0m in 0.07s]
[0m18:35:04.758681 [debug] [Thread-3 (]: Finished running node model.dbt_vendas.intermediate_estados
[0m18:35:04.760398 [debug] [MainThread]: On master: COMMIT
[0m18:35:04.760960 [debug] [MainThread]: Connection 'master' was properly closed.
[0m18:35:04.761220 [debug] [MainThread]: Connection 'list_VENDAS' was properly closed.
[0m18:35:04.761426 [debug] [MainThread]: Connection 'list_VENDAS_dbo' was properly closed.
[0m18:35:04.761610 [debug] [MainThread]: Connection 'model.dbt_vendas.staging_vendas' was properly closed.
[0m18:35:04.761838 [debug] [MainThread]: Connection 'model.dbt_vendas.intermediate_datas' was properly closed.
[0m18:35:04.762035 [debug] [MainThread]: Connection 'model.dbt_vendas.intermediate_faturamento' was properly closed.
[0m18:35:04.762227 [debug] [MainThread]: Connection 'model.dbt_vendas.intermediate_estados' was properly closed.
[0m18:35:04.762606 [info ] [MainThread]: 
[0m18:35:04.763079 [info ] [MainThread]: Finished running 4 view models in 0 hours 0 minutes and 0.29 seconds (0.29s).
[0m18:35:04.764854 [debug] [MainThread]: Command end result
[0m18:35:04.796788 [debug] [MainThread]: Wrote artifact WritableManifest to C:\Users\User\Documents\Curso Python\Projeto de Engenharia de Dados\dbt_vendas\target\manifest.json
[0m18:35:04.800014 [debug] [MainThread]: Wrote artifact SemanticManifest to C:\Users\User\Documents\Curso Python\Projeto de Engenharia de Dados\dbt_vendas\target\semantic_manifest.json
[0m18:35:04.803209 [debug] [MainThread]: Wrote artifact OsiDocument to C:\Users\User\Documents\Curso Python\Projeto de Engenharia de Dados\dbt_vendas\target\osi_document.json
[0m18:35:04.809675 [debug] [MainThread]: Wrote artifact RunExecutionResult to C:\Users\User\Documents\Curso Python\Projeto de Engenharia de Dados\dbt_vendas\target\run_results.json
[0m18:35:04.809997 [info ] [MainThread]: 
[0m18:35:04.810348 [info ] [MainThread]: [31mCompleted with 1 error, 0 partial successes, and 0 warnings:[0m
[0m18:35:04.810643 [info ] [MainThread]: 
[0m18:35:04.810977 [error] [MainThread]: [[31mERROR[0m]: in model intermediate_faturamento (models\intermediate\intermediate_faturamento.sql)
[0m18:35:04.811297 [error] [MainThread]:   ('42S22', "[42S22] [Microsoft][ODBC Driver 18 for SQL Server][SQL Server]Nome de coluna 'preco' inválido. (207) (SQLMoreResults)")
[0m18:35:04.811554 [info ] [MainThread]: 
[0m18:35:04.811885 [info ] [MainThread]:   compiled code at target\compiled\dbt_vendas\models\intermediate\intermediate_faturamento.sql
[0m18:35:04.812177 [info ] [MainThread]: 
[0m18:35:04.812478 [info ] [MainThread]: Done. PASS=3 WARN=0 ERROR=1 SKIP=0 NO-OP=0 REUSED=0 TOTAL=4
[0m18:35:04.813554 [debug] [MainThread]: Command `dbt run` failed at 18:35:04.813454 after 1.43 seconds
[0m18:35:04.813875 [debug] [MainThread]: Sending event: {'category': 'dbt', 'action': 'invocation', 'label': 'end', 'context': [<snowplow_tracker.self_describing_json.SelfDescribingJson object at 0x000001D62C238FB0>, <snowplow_tracker.self_describing_json.SelfDescribingJson object at 0x000001D629703470>, <snowplow_tracker.self_describing_json.SelfDescribingJson object at 0x000001D62CECB230>]}
[0m18:35:04.814191 [debug] [MainThread]: Flushing usage events
[0m18:35:05.748959 [debug] [MainThread]: An error was encountered while trying to flush usage events
[0m18:36:32.639120 [debug] [MainThread]: Sending event: {'category': 'dbt', 'action': 'invocation', 'label': 'start', 'context': [<snowplow_tracker.self_describing_json.SelfDescribingJson object at 0x000001CFEE15C1A0>, <snowplow_tracker.self_describing_json.SelfDescribingJson object at 0x000001CFEB95CF50>, <snowplow_tracker.self_describing_json.SelfDescribingJson object at 0x000001CFF095B890>]}


============================== 18:36:32.644521 | cc1fc3f1-3251-4ea7-b47d-22a6b1d84fb1 ==============================
[0m18:36:32.644521 [info ] [MainThread]: Running with dbt=1.12.3
[0m18:36:32.645425 [debug] [MainThread]: running dbt with arguments {'version_check': 'True', 'no_print': 'None', 'static_parser': 'True', 'target_path': 'None', 'warn_error_options': 'WarnErrorOptionsV2(error=[], warn=[], silence=[])', 'maximum_seed_size_mib': '1', 'printer_width': '80', 'write_json': 'True', 'empty': 'False', 'log_cache_events': 'False', 'introspect': 'True', 'cache_selected_only': 'False', 'log_format': 'default', 'debug': 'False', 'fail_fast': 'False', 'profiles_dir': 'C:\\Users\\User\\.dbt', 'send_anonymous_usage_stats': 'True', 'quiet': 'False', 'warn_error': 'None', 'partial_parse': 'True', 'use_colors': 'True', 'hints_enabled': 'True', 'indirect_selection': 'eager', 'use_experimental_parser': 'False', 'invocation_command': 'dbt run', 'log_path': 'C:\\Users\\User\\Documents\\Curso Python\\Projeto de Engenharia de Dados\\dbt_vendas\\logs'}
[0m18:36:32.953801 [debug] [MainThread]: Sending event: {'category': 'dbt', 'action': 'project_id', 'label': 'cc1fc3f1-3251-4ea7-b47d-22a6b1d84fb1', 'context': [<snowplow_tracker.self_describing_json.SelfDescribingJson object at 0x000001CFF08E3E10>]}
[0m18:36:33.009725 [debug] [MainThread]: Sending event: {'category': 'dbt', 'action': 'adapter_info', 'label': 'cc1fc3f1-3251-4ea7-b47d-22a6b1d84fb1', 'context': [<snowplow_tracker.self_describing_json.SelfDescribingJson object at 0x000001CFF0F1F570>]}
[0m18:36:33.010664 [info ] [MainThread]: Registered adapter: sqlserver=1.11.1
[0m18:36:33.283134 [warn ] [MainThread]: [[33mWARNING[0m]: When True, uses SQL Server-native string type mappings: STRING -> VARCHAR(MAX), NCHAR -> NCHAR(1), NVARCHAR -> NVARCHAR(4000). When False (default), preserves legacy mappings: STRING and NVARCHAR -> VARCHAR(8000), NCHAR -> CHAR(1). The new behaviour is intended to become the default in a future release.
You may opt into the new behavior sooner by setting `flags.dbt_sqlserver_use_native_string_types` to `True` in `dbt_project.yml`.
Visit https://docs.getdbt.com/reference/global-configs/behavior-changes for more information.
[0m18:36:33.284002 [debug] [MainThread]: Sending event: {'category': 'dbt', 'action': 'BehaviorChangeEvent', 'label': 'cc1fc3f1-3251-4ea7-b47d-22a6b1d84fb1', 'context': [<snowplow_tracker.self_describing_json.SelfDescribingJson object at 0x000001CFF10B0350>]}
[0m18:36:33.284439 [warn ] [MainThread]: [[33mWARNING[0m]: When True, dbt transaction hooks (begin/commit) emit real T-SQL BEGIN TRANSACTION / COMMIT TRANSACTION statements. When False (default and legacy), begin/commit are no-ops and each statement is auto-committed by the driver. This means earlier successful statements are not rolled back if a later statement fails. This behavior is intended to become the default in a future release.
You may opt into the new behavior sooner by setting `flags.dbt_sqlserver_use_dbt_transactions` to `True` in `dbt_project.yml`.
Visit https://docs.getdbt.com/reference/global-configs/behavior-changes for more information.
[0m18:36:33.284933 [debug] [MainThread]: Sending event: {'category': 'dbt', 'action': 'BehaviorChangeEvent', 'label': 'cc1fc3f1-3251-4ea7-b47d-22a6b1d84fb1', 'context': [<snowplow_tracker.self_describing_json.SelfDescribingJson object at 0x000001CFF10825D0>]}
[0m18:36:33.292725 [debug] [MainThread]: checksum: 322f88ac24e63d47c1d31b5534f5eab777388b114faa788d6e85c1bcb9efb5d4, vars: {}, profile: dbt_vendas, target: dev, version: 1.12.3
[0m18:36:33.459215 [debug] [MainThread]: Partial parsing enabled: 0 files deleted, 0 files added, 1 files changed.
[0m18:36:33.459857 [debug] [MainThread]: Partial parsing: updated file: dbt_vendas://models\intermediate\intermediate_faturamento.sql
[0m18:36:33.650257 [warn ] [MainThread]: [[33mWARNING[0m]: When True, uses dbt-core's standard schema concatenation (`target.schema` + `_` + `custom_schema_name`). When False (default), uses legacy adapter behaviour: `custom_schema_name` is used directly without prefixing `target.schema`. For a permanent solution, override the `sqlserver__generate_schema_name` macro in your project instead.
You may opt into the new behavior sooner by setting `flags.dbt_sqlserver_use_default_schema_concat` to `True` in `dbt_project.yml`.
Visit https://docs.getdbt.com/reference/global-configs/behavior-changes for more information.
[0m18:36:33.651039 [debug] [MainThread]: Sending event: {'category': 'dbt', 'action': 'BehaviorChangeEvent', 'label': 'cc1fc3f1-3251-4ea7-b47d-22a6b1d84fb1', 'context': [<snowplow_tracker.self_describing_json.SelfDescribingJson object at 0x000001CFF15E7930>]}
[0m18:36:33.715956 [warn ] [MainThread]: [[33mWARNING[0m]: Configuration paths exist in your dbt_project.yml file which do not apply to any resources.
There are 1 unused configuration paths:
- models.dbt_vendas.marts
[0m18:36:33.719957 [debug] [MainThread]: Sending event: {'category': 'dbt', 'action': 'load_project', 'label': 'cc1fc3f1-3251-4ea7-b47d-22a6b1d84fb1', 'context': [<snowplow_tracker.self_describing_json.SelfDescribingJson object at 0x000001CFF166BC70>]}
[0m18:36:33.825189 [debug] [MainThread]: Wrote artifact WritableManifest to C:\Users\User\Documents\Curso Python\Projeto de Engenharia de Dados\dbt_vendas\target\manifest.json
[0m18:36:33.831275 [debug] [MainThread]: Wrote artifact SemanticManifest to C:\Users\User\Documents\Curso Python\Projeto de Engenharia de Dados\dbt_vendas\target\semantic_manifest.json
[0m18:36:33.867837 [debug] [MainThread]: Wrote artifact OsiDocument to C:\Users\User\Documents\Curso Python\Projeto de Engenharia de Dados\dbt_vendas\target\osi_document.json
[0m18:36:33.889619 [debug] [MainThread]: Sending event: {'category': 'dbt', 'action': 'resource_counts', 'label': 'cc1fc3f1-3251-4ea7-b47d-22a6b1d84fb1', 'context': [<snowplow_tracker.self_describing_json.SelfDescribingJson object at 0x000001CFF16A3E90>]}
[0m18:36:33.890299 [info ] [MainThread]: Found 4 models, 3 seeds, 1 source, 556 macros
[0m18:36:33.890797 [debug] [MainThread]: Sending event: {'category': 'dbt', 'action': 'runnable_timing', 'label': 'cc1fc3f1-3251-4ea7-b47d-22a6b1d84fb1', 'context': [<snowplow_tracker.self_describing_json.SelfDescribingJson object at 0x000001CFF175AE60>]}
[0m18:36:33.892704 [info ] [MainThread]: 
[0m18:36:33.893065 [info ] [MainThread]: Concurrency: 4 threads (target='dev')
[0m18:36:33.893351 [info ] [MainThread]: 
[0m18:36:33.893849 [debug] [MainThread]: Acquiring new sqlserver connection 'master'
[0m18:36:33.898963 [debug] [ThreadPool]: Acquiring new sqlserver connection 'list_VENDAS'
[0m18:36:33.919511 [debug] [ThreadPool]: dbt-sqlserver
[0m18:36:33.922296 [debug] [ThreadPool]: Using sqlserver connection "list_VENDAS"
[0m18:36:33.922769 [debug] [ThreadPool]: On list_VENDAS: /* {"app": "dbt", "dbt_version": "1.12.3", "profile_name": "dbt_vendas", "target_name": "dev", "connection_name": "list_VENDAS"} */
USE [VENDAS];
    select  name as [schema]
    from sys.schemas with (nolock) 
    OPTION (LABEL = 'dbt-sqlserver');

  
[0m18:36:33.923095 [debug] [ThreadPool]: Opening a new connection, currently in state init
[0m18:36:33.925882 [debug] [ThreadPool]: sqlserver adapter: Using connection string: DRIVER={ODBC Driver 18 for SQL Server};SERVER=DESKTOP-DUBDQD2,1433;Database=VENDAS;Trusted_Connection=yes;encrypt=No;TrustServerCertificate=Yes;APP=dbt-sqlserver/1.11.1;Pooling=true;SQL_ATTR_TRACE=SQL_OPT_TRACE_OFF;ConnectRetryCount=3;ConnectRetryInterval=10
[0m18:36:33.994110 [debug] [ThreadPool]: sqlserver adapter: Connected to db: VENDAS
[0m18:36:34.000119 [debug] [ThreadPool]: SQL status: OK in 0.000 seconds
[0m18:36:34.001659 [debug] [ThreadPool]: On list_VENDAS: Close
[0m18:36:34.003506 [debug] [ThreadPool]: Acquiring new sqlserver connection 'list_VENDAS_dbo'
[0m18:36:34.008577 [debug] [ThreadPool]: dbt-sqlserver
[0m18:36:34.009164 [debug] [ThreadPool]: Using sqlserver connection "list_VENDAS_dbo"
[0m18:36:34.009431 [debug] [ThreadPool]: On list_VENDAS_dbo: /* {"app": "dbt", "dbt_version": "1.12.3", "profile_name": "dbt_vendas", "target_name": "dev", "connection_name": "list_VENDAS_dbo"} */
USE [VENDAS];
    declare @schema_id int = schema_id('dbo');
    select
      DB_NAME() as [database],
      t.name as [name],
      'dbo' as [schema],
      'table' as table_type
    from sys.tables as t with (nolock)
    where t.schema_id = @schema_id
    union all
    select
      DB_NAME() as [database],
      v.name as [name],
      'dbo' as [schema],
      'view' as table_type
    from sys.views as v with (nolock)
    where v.schema_id = @schema_id
    
    OPTION (LABEL = 'dbt-sqlserver');

  
[0m18:36:34.009721 [debug] [ThreadPool]: Opening a new connection, currently in state init
[0m18:36:34.010052 [debug] [ThreadPool]: sqlserver adapter: Using connection string: DRIVER={ODBC Driver 18 for SQL Server};SERVER=DESKTOP-DUBDQD2,1433;Database=VENDAS;Trusted_Connection=yes;encrypt=No;TrustServerCertificate=Yes;APP=dbt-sqlserver/1.11.1;Pooling=true;SQL_ATTR_TRACE=SQL_OPT_TRACE_OFF;ConnectRetryCount=3;ConnectRetryInterval=10
[0m18:36:34.010396 [debug] [ThreadPool]: sqlserver adapter: Connected to db: VENDAS
[0m18:36:34.064323 [debug] [ThreadPool]: SQL status: OK in 0.000 seconds
[0m18:36:34.065605 [debug] [ThreadPool]: On list_VENDAS_dbo: ROLLBACK
[0m18:36:34.065888 [debug] [ThreadPool]: On list_VENDAS_dbo: Close
[0m18:36:34.067525 [debug] [MainThread]: Sending event: {'category': 'dbt', 'action': 'runnable_timing', 'label': 'cc1fc3f1-3251-4ea7-b47d-22a6b1d84fb1', 'context': [<snowplow_tracker.self_describing_json.SelfDescribingJson object at 0x000001CFF16A6C10>]}
[0m18:36:34.068014 [debug] [MainThread]: On master: COMMIT
[0m18:36:34.071622 [debug] [Thread-1 (]: Began running node model.dbt_vendas.staging_vendas
[0m18:36:34.072214 [info ] [Thread-1 (]: 1 of 4 START sql view model dbo.staging_vendas ................................. [RUN]
[0m18:36:34.072960 [debug] [Thread-1 (]: Acquiring new sqlserver connection 'model.dbt_vendas.staging_vendas'
[0m18:36:34.073333 [debug] [Thread-1 (]: Began compiling node model.dbt_vendas.staging_vendas
[0m18:36:34.079203 [debug] [Thread-1 (]: Writing injected SQL for node "model.dbt_vendas.staging_vendas"
[0m18:36:34.080251 [debug] [Thread-1 (]: Began executing node model.dbt_vendas.staging_vendas
[0m18:36:34.111818 [debug] [Thread-1 (]: Using sqlserver connection "model.dbt_vendas.staging_vendas"
[0m18:36:34.112403 [debug] [Thread-1 (]: On model.dbt_vendas.staging_vendas: /* {"app": "dbt", "dbt_version": "1.12.3", "profile_name": "dbt_vendas", "target_name": "dev", "node_id": "model.dbt_vendas.staging_vendas"} */

    USE [VENDAS];
  select object_definition(object_id(quotename('dbo') + '.' + quotename('staging_vendas'), 'V')) as definition
  where object_id(quotename('dbo') + '.' + quotename('staging_vendas'), 'V') is not null

  
[0m18:36:34.112713 [debug] [Thread-1 (]: Opening a new connection, currently in state init
[0m18:36:34.113077 [debug] [Thread-1 (]: sqlserver adapter: Using connection string: DRIVER={ODBC Driver 18 for SQL Server};SERVER=DESKTOP-DUBDQD2,1433;Database=VENDAS;Trusted_Connection=yes;encrypt=No;TrustServerCertificate=Yes;APP=dbt-sqlserver/1.11.1;Pooling=true;SQL_ATTR_TRACE=SQL_OPT_TRACE_OFF;ConnectRetryCount=3;ConnectRetryInterval=10
[0m18:36:34.113438 [debug] [Thread-1 (]: sqlserver adapter: Connected to db: VENDAS
[0m18:36:34.115661 [debug] [Thread-1 (]: SQL status: OK in 0.000 seconds
[0m18:36:34.122084 [debug] [Thread-1 (]: Writing runtime sql for node "model.dbt_vendas.staging_vendas"
[0m18:36:34.123633 [debug] [Thread-1 (]: Using sqlserver connection "model.dbt_vendas.staging_vendas"
[0m18:36:34.124122 [debug] [Thread-1 (]: On model.dbt_vendas.staging_vendas: /* {"app": "dbt", "dbt_version": "1.12.3", "profile_name": "dbt_vendas", "target_name": "dev", "node_id": "model.dbt_vendas.staging_vendas"} */
declare @dbt_sqlserver_noop int;
[0m18:36:34.124816 [debug] [Thread-1 (]: SQL status: OK in 0.000 seconds
[0m18:36:34.143153 [debug] [Thread-1 (]: On model.dbt_vendas.staging_vendas: COMMIT
[0m18:36:34.148392 [debug] [Thread-1 (]: Applying DROP to: "VENDAS"."dbo"."staging_vendas__dbt_backup"
[0m18:36:34.156775 [debug] [Thread-1 (]: dbt-sqlserver
[0m18:36:34.157489 [debug] [Thread-1 (]: Using sqlserver connection "model.dbt_vendas.staging_vendas"
[0m18:36:34.157841 [debug] [Thread-1 (]: On model.dbt_vendas.staging_vendas: /* {"app": "dbt", "dbt_version": "1.12.3", "profile_name": "dbt_vendas", "target_name": "dev", "node_id": "model.dbt_vendas.staging_vendas"} */

        USE [VENDAS];
        select
            sch.name as schema_name,
            obj.name as view_name
        from sys.sql_expression_dependencies refs with (nolock)
        inner join sys.objects obj with (nolock)
        on refs.referencing_id = obj.object_id
        inner join sys.schemas sch with (nolock)
        on obj.schema_id = sch.schema_id
        where refs.referenced_database_name = 'VENDAS'
        and refs.referenced_schema_name = 'dbo'
        and refs.referenced_entity_name = 'staging_vendas__dbt_backup'
        and obj.type = 'V'
        
    OPTION (LABEL = 'dbt-sqlserver');

      
[0m18:36:34.176658 [debug] [Thread-1 (]: SQL status: OK in 0.000 seconds
[0m18:36:34.178413 [debug] [Thread-1 (]: Using sqlserver connection "model.dbt_vendas.staging_vendas"
[0m18:36:34.178860 [debug] [Thread-1 (]: On model.dbt_vendas.staging_vendas: /* {"app": "dbt", "dbt_version": "1.12.3", "profile_name": "dbt_vendas", "target_name": "dev", "node_id": "model.dbt_vendas.staging_vendas"} */

      
      
    
    USE [VENDAS];
    EXEC('DROP view IF EXISTS "dbo"."staging_vendas__dbt_backup";');

[0m18:36:34.179838 [debug] [Thread-1 (]: SQL status: OK in 0.000 seconds
[0m18:36:34.181793 [debug] [Thread-1 (]: On model.dbt_vendas.staging_vendas: Close
[0m18:36:34.184037 [debug] [Thread-1 (]: Sending event: {'category': 'dbt', 'action': 'run_model', 'label': 'cc1fc3f1-3251-4ea7-b47d-22a6b1d84fb1', 'context': [<snowplow_tracker.self_describing_json.SelfDescribingJson object at 0x000001CFEE4ED0D0>]}
[0m18:36:34.184841 [info ] [Thread-1 (]: 1 of 4 OK created sql view model dbo.staging_vendas ............................ [[32mOK[0m in 0.11s]
[0m18:36:34.185474 [debug] [Thread-1 (]: Finished running node model.dbt_vendas.staging_vendas
[0m18:36:34.186142 [debug] [Thread-3 (]: Began running node model.dbt_vendas.intermediate_estados
[0m18:36:34.186485 [debug] [Thread-4 (]: Began running node model.dbt_vendas.intermediate_faturamento
[0m18:36:34.186812 [debug] [Thread-2 (]: Began running node model.dbt_vendas.intermediate_datas
[0m18:36:34.187244 [info ] [Thread-3 (]: 3 of 4 START sql view model dbo.intermediate_estados ........................... [RUN]
[0m18:36:34.189006 [debug] [Thread-3 (]: Acquiring new sqlserver connection 'model.dbt_vendas.intermediate_estados'
[0m18:36:34.189383 [debug] [Thread-3 (]: Began compiling node model.dbt_vendas.intermediate_estados
[0m18:36:34.187788 [info ] [Thread-4 (]: 4 of 4 START sql view model dbo.intermediate_faturamento ....................... [RUN]
[0m18:36:34.188313 [info ] [Thread-2 (]: 2 of 4 START sql view model dbo.intermediate_datas ............................. [RUN]
[0m18:36:34.192437 [debug] [Thread-2 (]: Acquiring new sqlserver connection 'model.dbt_vendas.intermediate_datas'
[0m18:36:34.192775 [debug] [Thread-2 (]: Began compiling node model.dbt_vendas.intermediate_datas
[0m18:36:34.191553 [debug] [Thread-3 (]: Writing injected SQL for node "model.dbt_vendas.intermediate_estados"
[0m18:36:34.191998 [debug] [Thread-4 (]: Acquiring new sqlserver connection 'model.dbt_vendas.intermediate_faturamento'
[0m18:36:34.194670 [debug] [Thread-4 (]: Began compiling node model.dbt_vendas.intermediate_faturamento
[0m18:36:34.196614 [debug] [Thread-4 (]: Writing injected SQL for node "model.dbt_vendas.intermediate_faturamento"
[0m18:36:34.194198 [debug] [Thread-2 (]: Writing injected SQL for node "model.dbt_vendas.intermediate_datas"
[0m18:36:34.197182 [debug] [Thread-3 (]: Began executing node model.dbt_vendas.intermediate_estados
[0m18:36:34.199335 [debug] [Thread-3 (]: Using sqlserver connection "model.dbt_vendas.intermediate_estados"
[0m18:36:34.199718 [debug] [Thread-3 (]: On model.dbt_vendas.intermediate_estados: /* {"app": "dbt", "dbt_version": "1.12.3", "profile_name": "dbt_vendas", "target_name": "dev", "node_id": "model.dbt_vendas.intermediate_estados"} */

    USE [VENDAS];
  select object_definition(object_id(quotename('dbo') + '.' + quotename('intermediate_estados'), 'V')) as definition
  where object_id(quotename('dbo') + '.' + quotename('intermediate_estados'), 'V') is not null

  
[0m18:36:34.200061 [debug] [Thread-3 (]: Opening a new connection, currently in state init
[0m18:36:34.201156 [debug] [Thread-3 (]: sqlserver adapter: Using connection string: DRIVER={ODBC Driver 18 for SQL Server};SERVER=DESKTOP-DUBDQD2,1433;Database=VENDAS;Trusted_Connection=yes;encrypt=No;TrustServerCertificate=Yes;APP=dbt-sqlserver/1.11.1;Pooling=true;SQL_ATTR_TRACE=SQL_OPT_TRACE_OFF;ConnectRetryCount=3;ConnectRetryInterval=10
[0m18:36:34.200747 [debug] [Thread-2 (]: Began executing node model.dbt_vendas.intermediate_datas
[0m18:36:34.203519 [debug] [Thread-2 (]: Using sqlserver connection "model.dbt_vendas.intermediate_datas"
[0m18:36:34.204365 [debug] [Thread-2 (]: On model.dbt_vendas.intermediate_datas: /* {"app": "dbt", "dbt_version": "1.12.3", "profile_name": "dbt_vendas", "target_name": "dev", "node_id": "model.dbt_vendas.intermediate_datas"} */

    USE [VENDAS];
  select object_definition(object_id(quotename('dbo') + '.' + quotename('intermediate_datas'), 'V')) as definition
  where object_id(quotename('dbo') + '.' + quotename('intermediate_datas'), 'V') is not null

  
[0m18:36:34.200393 [debug] [Thread-4 (]: Began executing node model.dbt_vendas.intermediate_faturamento
[0m18:36:34.218007 [debug] [Thread-4 (]: Writing runtime sql for node "model.dbt_vendas.intermediate_faturamento"
[0m18:36:34.204678 [debug] [Thread-2 (]: Opening a new connection, currently in state init
[0m18:36:34.204037 [debug] [Thread-3 (]: sqlserver adapter: Connected to db: VENDAS
[0m18:36:34.218922 [debug] [Thread-2 (]: sqlserver adapter: Using connection string: DRIVER={ODBC Driver 18 for SQL Server};SERVER=DESKTOP-DUBDQD2,1433;Database=VENDAS;Trusted_Connection=yes;encrypt=No;TrustServerCertificate=Yes;APP=dbt-sqlserver/1.11.1;Pooling=true;SQL_ATTR_TRACE=SQL_OPT_TRACE_OFF;ConnectRetryCount=3;ConnectRetryInterval=10
[0m18:36:34.219985 [debug] [Thread-4 (]: Using sqlserver connection "model.dbt_vendas.intermediate_faturamento"
[0m18:36:34.220494 [debug] [Thread-4 (]: On model.dbt_vendas.intermediate_faturamento: /* {"app": "dbt", "dbt_version": "1.12.3", "profile_name": "dbt_vendas", "target_name": "dev", "node_id": "model.dbt_vendas.intermediate_faturamento"} */
USE [VENDAS];
    
    

    

    USE [VENDAS];
    EXEC('
        CREATE OR ALTER VIEW "dbo"."intermediate_faturamento" AS SELECT 
    A.id_compra,
    A.produto                      AS Produto,
    B.preço                        AS Preço,
    A.forma_pagto                  AS Forma_Pagto,
    A.Data

FROM "VENDAS"."dbo"."staging_vendas" AS A
INNER JOIN "VENDAS"."dbo"."produtos"   AS B
    ON A.Produto = B.Produto;
    ')


[0m18:36:34.220805 [debug] [Thread-4 (]: Opening a new connection, currently in state init
[0m18:36:34.221152 [debug] [Thread-4 (]: sqlserver adapter: Using connection string: DRIVER={ODBC Driver 18 for SQL Server};SERVER=DESKTOP-DUBDQD2,1433;Database=VENDAS;Trusted_Connection=yes;encrypt=No;TrustServerCertificate=Yes;APP=dbt-sqlserver/1.11.1;Pooling=true;SQL_ATTR_TRACE=SQL_OPT_TRACE_OFF;ConnectRetryCount=3;ConnectRetryInterval=10
[0m18:36:34.221581 [debug] [Thread-3 (]: SQL status: OK in 0.000 seconds
[0m18:36:34.223638 [debug] [Thread-3 (]: Writing runtime sql for node "model.dbt_vendas.intermediate_estados"
[0m18:36:34.224203 [debug] [Thread-2 (]: sqlserver adapter: Connected to db: VENDAS
[0m18:36:34.224696 [debug] [Thread-4 (]: sqlserver adapter: Connected to db: VENDAS
[0m18:36:34.225378 [debug] [Thread-3 (]: Using sqlserver connection "model.dbt_vendas.intermediate_estados"
[0m18:36:34.225684 [debug] [Thread-3 (]: On model.dbt_vendas.intermediate_estados: /* {"app": "dbt", "dbt_version": "1.12.3", "profile_name": "dbt_vendas", "target_name": "dev", "node_id": "model.dbt_vendas.intermediate_estados"} */
declare @dbt_sqlserver_noop int;
[0m18:36:34.226318 [debug] [Thread-3 (]: SQL status: OK in 0.000 seconds
[0m18:36:34.227858 [debug] [Thread-3 (]: On model.dbt_vendas.intermediate_estados: COMMIT
[0m18:36:34.229494 [debug] [Thread-3 (]: Applying DROP to: "VENDAS"."dbo"."intermediate_estados__dbt_backup"
[0m18:36:34.230936 [debug] [Thread-3 (]: dbt-sqlserver
[0m18:36:34.229834 [debug] [Thread-4 (]: SQL status: OK in 0.000 seconds
[0m18:36:34.231280 [debug] [Thread-2 (]: SQL status: OK in 0.000 seconds
[0m18:36:34.231835 [debug] [Thread-3 (]: Using sqlserver connection "model.dbt_vendas.intermediate_estados"
[0m18:36:34.232790 [debug] [Thread-3 (]: On model.dbt_vendas.intermediate_estados: /* {"app": "dbt", "dbt_version": "1.12.3", "profile_name": "dbt_vendas", "target_name": "dev", "node_id": "model.dbt_vendas.intermediate_estados"} */

        USE [VENDAS];
        select
            sch.name as schema_name,
            obj.name as view_name
        from sys.sql_expression_dependencies refs with (nolock)
        inner join sys.objects obj with (nolock)
        on refs.referencing_id = obj.object_id
        inner join sys.schemas sch with (nolock)
        on obj.schema_id = sch.schema_id
        where refs.referenced_database_name = 'VENDAS'
        and refs.referenced_schema_name = 'dbo'
        and refs.referenced_entity_name = 'intermediate_estados__dbt_backup'
        and obj.type = 'V'
        
    OPTION (LABEL = 'dbt-sqlserver');

      
[0m18:36:34.233898 [debug] [Thread-4 (]: On model.dbt_vendas.intermediate_faturamento: COMMIT
[0m18:36:34.236150 [debug] [Thread-4 (]: Applying DROP to: "VENDAS"."dbo"."intermediate_faturamento__dbt_backup"
[0m18:36:34.237138 [debug] [Thread-4 (]: dbt-sqlserver
[0m18:36:34.238292 [debug] [Thread-4 (]: Using sqlserver connection "model.dbt_vendas.intermediate_faturamento"
[0m18:36:34.238750 [debug] [Thread-4 (]: On model.dbt_vendas.intermediate_faturamento: /* {"app": "dbt", "dbt_version": "1.12.3", "profile_name": "dbt_vendas", "target_name": "dev", "node_id": "model.dbt_vendas.intermediate_faturamento"} */

        USE [VENDAS];
        select
            sch.name as schema_name,
            obj.name as view_name
        from sys.sql_expression_dependencies refs with (nolock)
        inner join sys.objects obj with (nolock)
        on refs.referencing_id = obj.object_id
        inner join sys.schemas sch with (nolock)
        on obj.schema_id = sch.schema_id
        where refs.referenced_database_name = 'VENDAS'
        and refs.referenced_schema_name = 'dbo'
        and refs.referenced_entity_name = 'intermediate_faturamento__dbt_backup'
        and obj.type = 'V'
        
    OPTION (LABEL = 'dbt-sqlserver');

      
[0m18:36:34.237701 [debug] [Thread-2 (]: Writing runtime sql for node "model.dbt_vendas.intermediate_datas"
[0m18:36:34.240012 [debug] [Thread-2 (]: Using sqlserver connection "model.dbt_vendas.intermediate_datas"
[0m18:36:34.240398 [debug] [Thread-2 (]: On model.dbt_vendas.intermediate_datas: /* {"app": "dbt", "dbt_version": "1.12.3", "profile_name": "dbt_vendas", "target_name": "dev", "node_id": "model.dbt_vendas.intermediate_datas"} */
declare @dbt_sqlserver_noop int;
[0m18:36:34.241086 [debug] [Thread-2 (]: SQL status: OK in 0.000 seconds
[0m18:36:34.242505 [debug] [Thread-2 (]: On model.dbt_vendas.intermediate_datas: COMMIT
[0m18:36:34.243881 [debug] [Thread-2 (]: Applying DROP to: "VENDAS"."dbo"."intermediate_datas__dbt_backup"
[0m18:36:34.244998 [debug] [Thread-2 (]: dbt-sqlserver
[0m18:36:34.245651 [debug] [Thread-2 (]: Using sqlserver connection "model.dbt_vendas.intermediate_datas"
[0m18:36:34.245984 [debug] [Thread-2 (]: On model.dbt_vendas.intermediate_datas: /* {"app": "dbt", "dbt_version": "1.12.3", "profile_name": "dbt_vendas", "target_name": "dev", "node_id": "model.dbt_vendas.intermediate_datas"} */

        USE [VENDAS];
        select
            sch.name as schema_name,
            obj.name as view_name
        from sys.sql_expression_dependencies refs with (nolock)
        inner join sys.objects obj with (nolock)
        on refs.referencing_id = obj.object_id
        inner join sys.schemas sch with (nolock)
        on obj.schema_id = sch.schema_id
        where refs.referenced_database_name = 'VENDAS'
        and refs.referenced_schema_name = 'dbo'
        and refs.referenced_entity_name = 'intermediate_datas__dbt_backup'
        and obj.type = 'V'
        
    OPTION (LABEL = 'dbt-sqlserver');

      
[0m18:36:34.254863 [debug] [Thread-3 (]: SQL status: OK in 0.000 seconds
[0m18:36:34.257129 [debug] [Thread-3 (]: Using sqlserver connection "model.dbt_vendas.intermediate_estados"
[0m18:36:34.257525 [debug] [Thread-3 (]: On model.dbt_vendas.intermediate_estados: /* {"app": "dbt", "dbt_version": "1.12.3", "profile_name": "dbt_vendas", "target_name": "dev", "node_id": "model.dbt_vendas.intermediate_estados"} */

      
      
    
    USE [VENDAS];
    EXEC('DROP view IF EXISTS "dbo"."intermediate_estados__dbt_backup";');

[0m18:36:34.258976 [debug] [Thread-3 (]: SQL status: OK in 0.000 seconds
[0m18:36:34.259698 [debug] [Thread-4 (]: SQL status: OK in 0.000 seconds
[0m18:36:34.260901 [debug] [Thread-2 (]: SQL status: OK in 0.000 seconds
[0m18:36:34.260469 [debug] [Thread-3 (]: On model.dbt_vendas.intermediate_estados: Close
[0m18:36:34.262299 [debug] [Thread-4 (]: Using sqlserver connection "model.dbt_vendas.intermediate_faturamento"
[0m18:36:34.263674 [debug] [Thread-4 (]: On model.dbt_vendas.intermediate_faturamento: /* {"app": "dbt", "dbt_version": "1.12.3", "profile_name": "dbt_vendas", "target_name": "dev", "node_id": "model.dbt_vendas.intermediate_faturamento"} */

      
      
    
    USE [VENDAS];
    EXEC('DROP view IF EXISTS "dbo"."intermediate_faturamento__dbt_backup";');

[0m18:36:34.262892 [debug] [Thread-3 (]: Sending event: {'category': 'dbt', 'action': 'run_model', 'label': 'cc1fc3f1-3251-4ea7-b47d-22a6b1d84fb1', 'context': [<snowplow_tracker.self_describing_json.SelfDescribingJson object at 0x000001CFF17571C0>]}
[0m18:36:34.264358 [debug] [Thread-2 (]: Using sqlserver connection "model.dbt_vendas.intermediate_datas"
[0m18:36:34.265620 [debug] [Thread-2 (]: On model.dbt_vendas.intermediate_datas: /* {"app": "dbt", "dbt_version": "1.12.3", "profile_name": "dbt_vendas", "target_name": "dev", "node_id": "model.dbt_vendas.intermediate_datas"} */

      
      
    
    USE [VENDAS];
    EXEC('DROP view IF EXISTS "dbo"."intermediate_datas__dbt_backup";');

[0m18:36:34.264939 [info ] [Thread-3 (]: 3 of 4 OK created sql view model dbo.intermediate_estados ...................... [[32mOK[0m in 0.07s]
[0m18:36:34.266168 [debug] [Thread-3 (]: Finished running node model.dbt_vendas.intermediate_estados
[0m18:36:34.265219 [debug] [Thread-4 (]: SQL status: OK in 0.000 seconds
[0m18:36:34.268049 [debug] [Thread-4 (]: On model.dbt_vendas.intermediate_faturamento: Close
[0m18:36:34.268481 [debug] [Thread-2 (]: SQL status: OK in 0.000 seconds
[0m18:36:34.268949 [debug] [Thread-4 (]: Sending event: {'category': 'dbt', 'action': 'run_model', 'label': 'cc1fc3f1-3251-4ea7-b47d-22a6b1d84fb1', 'context': [<snowplow_tracker.self_describing_json.SelfDescribingJson object at 0x000001CFF1E19970>]}
[0m18:36:34.270582 [debug] [Thread-2 (]: On model.dbt_vendas.intermediate_datas: Close
[0m18:36:34.269891 [info ] [Thread-4 (]: 4 of 4 OK created sql view model dbo.intermediate_faturamento .................. [[32mOK[0m in 0.08s]
[0m18:36:34.271825 [debug] [Thread-4 (]: Finished running node model.dbt_vendas.intermediate_faturamento
[0m18:36:34.271198 [debug] [Thread-2 (]: Sending event: {'category': 'dbt', 'action': 'run_model', 'label': 'cc1fc3f1-3251-4ea7-b47d-22a6b1d84fb1', 'context': [<snowplow_tracker.self_describing_json.SelfDescribingJson object at 0x000001CFF1E18A70>]}
[0m18:36:34.272818 [info ] [Thread-2 (]: 2 of 4 OK created sql view model dbo.intermediate_datas ........................ [[32mOK[0m in 0.08s]
[0m18:36:34.273494 [debug] [Thread-2 (]: Finished running node model.dbt_vendas.intermediate_datas
[0m18:36:34.274810 [debug] [MainThread]: On master: COMMIT
[0m18:36:34.275136 [debug] [MainThread]: Connection 'master' was properly closed.
[0m18:36:34.275345 [debug] [MainThread]: Connection 'list_VENDAS' was properly closed.
[0m18:36:34.275554 [debug] [MainThread]: Connection 'list_VENDAS_dbo' was properly closed.
[0m18:36:34.275743 [debug] [MainThread]: Connection 'model.dbt_vendas.staging_vendas' was properly closed.
[0m18:36:34.275924 [debug] [MainThread]: Connection 'model.dbt_vendas.intermediate_estados' was properly closed.
[0m18:36:34.276102 [debug] [MainThread]: Connection 'model.dbt_vendas.intermediate_faturamento' was properly closed.
[0m18:36:34.276279 [debug] [MainThread]: Connection 'model.dbt_vendas.intermediate_datas' was properly closed.
[0m18:36:34.276538 [info ] [MainThread]: 
[0m18:36:34.276841 [info ] [MainThread]: Finished running 4 view models in 0 hours 0 minutes and 0.38 seconds (0.38s).
[0m18:36:34.277826 [debug] [MainThread]: Command end result
[0m18:36:34.311867 [debug] [MainThread]: Wrote artifact WritableManifest to C:\Users\User\Documents\Curso Python\Projeto de Engenharia de Dados\dbt_vendas\target\manifest.json
[0m18:36:34.315435 [debug] [MainThread]: Wrote artifact SemanticManifest to C:\Users\User\Documents\Curso Python\Projeto de Engenharia de Dados\dbt_vendas\target\semantic_manifest.json
[0m18:36:34.318662 [debug] [MainThread]: Wrote artifact OsiDocument to C:\Users\User\Documents\Curso Python\Projeto de Engenharia de Dados\dbt_vendas\target\osi_document.json
[0m18:36:34.324989 [debug] [MainThread]: Wrote artifact RunExecutionResult to C:\Users\User\Documents\Curso Python\Projeto de Engenharia de Dados\dbt_vendas\target\run_results.json
[0m18:36:34.325317 [info ] [MainThread]: 
[0m18:36:34.325765 [info ] [MainThread]: [32mCompleted successfully[0m
[0m18:36:34.326110 [info ] [MainThread]: 
[0m18:36:34.326419 [info ] [MainThread]: Done. PASS=4 WARN=0 ERROR=0 SKIP=0 NO-OP=0 REUSED=0 TOTAL=4
[0m18:36:34.327400 [debug] [MainThread]: Command `dbt run` succeeded at 18:36:34.327299 after 1.82 seconds
[0m18:36:34.327743 [debug] [MainThread]: Sending event: {'category': 'dbt', 'action': 'invocation', 'label': 'end', 'context': [<snowplow_tracker.self_describing_json.SelfDescribingJson object at 0x000001CFEC20C170>, <snowplow_tracker.self_describing_json.SelfDescribingJson object at 0x000001CFF134DD90>, <snowplow_tracker.self_describing_json.SelfDescribingJson object at 0x000001CFF1085CD0>]}
[0m18:36:34.328079 [debug] [MainThread]: Flushing usage events
[0m18:36:35.329108 [debug] [MainThread]: An error was encountered while trying to flush usage events
[0m18:50:10.185973 [debug] [MainThread]: Sending event: {'category': 'dbt', 'action': 'invocation', 'label': 'start', 'context': [<snowplow_tracker.self_describing_json.SelfDescribingJson object at 0x000001F12DBDC1A0>, <snowplow_tracker.self_describing_json.SelfDescribingJson object at 0x000001F12B3DCF50>, <snowplow_tracker.self_describing_json.SelfDescribingJson object at 0x000001F13036F9D0>]}


============================== 18:50:10.193719 | eed8aecc-4ed6-4c55-b771-9728f18142fa ==============================
[0m18:50:10.193719 [info ] [MainThread]: Running with dbt=1.12.3
[0m18:50:10.194586 [debug] [MainThread]: running dbt with arguments {'version_check': 'True', 'no_print': 'None', 'static_parser': 'True', 'target_path': 'None', 'maximum_seed_size_mib': '1', 'warn_error_options': 'WarnErrorOptionsV2(error=[], warn=[], silence=[])', 'printer_width': '80', 'write_json': 'True', 'empty': 'None', 'log_cache_events': 'False', 'introspect': 'True', 'cache_selected_only': 'False', 'fail_fast': 'False', 'debug': 'False', 'log_format': 'default', 'profiles_dir': 'C:\\Users\\User\\.dbt', 'send_anonymous_usage_stats': 'True', 'quiet': 'False', 'warn_error': 'None', 'partial_parse': 'True', 'use_colors': 'True', 'hints_enabled': 'True', 'indirect_selection': 'eager', 'use_experimental_parser': 'False', 'invocation_command': 'dbt parse --project-dir dbt_vendas', 'log_path': 'dbt_vendas\\logs'}
[0m18:50:10.618640 [debug] [MainThread]: Sending event: {'category': 'dbt', 'action': 'project_id', 'label': 'eed8aecc-4ed6-4c55-b771-9728f18142fa', 'context': [<snowplow_tracker.self_describing_json.SelfDescribingJson object at 0x000001F1304263F0>]}
[0m18:50:10.684171 [debug] [MainThread]: Sending event: {'category': 'dbt', 'action': 'adapter_info', 'label': 'eed8aecc-4ed6-4c55-b771-9728f18142fa', 'context': [<snowplow_tracker.self_describing_json.SelfDescribingJson object at 0x000001F12BBBF790>]}
[0m18:50:10.685254 [info ] [MainThread]: Registered adapter: sqlserver=1.11.1
[0m18:50:11.048370 [warn ] [MainThread]: [[33mWARNING[0m]: When True, uses SQL Server-native string type mappings: STRING -> VARCHAR(MAX), NCHAR -> NCHAR(1), NVARCHAR -> NVARCHAR(4000). When False (default), preserves legacy mappings: STRING and NVARCHAR -> VARCHAR(8000), NCHAR -> CHAR(1). The new behaviour is intended to become the default in a future release.
You may opt into the new behavior sooner by setting `flags.dbt_sqlserver_use_native_string_types` to `True` in `dbt_project.yml`.
Visit https://docs.getdbt.com/reference/global-configs/behavior-changes for more information.
[0m18:50:11.049543 [debug] [MainThread]: Sending event: {'category': 'dbt', 'action': 'BehaviorChangeEvent', 'label': 'eed8aecc-4ed6-4c55-b771-9728f18142fa', 'context': [<snowplow_tracker.self_describing_json.SelfDescribingJson object at 0x000001F130732750>]}
[0m18:50:11.049986 [warn ] [MainThread]: [[33mWARNING[0m]: When True, dbt transaction hooks (begin/commit) emit real T-SQL BEGIN TRANSACTION / COMMIT TRANSACTION statements. When False (default and legacy), begin/commit are no-ops and each statement is auto-committed by the driver. This means earlier successful statements are not rolled back if a later statement fails. This behavior is intended to become the default in a future release.
You may opt into the new behavior sooner by setting `flags.dbt_sqlserver_use_dbt_transactions` to `True` in `dbt_project.yml`.
Visit https://docs.getdbt.com/reference/global-configs/behavior-changes for more information.
[0m18:50:11.050458 [debug] [MainThread]: Sending event: {'category': 'dbt', 'action': 'BehaviorChangeEvent', 'label': 'eed8aecc-4ed6-4c55-b771-9728f18142fa', 'context': [<snowplow_tracker.self_describing_json.SelfDescribingJson object at 0x000001F1309EFB60>]}
[0m18:50:11.060202 [debug] [MainThread]: checksum: 322f88ac24e63d47c1d31b5534f5eab777388b114faa788d6e85c1bcb9efb5d4, vars: {}, profile: dbt_vendas, target: dev, version: 1.12.3
[0m18:50:11.272948 [debug] [MainThread]: Partial parsing enabled: 0 files deleted, 1 files added, 0 files changed.
[0m18:50:11.273573 [debug] [MainThread]: Partial parsing: added file: dbt_vendas://models\marts\marts_faturamento_regiao.sql
[0m18:50:11.496424 [warn ] [MainThread]: [[33mWARNING[0m]: When True, uses dbt-core's standard schema concatenation (`target.schema` + `_` + `custom_schema_name`). When False (default), uses legacy adapter behaviour: `custom_schema_name` is used directly without prefixing `target.schema`. For a permanent solution, override the `sqlserver__generate_schema_name` macro in your project instead.
You may opt into the new behavior sooner by setting `flags.dbt_sqlserver_use_default_schema_concat` to `True` in `dbt_project.yml`.
Visit https://docs.getdbt.com/reference/global-configs/behavior-changes for more information.
[0m18:50:11.497051 [debug] [MainThread]: Sending event: {'category': 'dbt', 'action': 'BehaviorChangeEvent', 'label': 'eed8aecc-4ed6-4c55-b771-9728f18142fa', 'context': [<snowplow_tracker.self_describing_json.SelfDescribingJson object at 0x000001F130FF6430>]}
[0m18:50:11.577732 [debug] [MainThread]: Sending event: {'category': 'dbt', 'action': 'load_project', 'label': 'eed8aecc-4ed6-4c55-b771-9728f18142fa', 'context': [<snowplow_tracker.self_describing_json.SelfDescribingJson object at 0x000001F130FCFBA0>]}
[0m18:50:11.582561 [info ] [MainThread]: Performance info: dbt_vendas\target\perf_info.json
[0m18:50:11.695942 [debug] [MainThread]: Wrote artifact WritableManifest to dbt_vendas\target\manifest.json
[0m18:50:11.700256 [debug] [MainThread]: Wrote artifact SemanticManifest to dbt_vendas\target\semantic_manifest.json
[0m18:50:11.736629 [debug] [MainThread]: Wrote artifact OsiDocument to dbt_vendas\target\osi_document.json
[0m18:50:11.738416 [debug] [MainThread]: Command `dbt parse` succeeded at 18:50:11.738154 after 1.74 seconds
[0m18:50:11.738924 [debug] [MainThread]: Sending event: {'category': 'dbt', 'action': 'invocation', 'label': 'end', 'context': [<snowplow_tracker.self_describing_json.SelfDescribingJson object at 0x000001F1310AEB10>, <snowplow_tracker.self_describing_json.SelfDescribingJson object at 0x000001F12BCFFA10>, <snowplow_tracker.self_describing_json.SelfDescribingJson object at 0x000001F12E6924C0>]}
[0m18:50:11.739383 [debug] [MainThread]: Flushing usage events
[0m18:50:12.605768 [debug] [MainThread]: An error was encountered while trying to flush usage events
[0m18:53:58.247121 [debug] [MainThread]: Sending event: {'category': 'dbt', 'action': 'invocation', 'label': 'start', 'context': [<snowplow_tracker.self_describing_json.SelfDescribingJson object at 0x000001EF5C00C1A0>, <snowplow_tracker.self_describing_json.SelfDescribingJson object at 0x000001EF5980CF50>, <snowplow_tracker.self_describing_json.SelfDescribingJson object at 0x000001EF5E79F9D0>]}


============================== 18:53:58.252992 | 39841827-9ce6-4a6d-b8ec-442e83170fa5 ==============================
[0m18:53:58.252992 [info ] [MainThread]: Running with dbt=1.12.3
[0m18:53:58.253625 [debug] [MainThread]: running dbt with arguments {'version_check': 'True', 'no_print': 'None', 'static_parser': 'True', 'warn_error_options': 'WarnErrorOptionsV2(error=[], warn=[], silence=[])', 'target_path': 'None', 'maximum_seed_size_mib': '1', 'printer_width': '80', 'write_json': 'True', 'empty': 'None', 'log_cache_events': 'False', 'introspect': 'True', 'cache_selected_only': 'False', 'log_format': 'default', 'debug': 'False', 'fail_fast': 'False', 'profiles_dir': 'C:\\Users\\User\\.dbt', 'send_anonymous_usage_stats': 'True', 'quiet': 'False', 'warn_error': 'None', 'partial_parse': 'True', 'use_colors': 'True', 'hints_enabled': 'True', 'invocation_command': 'dbt parse --project-dir dbt_vendas', 'use_experimental_parser': 'False', 'indirect_selection': 'eager', 'log_path': 'dbt_vendas\\logs'}
[0m18:53:58.622670 [debug] [MainThread]: Sending event: {'category': 'dbt', 'action': 'project_id', 'label': '39841827-9ce6-4a6d-b8ec-442e83170fa5', 'context': [<snowplow_tracker.self_describing_json.SelfDescribingJson object at 0x000001EF5E8363F0>]}
[0m18:53:58.691201 [debug] [MainThread]: Sending event: {'category': 'dbt', 'action': 'adapter_info', 'label': '39841827-9ce6-4a6d-b8ec-442e83170fa5', 'context': [<snowplow_tracker.self_describing_json.SelfDescribingJson object at 0x000001EF59FEF790>]}
[0m18:53:58.692427 [info ] [MainThread]: Registered adapter: sqlserver=1.11.1
[0m18:53:58.984070 [warn ] [MainThread]: [[33mWARNING[0m]: When True, uses SQL Server-native string type mappings: STRING -> VARCHAR(MAX), NCHAR -> NCHAR(1), NVARCHAR -> NVARCHAR(4000). When False (default), preserves legacy mappings: STRING and NVARCHAR -> VARCHAR(8000), NCHAR -> CHAR(1). The new behaviour is intended to become the default in a future release.
You may opt into the new behavior sooner by setting `flags.dbt_sqlserver_use_native_string_types` to `True` in `dbt_project.yml`.
Visit https://docs.getdbt.com/reference/global-configs/behavior-changes for more information.
[0m18:53:58.985063 [debug] [MainThread]: Sending event: {'category': 'dbt', 'action': 'BehaviorChangeEvent', 'label': '39841827-9ce6-4a6d-b8ec-442e83170fa5', 'context': [<snowplow_tracker.self_describing_json.SelfDescribingJson object at 0x000001EF5EBB2750>]}
[0m18:53:58.985570 [warn ] [MainThread]: [[33mWARNING[0m]: When True, dbt transaction hooks (begin/commit) emit real T-SQL BEGIN TRANSACTION / COMMIT TRANSACTION statements. When False (default and legacy), begin/commit are no-ops and each statement is auto-committed by the driver. This means earlier successful statements are not rolled back if a later statement fails. This behavior is intended to become the default in a future release.
You may opt into the new behavior sooner by setting `flags.dbt_sqlserver_use_dbt_transactions` to `True` in `dbt_project.yml`.
Visit https://docs.getdbt.com/reference/global-configs/behavior-changes for more information.
[0m18:53:58.986182 [debug] [MainThread]: Sending event: {'category': 'dbt', 'action': 'BehaviorChangeEvent', 'label': '39841827-9ce6-4a6d-b8ec-442e83170fa5', 'context': [<snowplow_tracker.self_describing_json.SelfDescribingJson object at 0x000001EF5EE6FB60>]}
[0m18:53:58.995177 [debug] [MainThread]: checksum: 322f88ac24e63d47c1d31b5534f5eab777388b114faa788d6e85c1bcb9efb5d4, vars: {}, profile: dbt_vendas, target: dev, version: 1.12.3
[0m18:53:59.172934 [debug] [MainThread]: Partial parsing enabled: 0 files deleted, 4 files added, 1 files changed.
[0m18:53:59.173750 [debug] [MainThread]: Partial parsing: added file: dbt_vendas://models\marts\marts_vendas_vendedor.sql
[0m18:53:59.174153 [debug] [MainThread]: Partial parsing: added file: dbt_vendas://models\marts\marts_faturamento_produto.sql
[0m18:53:59.174498 [debug] [MainThread]: Partial parsing: added file: dbt_vendas://models\marts\marts_faturamento_forma_pgto.sql
[0m18:53:59.174801 [debug] [MainThread]: Partial parsing: added file: dbt_vendas://models\marts\marts_faturamento_mensal.sql
[0m18:53:59.175137 [debug] [MainThread]: Partial parsing: updated file: dbt_vendas://models\marts\marts_faturamento_regiao.sql
[0m18:53:59.401325 [warn ] [MainThread]: [[33mWARNING[0m]: When True, uses dbt-core's standard schema concatenation (`target.schema` + `_` + `custom_schema_name`). When False (default), uses legacy adapter behaviour: `custom_schema_name` is used directly without prefixing `target.schema`. For a permanent solution, override the `sqlserver__generate_schema_name` macro in your project instead.
You may opt into the new behavior sooner by setting `flags.dbt_sqlserver_use_default_schema_concat` to `True` in `dbt_project.yml`.
Visit https://docs.getdbt.com/reference/global-configs/behavior-changes for more information.
[0m18:53:59.402314 [debug] [MainThread]: Sending event: {'category': 'dbt', 'action': 'BehaviorChangeEvent', 'label': '39841827-9ce6-4a6d-b8ec-442e83170fa5', 'context': [<snowplow_tracker.self_describing_json.SelfDescribingJson object at 0x000001EF5F47A5F0>]}
[0m18:53:59.496726 [debug] [MainThread]: Sending event: {'category': 'dbt', 'action': 'load_project', 'label': '39841827-9ce6-4a6d-b8ec-442e83170fa5', 'context': [<snowplow_tracker.self_describing_json.SelfDescribingJson object at 0x000001EF5F46FAD0>]}
[0m18:53:59.501591 [info ] [MainThread]: Performance info: dbt_vendas\target\perf_info.json
[0m18:53:59.609403 [debug] [MainThread]: Wrote artifact WritableManifest to dbt_vendas\target\manifest.json
[0m18:53:59.613854 [debug] [MainThread]: Wrote artifact SemanticManifest to dbt_vendas\target\semantic_manifest.json
[0m18:53:59.649795 [debug] [MainThread]: Wrote artifact OsiDocument to dbt_vendas\target\osi_document.json
[0m18:53:59.652279 [debug] [MainThread]: Command `dbt parse` succeeded at 18:53:59.651780 after 1.56 seconds
[0m18:53:59.652914 [debug] [MainThread]: Sending event: {'category': 'dbt', 'action': 'invocation', 'label': 'end', 'context': [<snowplow_tracker.self_describing_json.SelfDescribingJson object at 0x000001EF5F52EE10>, <snowplow_tracker.self_describing_json.SelfDescribingJson object at 0x000001EF5A12FA10>, <snowplow_tracker.self_describing_json.SelfDescribingJson object at 0x000001EF5CAC24C0>]}
[0m18:53:59.653433 [debug] [MainThread]: Flushing usage events
[0m18:54:00.486096 [debug] [MainThread]: An error was encountered while trying to flush usage events
[0m18:55:28.185643 [debug] [MainThread]: Sending event: {'category': 'dbt', 'action': 'invocation', 'label': 'start', 'context': [<snowplow_tracker.self_describing_json.SelfDescribingJson object at 0x000001A248ABC1A0>, <snowplow_tracker.self_describing_json.SelfDescribingJson object at 0x000001A2462D4E10>, <snowplow_tracker.self_describing_json.SelfDescribingJson object at 0x000001A24B24F9D0>]}


============================== 18:55:28.191336 | 8dd74a88-8486-4f0b-b508-0ce8438ee7df ==============================
[0m18:55:28.191336 [info ] [MainThread]: Running with dbt=1.12.3
[0m18:55:28.191913 [debug] [MainThread]: running dbt with arguments {'static_parser': 'True', 'no_print': 'None', 'version_check': 'True', 'target_path': 'None', 'maximum_seed_size_mib': '1', 'warn_error_options': 'WarnErrorOptionsV2(error=[], warn=[], silence=[])', 'printer_width': '80', 'write_json': 'True', 'empty': 'None', 'log_cache_events': 'False', 'introspect': 'True', 'cache_selected_only': 'False', 'fail_fast': 'False', 'debug': 'False', 'log_format': 'default', 'partial_parse': 'True', 'send_anonymous_usage_stats': 'True', 'quiet': 'False', 'warn_error': 'None', 'profiles_dir': 'C:\\Users\\User\\.dbt', 'invocation_command': 'dbt parse --project-dir dbt_vendas', 'hints_enabled': 'True', 'use_colors': 'True', 'use_experimental_parser': 'False', 'indirect_selection': 'eager', 'log_path': 'dbt_vendas\\logs'}
[0m18:55:28.610912 [debug] [MainThread]: Sending event: {'category': 'dbt', 'action': 'project_id', 'label': '8dd74a88-8486-4f0b-b508-0ce8438ee7df', 'context': [<snowplow_tracker.self_describing_json.SelfDescribingJson object at 0x000001A24B2E63F0>]}
[0m18:55:28.674546 [debug] [MainThread]: Sending event: {'category': 'dbt', 'action': 'adapter_info', 'label': '8dd74a88-8486-4f0b-b508-0ce8438ee7df', 'context': [<snowplow_tracker.self_describing_json.SelfDescribingJson object at 0x000001A246AAF790>]}
[0m18:55:28.675424 [info ] [MainThread]: Registered adapter: sqlserver=1.11.1
[0m18:55:28.994797 [warn ] [MainThread]: [[33mWARNING[0m]: When True, uses SQL Server-native string type mappings: STRING -> VARCHAR(MAX), NCHAR -> NCHAR(1), NVARCHAR -> NVARCHAR(4000). When False (default), preserves legacy mappings: STRING and NVARCHAR -> VARCHAR(8000), NCHAR -> CHAR(1). The new behaviour is intended to become the default in a future release.
You may opt into the new behavior sooner by setting `flags.dbt_sqlserver_use_native_string_types` to `True` in `dbt_project.yml`.
Visit https://docs.getdbt.com/reference/global-configs/behavior-changes for more information.
[0m18:55:28.995653 [debug] [MainThread]: Sending event: {'category': 'dbt', 'action': 'BehaviorChangeEvent', 'label': '8dd74a88-8486-4f0b-b508-0ce8438ee7df', 'context': [<snowplow_tracker.self_describing_json.SelfDescribingJson object at 0x000001A24B642750>]}
[0m18:55:28.996104 [warn ] [MainThread]: [[33mWARNING[0m]: When True, dbt transaction hooks (begin/commit) emit real T-SQL BEGIN TRANSACTION / COMMIT TRANSACTION statements. When False (default and legacy), begin/commit are no-ops and each statement is auto-committed by the driver. This means earlier successful statements are not rolled back if a later statement fails. This behavior is intended to become the default in a future release.
You may opt into the new behavior sooner by setting `flags.dbt_sqlserver_use_dbt_transactions` to `True` in `dbt_project.yml`.
Visit https://docs.getdbt.com/reference/global-configs/behavior-changes for more information.
[0m18:55:28.996569 [debug] [MainThread]: Sending event: {'category': 'dbt', 'action': 'BehaviorChangeEvent', 'label': '8dd74a88-8486-4f0b-b508-0ce8438ee7df', 'context': [<snowplow_tracker.self_describing_json.SelfDescribingJson object at 0x000001A24B8FBB60>]}
[0m18:55:29.006959 [debug] [MainThread]: checksum: 322f88ac24e63d47c1d31b5534f5eab777388b114faa788d6e85c1bcb9efb5d4, vars: {}, profile: dbt_vendas, target: dev, version: 1.12.3
[0m18:55:29.211807 [debug] [MainThread]: Partial parsing enabled: 0 files deleted, 1 files added, 8 files changed.
[0m18:55:29.212505 [debug] [MainThread]: Partial parsing: added file: dbt_vendas://models\intermediate\intermediate_vendas_enriquecidas.sql
[0m18:55:29.212842 [debug] [MainThread]: Partial parsing: updated file: dbt_vendas://models\intermediate\intermediate_datas.sql
[0m18:55:29.213136 [debug] [MainThread]: Partial parsing: updated file: dbt_vendas://models\intermediate\intermediate_faturamento.sql
[0m18:55:29.213422 [debug] [MainThread]: Partial parsing: updated file: dbt_vendas://models\marts\marts_vendas_vendedor.sql
[0m18:55:29.213774 [debug] [MainThread]: Partial parsing: updated file: dbt_vendas://models\marts\marts_faturamento_forma_pgto.sql
[0m18:55:29.214062 [debug] [MainThread]: Partial parsing: updated file: dbt_vendas://models\intermediate\intermediate_estados.sql
[0m18:55:29.214337 [debug] [MainThread]: Partial parsing: updated file: dbt_vendas://models\marts\marts_faturamento_produto.sql
[0m18:55:29.214630 [debug] [MainThread]: Partial parsing: updated file: dbt_vendas://models\marts\marts_faturamento_mensal.sql
[0m18:55:29.214917 [debug] [MainThread]: Partial parsing: updated file: dbt_vendas://models\marts\marts_faturamento_regiao.sql
[0m18:55:29.434700 [warn ] [MainThread]: [[33mWARNING[0m]: When True, uses dbt-core's standard schema concatenation (`target.schema` + `_` + `custom_schema_name`). When False (default), uses legacy adapter behaviour: `custom_schema_name` is used directly without prefixing `target.schema`. For a permanent solution, override the `sqlserver__generate_schema_name` macro in your project instead.
You may opt into the new behavior sooner by setting `flags.dbt_sqlserver_use_default_schema_concat` to `True` in `dbt_project.yml`.
Visit https://docs.getdbt.com/reference/global-configs/behavior-changes for more information.
[0m18:55:29.435397 [debug] [MainThread]: Sending event: {'category': 'dbt', 'action': 'BehaviorChangeEvent', 'label': '8dd74a88-8486-4f0b-b508-0ce8438ee7df', 'context': [<snowplow_tracker.self_describing_json.SelfDescribingJson object at 0x000001A24BF0A350>]}
[0m18:55:29.541522 [debug] [MainThread]: Sending event: {'category': 'dbt', 'action': 'load_project', 'label': '8dd74a88-8486-4f0b-b508-0ce8438ee7df', 'context': [<snowplow_tracker.self_describing_json.SelfDescribingJson object at 0x000001A24BF97BA0>]}
[0m18:55:29.546640 [info ] [MainThread]: Performance info: dbt_vendas\target\perf_info.json
[0m18:55:29.655317 [debug] [MainThread]: Wrote artifact WritableManifest to dbt_vendas\target\manifest.json
[0m18:55:29.659673 [debug] [MainThread]: Wrote artifact SemanticManifest to dbt_vendas\target\semantic_manifest.json
[0m18:55:29.699230 [debug] [MainThread]: Wrote artifact OsiDocument to dbt_vendas\target\osi_document.json
[0m18:55:29.700637 [debug] [MainThread]: Command `dbt parse` succeeded at 18:55:29.700412 after 1.72 seconds
[0m18:55:29.701186 [debug] [MainThread]: Sending event: {'category': 'dbt', 'action': 'invocation', 'label': 'end', 'context': [<snowplow_tracker.self_describing_json.SelfDescribingJson object at 0x000001A24C08AF90>, <snowplow_tracker.self_describing_json.SelfDescribingJson object at 0x000001A246BEFA10>, <snowplow_tracker.self_describing_json.SelfDescribingJson object at 0x000001A2495724C0>]}
[0m18:55:29.701662 [debug] [MainThread]: Flushing usage events
[0m18:55:30.551509 [debug] [MainThread]: An error was encountered while trying to flush usage events
[0m18:55:41.121251 [debug] [MainThread]: Sending event: {'category': 'dbt', 'action': 'invocation', 'label': 'start', 'context': [<snowplow_tracker.self_describing_json.SelfDescribingJson object at 0x0000023CF3F1C1A0>, <snowplow_tracker.self_describing_json.SelfDescribingJson object at 0x0000023CF172CF50>, <snowplow_tracker.self_describing_json.SelfDescribingJson object at 0x0000023CF671B890>]}


============================== 18:55:41.127008 | 97133950-3efa-4aab-8730-c32ca1e0be3f ==============================
[0m18:55:41.127008 [info ] [MainThread]: Running with dbt=1.12.3
[0m18:55:41.127949 [debug] [MainThread]: running dbt with arguments {'maximum_seed_size_mib': '1', 'no_print': 'None', 'static_parser': 'True', 'warn_error_options': 'WarnErrorOptionsV2(error=[], warn=[], silence=[])', 'target_path': 'None', 'version_check': 'True', 'printer_width': '80', 'write_json': 'True', 'empty': 'False', 'log_cache_events': 'False', 'introspect': 'True', 'cache_selected_only': 'False', 'log_format': 'default', 'debug': 'False', 'fail_fast': 'False', 'profiles_dir': 'C:\\Users\\User\\.dbt', 'send_anonymous_usage_stats': 'True', 'quiet': 'False', 'warn_error': 'None', 'partial_parse': 'True', 'use_colors': 'True', 'hints_enabled': 'True', 'indirect_selection': 'eager', 'use_experimental_parser': 'False', 'invocation_command': 'dbt run --project-dir dbt_vendas', 'log_path': 'dbt_vendas\\logs'}
[0m18:55:41.471196 [debug] [MainThread]: Sending event: {'category': 'dbt', 'action': 'project_id', 'label': '97133950-3efa-4aab-8730-c32ca1e0be3f', 'context': [<snowplow_tracker.self_describing_json.SelfDescribingJson object at 0x0000023CF66A3E10>]}
[0m18:55:41.539682 [debug] [MainThread]: Sending event: {'category': 'dbt', 'action': 'adapter_info', 'label': '97133950-3efa-4aab-8730-c32ca1e0be3f', 'context': [<snowplow_tracker.self_describing_json.SelfDescribingJson object at 0x0000023CF6C3F570>]}
[0m18:55:41.540702 [info ] [MainThread]: Registered adapter: sqlserver=1.11.1
[0m18:55:41.884457 [warn ] [MainThread]: [[33mWARNING[0m]: When True, uses SQL Server-native string type mappings: STRING -> VARCHAR(MAX), NCHAR -> NCHAR(1), NVARCHAR -> NVARCHAR(4000). When False (default), preserves legacy mappings: STRING and NVARCHAR -> VARCHAR(8000), NCHAR -> CHAR(1). The new behaviour is intended to become the default in a future release.
You may opt into the new behavior sooner by setting `flags.dbt_sqlserver_use_native_string_types` to `True` in `dbt_project.yml`.
Visit https://docs.getdbt.com/reference/global-configs/behavior-changes for more information.
[0m18:55:41.885169 [debug] [MainThread]: Sending event: {'category': 'dbt', 'action': 'BehaviorChangeEvent', 'label': '97133950-3efa-4aab-8730-c32ca1e0be3f', 'context': [<snowplow_tracker.self_describing_json.SelfDescribingJson object at 0x0000023CF6D98350>]}
[0m18:55:41.885516 [warn ] [MainThread]: [[33mWARNING[0m]: When True, dbt transaction hooks (begin/commit) emit real T-SQL BEGIN TRANSACTION / COMMIT TRANSACTION statements. When False (default and legacy), begin/commit are no-ops and each statement is auto-committed by the driver. This means earlier successful statements are not rolled back if a later statement fails. This behavior is intended to become the default in a future release.
You may opt into the new behavior sooner by setting `flags.dbt_sqlserver_use_dbt_transactions` to `True` in `dbt_project.yml`.
Visit https://docs.getdbt.com/reference/global-configs/behavior-changes for more information.
[0m18:55:41.885974 [debug] [MainThread]: Sending event: {'category': 'dbt', 'action': 'BehaviorChangeEvent', 'label': '97133950-3efa-4aab-8730-c32ca1e0be3f', 'context': [<snowplow_tracker.self_describing_json.SelfDescribingJson object at 0x0000023CF6DA65D0>]}
[0m18:55:41.897056 [debug] [MainThread]: checksum: 322f88ac24e63d47c1d31b5534f5eab777388b114faa788d6e85c1bcb9efb5d4, vars: {}, profile: dbt_vendas, target: dev, version: 1.12.3
[0m18:55:42.075065 [debug] [MainThread]: Partial parsing enabled: 0 files deleted, 0 files added, 0 files changed.
[0m18:55:42.075531 [debug] [MainThread]: Nothing changed, skipping partial parsing.
[0m18:55:42.075918 [debug] [MainThread]: Partial parsing enabled, no changes found, skipping parsing
[0m18:55:42.087271 [debug] [MainThread]: Sending event: {'category': 'dbt', 'action': 'load_project', 'label': '97133950-3efa-4aab-8730-c32ca1e0be3f', 'context': [<snowplow_tracker.self_describing_json.SelfDescribingJson object at 0x0000023CF7253070>]}
[0m18:55:42.222479 [debug] [MainThread]: Wrote artifact WritableManifest to dbt_vendas\target\manifest.json
[0m18:55:42.226634 [debug] [MainThread]: Wrote artifact SemanticManifest to dbt_vendas\target\semantic_manifest.json
[0m18:55:42.259762 [debug] [MainThread]: Wrote artifact OsiDocument to dbt_vendas\target\osi_document.json
[0m18:55:42.280198 [debug] [MainThread]: Sending event: {'category': 'dbt', 'action': 'resource_counts', 'label': '97133950-3efa-4aab-8730-c32ca1e0be3f', 'context': [<snowplow_tracker.self_describing_json.SelfDescribingJson object at 0x0000023CF700E4E0>]}
[0m18:55:42.280655 [info ] [MainThread]: Found 10 models, 3 seeds, 1 source, 556 macros
[0m18:55:42.281114 [debug] [MainThread]: Sending event: {'category': 'dbt', 'action': 'runnable_timing', 'label': '97133950-3efa-4aab-8730-c32ca1e0be3f', 'context': [<snowplow_tracker.self_describing_json.SelfDescribingJson object at 0x0000023CF70AFB90>]}
[0m18:55:42.284526 [info ] [MainThread]: 
[0m18:55:42.285051 [info ] [MainThread]: Concurrency: 4 threads (target='dev')
[0m18:55:42.285354 [info ] [MainThread]: 
[0m18:55:42.285872 [debug] [MainThread]: Acquiring new sqlserver connection 'master'
[0m18:55:42.291712 [debug] [ThreadPool]: Acquiring new sqlserver connection 'list_VENDAS'
[0m18:55:42.316939 [debug] [ThreadPool]: dbt-sqlserver
[0m18:55:42.319933 [debug] [ThreadPool]: Using sqlserver connection "list_VENDAS"
[0m18:55:42.320425 [debug] [ThreadPool]: On list_VENDAS: /* {"app": "dbt", "dbt_version": "1.12.3", "profile_name": "dbt_vendas", "target_name": "dev", "connection_name": "list_VENDAS"} */
USE [VENDAS];
    select  name as [schema]
    from sys.schemas with (nolock) 
    OPTION (LABEL = 'dbt-sqlserver');

  
[0m18:55:42.320772 [debug] [ThreadPool]: Opening a new connection, currently in state init
[0m18:55:42.323908 [debug] [ThreadPool]: sqlserver adapter: Using connection string: DRIVER={ODBC Driver 18 for SQL Server};SERVER=DESKTOP-DUBDQD2,1433;Database=VENDAS;Trusted_Connection=yes;encrypt=No;TrustServerCertificate=Yes;APP=dbt-sqlserver/1.11.1;Pooling=true;SQL_ATTR_TRACE=SQL_OPT_TRACE_OFF;ConnectRetryCount=3;ConnectRetryInterval=10
[0m18:55:42.666224 [debug] [ThreadPool]: sqlserver adapter: Connected to db: VENDAS
[0m18:55:42.678475 [debug] [ThreadPool]: SQL status: OK in 0.000 seconds
[0m18:55:42.679871 [debug] [ThreadPool]: On list_VENDAS: Close
[0m18:55:42.682532 [debug] [ThreadPool]: Acquiring new sqlserver connection 'list_VENDAS_dbo'
[0m18:55:42.688503 [debug] [ThreadPool]: dbt-sqlserver
[0m18:55:42.689463 [debug] [ThreadPool]: Using sqlserver connection "list_VENDAS_dbo"
[0m18:55:42.689857 [debug] [ThreadPool]: On list_VENDAS_dbo: /* {"app": "dbt", "dbt_version": "1.12.3", "profile_name": "dbt_vendas", "target_name": "dev", "connection_name": "list_VENDAS_dbo"} */
USE [VENDAS];
    declare @schema_id int = schema_id('dbo');
    select
      DB_NAME() as [database],
      t.name as [name],
      'dbo' as [schema],
      'table' as table_type
    from sys.tables as t with (nolock)
    where t.schema_id = @schema_id
    union all
    select
      DB_NAME() as [database],
      v.name as [name],
      'dbo' as [schema],
      'view' as table_type
    from sys.views as v with (nolock)
    where v.schema_id = @schema_id
    
    OPTION (LABEL = 'dbt-sqlserver');

  
[0m18:55:42.690113 [debug] [ThreadPool]: Opening a new connection, currently in state init
[0m18:55:42.690440 [debug] [ThreadPool]: sqlserver adapter: Using connection string: DRIVER={ODBC Driver 18 for SQL Server};SERVER=DESKTOP-DUBDQD2,1433;Database=VENDAS;Trusted_Connection=yes;encrypt=No;TrustServerCertificate=Yes;APP=dbt-sqlserver/1.11.1;Pooling=true;SQL_ATTR_TRACE=SQL_OPT_TRACE_OFF;ConnectRetryCount=3;ConnectRetryInterval=10
[0m18:55:42.690798 [debug] [ThreadPool]: sqlserver adapter: Connected to db: VENDAS
[0m18:55:42.755594 [debug] [ThreadPool]: SQL status: OK in 0.000 seconds
[0m18:55:42.757125 [debug] [ThreadPool]: On list_VENDAS_dbo: ROLLBACK
[0m18:55:42.757431 [debug] [ThreadPool]: On list_VENDAS_dbo: Close
[0m18:55:42.759260 [debug] [MainThread]: Sending event: {'category': 'dbt', 'action': 'runnable_timing', 'label': '97133950-3efa-4aab-8730-c32ca1e0be3f', 'context': [<snowplow_tracker.self_describing_json.SelfDescribingJson object at 0x0000023CF67BAFC0>]}
[0m18:55:42.759914 [debug] [MainThread]: On master: COMMIT
[0m18:55:42.764041 [debug] [Thread-1 (]: Began running node model.dbt_vendas.staging_vendas
[0m18:55:42.764806 [info ] [Thread-1 (]: 1 of 10 START sql view model dbo.staging_vendas ................................ [RUN]
[0m18:55:42.765819 [debug] [Thread-1 (]: Acquiring new sqlserver connection 'model.dbt_vendas.staging_vendas'
[0m18:55:42.766290 [debug] [Thread-1 (]: Began compiling node model.dbt_vendas.staging_vendas
[0m18:55:42.772693 [debug] [Thread-1 (]: Writing injected SQL for node "model.dbt_vendas.staging_vendas"
[0m18:55:42.773820 [debug] [Thread-1 (]: Began executing node model.dbt_vendas.staging_vendas
[0m18:55:42.809611 [debug] [Thread-1 (]: Using sqlserver connection "model.dbt_vendas.staging_vendas"
[0m18:55:42.810263 [debug] [Thread-1 (]: On model.dbt_vendas.staging_vendas: /* {"app": "dbt", "dbt_version": "1.12.3", "profile_name": "dbt_vendas", "target_name": "dev", "node_id": "model.dbt_vendas.staging_vendas"} */

    USE [VENDAS];
  select object_definition(object_id(quotename('dbo') + '.' + quotename('staging_vendas'), 'V')) as definition
  where object_id(quotename('dbo') + '.' + quotename('staging_vendas'), 'V') is not null

  
[0m18:55:42.810639 [debug] [Thread-1 (]: Opening a new connection, currently in state init
[0m18:55:42.811064 [debug] [Thread-1 (]: sqlserver adapter: Using connection string: DRIVER={ODBC Driver 18 for SQL Server};SERVER=DESKTOP-DUBDQD2,1433;Database=VENDAS;Trusted_Connection=yes;encrypt=No;TrustServerCertificate=Yes;APP=dbt-sqlserver/1.11.1;Pooling=true;SQL_ATTR_TRACE=SQL_OPT_TRACE_OFF;ConnectRetryCount=3;ConnectRetryInterval=10
[0m18:55:42.814889 [debug] [Thread-1 (]: sqlserver adapter: Connected to db: VENDAS
[0m18:55:42.818773 [debug] [Thread-1 (]: SQL status: OK in 0.000 seconds
[0m18:55:42.825584 [debug] [Thread-1 (]: Writing runtime sql for node "model.dbt_vendas.staging_vendas"
[0m18:55:42.827387 [debug] [Thread-1 (]: Using sqlserver connection "model.dbt_vendas.staging_vendas"
[0m18:55:42.828119 [debug] [Thread-1 (]: On model.dbt_vendas.staging_vendas: /* {"app": "dbt", "dbt_version": "1.12.3", "profile_name": "dbt_vendas", "target_name": "dev", "node_id": "model.dbt_vendas.staging_vendas"} */
declare @dbt_sqlserver_noop int;
[0m18:55:42.828973 [debug] [Thread-1 (]: SQL status: OK in 0.000 seconds
[0m18:55:42.847468 [debug] [Thread-1 (]: On model.dbt_vendas.staging_vendas: COMMIT
[0m18:55:42.853736 [debug] [Thread-1 (]: Applying DROP to: "VENDAS"."dbo"."staging_vendas__dbt_backup"
[0m18:55:42.863666 [debug] [Thread-1 (]: dbt-sqlserver
[0m18:55:42.864344 [debug] [Thread-1 (]: Using sqlserver connection "model.dbt_vendas.staging_vendas"
[0m18:55:42.864762 [debug] [Thread-1 (]: On model.dbt_vendas.staging_vendas: /* {"app": "dbt", "dbt_version": "1.12.3", "profile_name": "dbt_vendas", "target_name": "dev", "node_id": "model.dbt_vendas.staging_vendas"} */

        USE [VENDAS];
        select
            sch.name as schema_name,
            obj.name as view_name
        from sys.sql_expression_dependencies refs with (nolock)
        inner join sys.objects obj with (nolock)
        on refs.referencing_id = obj.object_id
        inner join sys.schemas sch with (nolock)
        on obj.schema_id = sch.schema_id
        where refs.referenced_database_name = 'VENDAS'
        and refs.referenced_schema_name = 'dbo'
        and refs.referenced_entity_name = 'staging_vendas__dbt_backup'
        and obj.type = 'V'
        
    OPTION (LABEL = 'dbt-sqlserver');

      
[0m18:55:42.887327 [debug] [Thread-1 (]: SQL status: OK in 0.000 seconds
[0m18:55:42.889617 [debug] [Thread-1 (]: Using sqlserver connection "model.dbt_vendas.staging_vendas"
[0m18:55:42.890037 [debug] [Thread-1 (]: On model.dbt_vendas.staging_vendas: /* {"app": "dbt", "dbt_version": "1.12.3", "profile_name": "dbt_vendas", "target_name": "dev", "node_id": "model.dbt_vendas.staging_vendas"} */

      
      
    
    USE [VENDAS];
    EXEC('DROP view IF EXISTS "dbo"."staging_vendas__dbt_backup";');

[0m18:55:42.890894 [debug] [Thread-1 (]: SQL status: OK in 0.000 seconds
[0m18:55:42.893234 [debug] [Thread-1 (]: On model.dbt_vendas.staging_vendas: Close
[0m18:55:42.896050 [debug] [Thread-1 (]: Sending event: {'category': 'dbt', 'action': 'run_model', 'label': '97133950-3efa-4aab-8730-c32ca1e0be3f', 'context': [<snowplow_tracker.self_describing_json.SelfDescribingJson object at 0x0000023CF739ECB0>]}
[0m18:55:42.896757 [info ] [Thread-1 (]: 1 of 10 OK created sql view model dbo.staging_vendas ........................... [[32mOK[0m in 0.13s]
[0m18:55:42.897319 [debug] [Thread-1 (]: Finished running node model.dbt_vendas.staging_vendas
[0m18:55:42.898163 [debug] [Thread-2 (]: Began running node model.dbt_vendas.intermediate_vendas_enriquecidas
[0m18:55:42.899073 [info ] [Thread-2 (]: 2 of 10 START sql view model dbo.intermediate_vendas_enriquecidas .............. [RUN]
[0m18:55:42.900203 [debug] [Thread-2 (]: Acquiring new sqlserver connection 'model.dbt_vendas.intermediate_vendas_enriquecidas'
[0m18:55:42.900603 [debug] [Thread-2 (]: Began compiling node model.dbt_vendas.intermediate_vendas_enriquecidas
[0m18:55:42.902982 [debug] [Thread-2 (]: Writing injected SQL for node "model.dbt_vendas.intermediate_vendas_enriquecidas"
[0m18:55:42.904758 [debug] [Thread-2 (]: Began executing node model.dbt_vendas.intermediate_vendas_enriquecidas
[0m18:55:42.918053 [debug] [Thread-2 (]: Writing runtime sql for node "model.dbt_vendas.intermediate_vendas_enriquecidas"
[0m18:55:42.919234 [debug] [Thread-2 (]: Using sqlserver connection "model.dbt_vendas.intermediate_vendas_enriquecidas"
[0m18:55:42.919600 [debug] [Thread-2 (]: On model.dbt_vendas.intermediate_vendas_enriquecidas: /* {"app": "dbt", "dbt_version": "1.12.3", "profile_name": "dbt_vendas", "target_name": "dev", "node_id": "model.dbt_vendas.intermediate_vendas_enriquecidas"} */
USE [VENDAS];
    
    

    

    USE [VENDAS];
    EXEC('
        CREATE OR ALTER VIEW "dbo"."intermediate_vendas_enriquecidas" AS SELECT
    B.[Id_Compra] AS id_compra,
    B.[Data] AS data_hora,
    CAST(B.[Data] AS DATE) AS data_venda,
    YEAR(B.[Data]) AS ano_venda,
    MONTH(B.[Data]) AS mes_venda,
    DATENAME(MONTH, B.[Data]) AS nome_mes,
    DATEPART(QUARTER, B.[Data]) AS trimestre,
    B.[Loja] AS loja,
    C.[Cidade] AS cidade,
    C.[Estado] AS sigla_estado,
    R.[estado] AS nome_estado,
    R.[regiao] AS regiao,
    R.[ordem_regiao] AS ordem_regiao,
    B.[Vendedor] AS vendedor,
    B.[Produto] AS produto,
    P.[ID] AS produto_id,
    P.[Preço] AS preco,
    B.[Cliente_Nome] AS cliente_nome,
    B.[Cliente_Genero] AS cliente_genero,
    B.[Forma_Pagto] AS forma_pagto
FROM "VENDAS"."dbo"."staging_vendas" AS B
LEFT JOIN "VENDAS"."dbo"."lojas" AS C
    ON B.[Loja] = C.[Cidade]
LEFT JOIN "VENDAS"."dbo"."seed_regioes_estados" AS R
    ON C.[Estado] = R.[sigla]
LEFT JOIN "VENDAS"."dbo"."produtos" AS P
    ON B.[Produto] = P.[Produto];
    ')


[0m18:55:42.919914 [debug] [Thread-2 (]: Opening a new connection, currently in state init
[0m18:55:42.920305 [debug] [Thread-2 (]: sqlserver adapter: Using connection string: DRIVER={ODBC Driver 18 for SQL Server};SERVER=DESKTOP-DUBDQD2,1433;Database=VENDAS;Trusted_Connection=yes;encrypt=No;TrustServerCertificate=Yes;APP=dbt-sqlserver/1.11.1;Pooling=true;SQL_ATTR_TRACE=SQL_OPT_TRACE_OFF;ConnectRetryCount=3;ConnectRetryInterval=10
[0m18:55:42.920773 [debug] [Thread-2 (]: sqlserver adapter: Connected to db: VENDAS
[0m18:55:42.931172 [debug] [Thread-2 (]: SQL status: OK in 0.000 seconds
[0m18:55:42.933579 [debug] [Thread-2 (]: On model.dbt_vendas.intermediate_vendas_enriquecidas: COMMIT
[0m18:55:42.935167 [debug] [Thread-2 (]: Applying DROP to: "VENDAS"."dbo"."intermediate_vendas_enriquecidas__dbt_backup"
[0m18:55:42.936119 [debug] [Thread-2 (]: dbt-sqlserver
[0m18:55:42.936653 [debug] [Thread-2 (]: Using sqlserver connection "model.dbt_vendas.intermediate_vendas_enriquecidas"
[0m18:55:42.936987 [debug] [Thread-2 (]: On model.dbt_vendas.intermediate_vendas_enriquecidas: /* {"app": "dbt", "dbt_version": "1.12.3", "profile_name": "dbt_vendas", "target_name": "dev", "node_id": "model.dbt_vendas.intermediate_vendas_enriquecidas"} */

        USE [VENDAS];
        select
            sch.name as schema_name,
            obj.name as view_name
        from sys.sql_expression_dependencies refs with (nolock)
        inner join sys.objects obj with (nolock)
        on refs.referencing_id = obj.object_id
        inner join sys.schemas sch with (nolock)
        on obj.schema_id = sch.schema_id
        where refs.referenced_database_name = 'VENDAS'
        and refs.referenced_schema_name = 'dbo'
        and refs.referenced_entity_name = 'intermediate_vendas_enriquecidas__dbt_backup'
        and obj.type = 'V'
        
    OPTION (LABEL = 'dbt-sqlserver');

      
[0m18:55:42.953794 [debug] [Thread-2 (]: SQL status: OK in 0.000 seconds
[0m18:55:42.956037 [debug] [Thread-2 (]: Using sqlserver connection "model.dbt_vendas.intermediate_vendas_enriquecidas"
[0m18:55:42.956507 [debug] [Thread-2 (]: On model.dbt_vendas.intermediate_vendas_enriquecidas: /* {"app": "dbt", "dbt_version": "1.12.3", "profile_name": "dbt_vendas", "target_name": "dev", "node_id": "model.dbt_vendas.intermediate_vendas_enriquecidas"} */

      
      
    
    USE [VENDAS];
    EXEC('DROP view IF EXISTS "dbo"."intermediate_vendas_enriquecidas__dbt_backup";');

[0m18:55:42.957401 [debug] [Thread-2 (]: SQL status: OK in 0.000 seconds
[0m18:55:42.958494 [debug] [Thread-2 (]: On model.dbt_vendas.intermediate_vendas_enriquecidas: Close
[0m18:55:42.959062 [debug] [Thread-2 (]: Sending event: {'category': 'dbt', 'action': 'run_model', 'label': '97133950-3efa-4aab-8730-c32ca1e0be3f', 'context': [<snowplow_tracker.self_describing_json.SelfDescribingJson object at 0x0000023CF7048DD0>]}
[0m18:55:42.959957 [info ] [Thread-2 (]: 2 of 10 OK created sql view model dbo.intermediate_vendas_enriquecidas ......... [[32mOK[0m in 0.06s]
[0m18:55:42.960785 [debug] [Thread-2 (]: Finished running node model.dbt_vendas.intermediate_vendas_enriquecidas
[0m18:55:42.961655 [debug] [Thread-1 (]: Began running node model.dbt_vendas.intermediate_faturamento
[0m18:55:42.962027 [debug] [Thread-4 (]: Began running node model.dbt_vendas.intermediate_estados
[0m18:55:42.963159 [info ] [Thread-1 (]: 5 of 10 START sql view model dbo.intermediate_faturamento ...................... [RUN]
[0m18:55:42.963995 [debug] [Thread-1 (]: Re-using an available connection from the pool (formerly model.dbt_vendas.staging_vendas, now model.dbt_vendas.intermediate_faturamento)
[0m18:55:42.962407 [debug] [Thread-2 (]: Began running node model.dbt_vendas.marts_faturamento_forma_pgto
[0m18:55:42.964368 [debug] [Thread-1 (]: Began compiling node model.dbt_vendas.intermediate_faturamento
[0m18:55:42.962732 [debug] [Thread-3 (]: Began running node model.dbt_vendas.intermediate_datas
[0m18:55:42.963551 [info ] [Thread-4 (]: 4 of 10 START sql view model dbo.intermediate_estados .......................... [RUN]
[0m18:55:42.965103 [info ] [Thread-2 (]: 6 of 10 START sql view model dbo.marts_faturamento_forma_pgto .................. [RUN]
[0m18:55:42.968422 [debug] [Thread-1 (]: Writing injected SQL for node "model.dbt_vendas.intermediate_faturamento"
[0m18:55:42.969594 [debug] [Thread-4 (]: Acquiring new sqlserver connection 'model.dbt_vendas.intermediate_estados'
[0m18:55:42.970839 [debug] [Thread-4 (]: Began compiling node model.dbt_vendas.intermediate_estados
[0m18:55:42.970175 [debug] [Thread-2 (]: Re-using an available connection from the pool (formerly model.dbt_vendas.intermediate_vendas_enriquecidas, now model.dbt_vendas.marts_faturamento_forma_pgto)
[0m18:55:42.969095 [info ] [Thread-3 (]: 3 of 10 START sql view model dbo.intermediate_datas ............................ [RUN]
[0m18:55:42.974464 [debug] [Thread-3 (]: Acquiring new sqlserver connection 'model.dbt_vendas.intermediate_datas'
[0m18:55:42.974867 [debug] [Thread-3 (]: Began compiling node model.dbt_vendas.intermediate_datas
[0m18:55:42.973976 [debug] [Thread-2 (]: Began compiling node model.dbt_vendas.marts_faturamento_forma_pgto
[0m18:55:42.975222 [debug] [Thread-1 (]: Began executing node model.dbt_vendas.intermediate_faturamento
[0m18:55:42.973520 [debug] [Thread-4 (]: Writing injected SQL for node "model.dbt_vendas.intermediate_estados"
[0m18:55:42.978420 [debug] [Thread-3 (]: Writing injected SQL for node "model.dbt_vendas.intermediate_datas"
[0m18:55:42.980601 [debug] [Thread-2 (]: Writing injected SQL for node "model.dbt_vendas.marts_faturamento_forma_pgto"
[0m18:55:42.984210 [debug] [Thread-1 (]: Using sqlserver connection "model.dbt_vendas.intermediate_faturamento"
[0m18:55:42.985126 [debug] [Thread-1 (]: On model.dbt_vendas.intermediate_faturamento: /* {"app": "dbt", "dbt_version": "1.12.3", "profile_name": "dbt_vendas", "target_name": "dev", "node_id": "model.dbt_vendas.intermediate_faturamento"} */

    USE [VENDAS];
  select object_definition(object_id(quotename('dbo') + '.' + quotename('intermediate_faturamento'), 'V')) as definition
  where object_id(quotename('dbo') + '.' + quotename('intermediate_faturamento'), 'V') is not null

  
[0m18:55:42.985520 [debug] [Thread-1 (]: Opening a new connection, currently in state closed
[0m18:55:42.985945 [debug] [Thread-1 (]: sqlserver adapter: Using connection string: DRIVER={ODBC Driver 18 for SQL Server};SERVER=DESKTOP-DUBDQD2,1433;Database=VENDAS;Trusted_Connection=yes;encrypt=No;TrustServerCertificate=Yes;APP=dbt-sqlserver/1.11.1;Pooling=true;SQL_ATTR_TRACE=SQL_OPT_TRACE_OFF;ConnectRetryCount=3;ConnectRetryInterval=10
[0m18:55:42.986368 [debug] [Thread-4 (]: Began executing node model.dbt_vendas.intermediate_estados
[0m18:55:42.990377 [debug] [Thread-4 (]: Using sqlserver connection "model.dbt_vendas.intermediate_estados"
[0m18:55:42.991379 [debug] [Thread-4 (]: On model.dbt_vendas.intermediate_estados: /* {"app": "dbt", "dbt_version": "1.12.3", "profile_name": "dbt_vendas", "target_name": "dev", "node_id": "model.dbt_vendas.intermediate_estados"} */

    USE [VENDAS];
  select object_definition(object_id(quotename('dbo') + '.' + quotename('intermediate_estados'), 'V')) as definition
  where object_id(quotename('dbo') + '.' + quotename('intermediate_estados'), 'V') is not null

  
[0m18:55:42.992132 [debug] [Thread-4 (]: Opening a new connection, currently in state init
[0m18:55:42.992655 [debug] [Thread-4 (]: sqlserver adapter: Using connection string: DRIVER={ODBC Driver 18 for SQL Server};SERVER=DESKTOP-DUBDQD2,1433;Database=VENDAS;Trusted_Connection=yes;encrypt=No;TrustServerCertificate=Yes;APP=dbt-sqlserver/1.11.1;Pooling=true;SQL_ATTR_TRACE=SQL_OPT_TRACE_OFF;ConnectRetryCount=3;ConnectRetryInterval=10
[0m18:55:42.990990 [debug] [Thread-3 (]: Began executing node model.dbt_vendas.intermediate_datas
[0m18:55:42.995952 [debug] [Thread-3 (]: Using sqlserver connection "model.dbt_vendas.intermediate_datas"
[0m18:55:42.996754 [debug] [Thread-3 (]: On model.dbt_vendas.intermediate_datas: /* {"app": "dbt", "dbt_version": "1.12.3", "profile_name": "dbt_vendas", "target_name": "dev", "node_id": "model.dbt_vendas.intermediate_datas"} */

    USE [VENDAS];
  select object_definition(object_id(quotename('dbo') + '.' + quotename('intermediate_datas'), 'V')) as definition
  where object_id(quotename('dbo') + '.' + quotename('intermediate_datas'), 'V') is not null

  
[0m18:55:42.991819 [debug] [Thread-1 (]: sqlserver adapter: Connected to db: VENDAS
[0m18:55:42.997101 [debug] [Thread-4 (]: sqlserver adapter: Connected to db: VENDAS
[0m18:55:42.996411 [debug] [Thread-2 (]: Began executing node model.dbt_vendas.marts_faturamento_forma_pgto
[0m18:55:43.001150 [debug] [Thread-2 (]: Writing runtime sql for node "model.dbt_vendas.marts_faturamento_forma_pgto"
[0m18:55:42.997397 [debug] [Thread-3 (]: Opening a new connection, currently in state init
[0m18:55:43.001890 [debug] [Thread-3 (]: sqlserver adapter: Using connection string: DRIVER={ODBC Driver 18 for SQL Server};SERVER=DESKTOP-DUBDQD2,1433;Database=VENDAS;Trusted_Connection=yes;encrypt=No;TrustServerCertificate=Yes;APP=dbt-sqlserver/1.11.1;Pooling=true;SQL_ATTR_TRACE=SQL_OPT_TRACE_OFF;ConnectRetryCount=3;ConnectRetryInterval=10
[0m18:55:43.003025 [debug] [Thread-2 (]: Using sqlserver connection "model.dbt_vendas.marts_faturamento_forma_pgto"
[0m18:55:43.003556 [debug] [Thread-2 (]: On model.dbt_vendas.marts_faturamento_forma_pgto: /* {"app": "dbt", "dbt_version": "1.12.3", "profile_name": "dbt_vendas", "target_name": "dev", "node_id": "model.dbt_vendas.marts_faturamento_forma_pgto"} */
USE [VENDAS];
    
    

    

    USE [VENDAS];
    EXEC('
        CREATE OR ALTER VIEW "dbo"."marts_faturamento_forma_pgto" AS SELECT
    forma_pagto,
    COUNT(*) AS quantidade_vendas,
    SUM(preco) AS faturamento_total
FROM "VENDAS"."dbo"."intermediate_vendas_enriquecidas"
GROUP BY forma_pagto;
    ')


[0m18:55:43.004063 [debug] [Thread-2 (]: Opening a new connection, currently in state closed
[0m18:55:43.005323 [debug] [Thread-2 (]: sqlserver adapter: Using connection string: DRIVER={ODBC Driver 18 for SQL Server};SERVER=DESKTOP-DUBDQD2,1433;Database=VENDAS;Trusted_Connection=yes;encrypt=No;TrustServerCertificate=Yes;APP=dbt-sqlserver/1.11.1;Pooling=true;SQL_ATTR_TRACE=SQL_OPT_TRACE_OFF;ConnectRetryCount=3;ConnectRetryInterval=10
[0m18:55:43.004600 [debug] [Thread-4 (]: SQL status: OK in 0.000 seconds
[0m18:55:43.007313 [debug] [Thread-3 (]: sqlserver adapter: Connected to db: VENDAS
[0m18:55:43.008951 [debug] [Thread-4 (]: Writing runtime sql for node "model.dbt_vendas.intermediate_estados"
[0m18:55:43.010456 [debug] [Thread-2 (]: sqlserver adapter: Connected to db: VENDAS
[0m18:55:43.009718 [debug] [Thread-1 (]: SQL status: OK in 0.000 seconds
[0m18:55:43.013362 [debug] [Thread-1 (]: Writing runtime sql for node "model.dbt_vendas.intermediate_faturamento"
[0m18:55:43.013941 [debug] [Thread-3 (]: SQL status: OK in 0.000 seconds
[0m18:55:43.014486 [debug] [Thread-4 (]: Using sqlserver connection "model.dbt_vendas.intermediate_estados"
[0m18:55:43.015099 [debug] [Thread-4 (]: On model.dbt_vendas.intermediate_estados: /* {"app": "dbt", "dbt_version": "1.12.3", "profile_name": "dbt_vendas", "target_name": "dev", "node_id": "model.dbt_vendas.intermediate_estados"} */
USE [VENDAS];
    
    

    

    USE [VENDAS];
    EXEC('
        CREATE OR ALTER VIEW "dbo"."intermediate_estados" AS SELECT DISTINCT
    sigla_estado,
    nome_estado,
    regiao,
    ordem_regiao
FROM "VENDAS"."dbo"."intermediate_vendas_enriquecidas";
    ')


[0m18:55:43.016911 [debug] [Thread-1 (]: Using sqlserver connection "model.dbt_vendas.intermediate_faturamento"
[0m18:55:43.017491 [debug] [Thread-1 (]: On model.dbt_vendas.intermediate_faturamento: /* {"app": "dbt", "dbt_version": "1.12.3", "profile_name": "dbt_vendas", "target_name": "dev", "node_id": "model.dbt_vendas.intermediate_faturamento"} */
USE [VENDAS];
    
    

    

    USE [VENDAS];
    EXEC('
        CREATE OR ALTER VIEW "dbo"."intermediate_faturamento" AS SELECT
    id_compra,
    produto,
    preco,
    forma_pagto,
    data_hora,
    vendedor,
    loja
FROM "VENDAS"."dbo"."intermediate_vendas_enriquecidas";
    ')


[0m18:55:43.018948 [debug] [Thread-3 (]: Writing runtime sql for node "model.dbt_vendas.intermediate_datas"
[0m18:55:43.019893 [debug] [Thread-3 (]: Using sqlserver connection "model.dbt_vendas.intermediate_datas"
[0m18:55:43.020401 [debug] [Thread-3 (]: On model.dbt_vendas.intermediate_datas: /* {"app": "dbt", "dbt_version": "1.12.3", "profile_name": "dbt_vendas", "target_name": "dev", "node_id": "model.dbt_vendas.intermediate_datas"} */
USE [VENDAS];
    
    

    

    USE [VENDAS];
    EXEC('
        CREATE OR ALTER VIEW "dbo"."intermediate_datas" AS SELECT
	id_compra,
	data_hora,
	data_venda,
	ano_venda,
	mes_venda,
	nome_mes,
	trimestre,
	preco
FROM "VENDAS"."dbo"."intermediate_vendas_enriquecidas";
    ')


[0m18:55:43.021113 [debug] [Thread-2 (]: SQL status: OK in 0.000 seconds
[0m18:55:43.023387 [debug] [Thread-2 (]: On model.dbt_vendas.marts_faturamento_forma_pgto: COMMIT
[0m18:55:43.024901 [debug] [Thread-2 (]: Applying DROP to: "VENDAS"."dbo"."marts_faturamento_forma_pgto__dbt_backup"
[0m18:55:43.026144 [debug] [Thread-2 (]: dbt-sqlserver
[0m18:55:43.028270 [debug] [Thread-2 (]: Using sqlserver connection "model.dbt_vendas.marts_faturamento_forma_pgto"
[0m18:55:43.027165 [debug] [Thread-1 (]: SQL status: OK in 0.000 seconds
[0m18:55:43.027498 [debug] [Thread-3 (]: SQL status: OK in 0.000 seconds
[0m18:55:43.026769 [debug] [Thread-4 (]: SQL status: OK in 0.000 seconds
[0m18:55:43.028652 [debug] [Thread-2 (]: On model.dbt_vendas.marts_faturamento_forma_pgto: /* {"app": "dbt", "dbt_version": "1.12.3", "profile_name": "dbt_vendas", "target_name": "dev", "node_id": "model.dbt_vendas.marts_faturamento_forma_pgto"} */

        USE [VENDAS];
        select
            sch.name as schema_name,
            obj.name as view_name
        from sys.sql_expression_dependencies refs with (nolock)
        inner join sys.objects obj with (nolock)
        on refs.referencing_id = obj.object_id
        inner join sys.schemas sch with (nolock)
        on obj.schema_id = sch.schema_id
        where refs.referenced_database_name = 'VENDAS'
        and refs.referenced_schema_name = 'dbo'
        and refs.referenced_entity_name = 'marts_faturamento_forma_pgto__dbt_backup'
        and obj.type = 'V'
        
    OPTION (LABEL = 'dbt-sqlserver');

      
[0m18:55:43.031133 [debug] [Thread-1 (]: On model.dbt_vendas.intermediate_faturamento: COMMIT
[0m18:55:43.034309 [debug] [Thread-1 (]: Applying DROP to: "VENDAS"."dbo"."intermediate_faturamento__dbt_backup"
[0m18:55:43.032347 [debug] [Thread-3 (]: On model.dbt_vendas.intermediate_datas: COMMIT
[0m18:55:43.035355 [debug] [Thread-1 (]: dbt-sqlserver
[0m18:55:43.036290 [debug] [Thread-4 (]: On model.dbt_vendas.intermediate_estados: COMMIT
[0m18:55:43.039197 [debug] [Thread-3 (]: Applying DROP to: "VENDAS"."dbo"."intermediate_datas__dbt_backup"
[0m18:55:43.040450 [debug] [Thread-1 (]: Using sqlserver connection "model.dbt_vendas.intermediate_faturamento"
[0m18:55:43.041976 [debug] [Thread-4 (]: Applying DROP to: "VENDAS"."dbo"."intermediate_estados__dbt_backup"
[0m18:55:43.046414 [debug] [Thread-4 (]: dbt-sqlserver
[0m18:55:43.045010 [debug] [Thread-1 (]: On model.dbt_vendas.intermediate_faturamento: /* {"app": "dbt", "dbt_version": "1.12.3", "profile_name": "dbt_vendas", "target_name": "dev", "node_id": "model.dbt_vendas.intermediate_faturamento"} */

        USE [VENDAS];
        select
            sch.name as schema_name,
            obj.name as view_name
        from sys.sql_expression_dependencies refs with (nolock)
        inner join sys.objects obj with (nolock)
        on refs.referencing_id = obj.object_id
        inner join sys.schemas sch with (nolock)
        on obj.schema_id = sch.schema_id
        where refs.referenced_database_name = 'VENDAS'
        and refs.referenced_schema_name = 'dbo'
        and refs.referenced_entity_name = 'intermediate_faturamento__dbt_backup'
        and obj.type = 'V'
        
    OPTION (LABEL = 'dbt-sqlserver');

      
[0m18:55:43.044053 [debug] [Thread-3 (]: dbt-sqlserver
[0m18:55:43.047770 [debug] [Thread-3 (]: Using sqlserver connection "model.dbt_vendas.intermediate_datas"
[0m18:55:43.048225 [debug] [Thread-3 (]: On model.dbt_vendas.intermediate_datas: /* {"app": "dbt", "dbt_version": "1.12.3", "profile_name": "dbt_vendas", "target_name": "dev", "node_id": "model.dbt_vendas.intermediate_datas"} */

        USE [VENDAS];
        select
            sch.name as schema_name,
            obj.name as view_name
        from sys.sql_expression_dependencies refs with (nolock)
        inner join sys.objects obj with (nolock)
        on refs.referencing_id = obj.object_id
        inner join sys.schemas sch with (nolock)
        on obj.schema_id = sch.schema_id
        where refs.referenced_database_name = 'VENDAS'
        and refs.referenced_schema_name = 'dbo'
        and refs.referenced_entity_name = 'intermediate_datas__dbt_backup'
        and obj.type = 'V'
        
    OPTION (LABEL = 'dbt-sqlserver');

      
[0m18:55:43.047030 [debug] [Thread-4 (]: Using sqlserver connection "model.dbt_vendas.intermediate_estados"
[0m18:55:43.048965 [debug] [Thread-4 (]: On model.dbt_vendas.intermediate_estados: /* {"app": "dbt", "dbt_version": "1.12.3", "profile_name": "dbt_vendas", "target_name": "dev", "node_id": "model.dbt_vendas.intermediate_estados"} */

        USE [VENDAS];
        select
            sch.name as schema_name,
            obj.name as view_name
        from sys.sql_expression_dependencies refs with (nolock)
        inner join sys.objects obj with (nolock)
        on refs.referencing_id = obj.object_id
        inner join sys.schemas sch with (nolock)
        on obj.schema_id = sch.schema_id
        where refs.referenced_database_name = 'VENDAS'
        and refs.referenced_schema_name = 'dbo'
        and refs.referenced_entity_name = 'intermediate_estados__dbt_backup'
        and obj.type = 'V'
        
    OPTION (LABEL = 'dbt-sqlserver');

      
[0m18:55:43.052084 [debug] [Thread-2 (]: SQL status: OK in 0.000 seconds
[0m18:55:43.054874 [debug] [Thread-2 (]: Using sqlserver connection "model.dbt_vendas.marts_faturamento_forma_pgto"
[0m18:55:43.055609 [debug] [Thread-2 (]: On model.dbt_vendas.marts_faturamento_forma_pgto: /* {"app": "dbt", "dbt_version": "1.12.3", "profile_name": "dbt_vendas", "target_name": "dev", "node_id": "model.dbt_vendas.marts_faturamento_forma_pgto"} */

      
      
    
    USE [VENDAS];
    EXEC('DROP view IF EXISTS "dbo"."marts_faturamento_forma_pgto__dbt_backup";');

[0m18:55:43.060944 [debug] [Thread-2 (]: SQL status: OK in 0.000 seconds
[0m18:55:43.063018 [debug] [Thread-2 (]: On model.dbt_vendas.marts_faturamento_forma_pgto: Close
[0m18:55:43.063604 [debug] [Thread-2 (]: Sending event: {'category': 'dbt', 'action': 'run_model', 'label': '97133950-3efa-4aab-8730-c32ca1e0be3f', 'context': [<snowplow_tracker.self_describing_json.SelfDescribingJson object at 0x0000023CF734EF20>]}
[0m18:55:43.064137 [info ] [Thread-2 (]: 6 of 10 OK created sql view model dbo.marts_faturamento_forma_pgto ............. [[32mOK[0m in 0.09s]
[0m18:55:43.064939 [debug] [Thread-2 (]: Finished running node model.dbt_vendas.marts_faturamento_forma_pgto
[0m18:55:43.065587 [debug] [Thread-2 (]: Began running node model.dbt_vendas.marts_faturamento_produto
[0m18:55:43.066295 [info ] [Thread-2 (]: 7 of 10 START sql view model dbo.marts_faturamento_produto ..................... [RUN]
[0m18:55:43.067174 [debug] [Thread-2 (]: Re-using an available connection from the pool (formerly model.dbt_vendas.marts_faturamento_forma_pgto, now model.dbt_vendas.marts_faturamento_produto)
[0m18:55:43.067815 [debug] [Thread-2 (]: Began compiling node model.dbt_vendas.marts_faturamento_produto
[0m18:55:43.070749 [debug] [Thread-2 (]: Writing injected SQL for node "model.dbt_vendas.marts_faturamento_produto"
[0m18:55:43.071792 [debug] [Thread-4 (]: SQL status: OK in 0.000 seconds
[0m18:55:43.073810 [debug] [Thread-4 (]: Using sqlserver connection "model.dbt_vendas.intermediate_estados"
[0m18:55:43.074217 [debug] [Thread-4 (]: On model.dbt_vendas.intermediate_estados: /* {"app": "dbt", "dbt_version": "1.12.3", "profile_name": "dbt_vendas", "target_name": "dev", "node_id": "model.dbt_vendas.intermediate_estados"} */

      
      
    
    USE [VENDAS];
    EXEC('DROP view IF EXISTS "dbo"."intermediate_estados__dbt_backup";');

[0m18:55:43.074604 [debug] [Thread-2 (]: Began executing node model.dbt_vendas.marts_faturamento_produto
[0m18:55:43.078980 [debug] [Thread-2 (]: Writing runtime sql for node "model.dbt_vendas.marts_faturamento_produto"
[0m18:55:43.080239 [debug] [Thread-2 (]: Using sqlserver connection "model.dbt_vendas.marts_faturamento_produto"
[0m18:55:43.080972 [debug] [Thread-2 (]: On model.dbt_vendas.marts_faturamento_produto: /* {"app": "dbt", "dbt_version": "1.12.3", "profile_name": "dbt_vendas", "target_name": "dev", "node_id": "model.dbt_vendas.marts_faturamento_produto"} */
USE [VENDAS];
    
    

    

    USE [VENDAS];
    EXEC('
        CREATE OR ALTER VIEW "dbo"."marts_faturamento_produto" AS SELECT
    produto,
    COUNT(*) AS quantidade_vendas,
    SUM(preco) AS faturamento_total,
    AVG(preco) AS preco_medio
FROM "VENDAS"."dbo"."intermediate_vendas_enriquecidas"
GROUP BY produto;
    ')


[0m18:55:43.081304 [debug] [Thread-2 (]: Opening a new connection, currently in state closed
[0m18:55:43.081766 [debug] [Thread-2 (]: sqlserver adapter: Using connection string: DRIVER={ODBC Driver 18 for SQL Server};SERVER=DESKTOP-DUBDQD2,1433;Database=VENDAS;Trusted_Connection=yes;encrypt=No;TrustServerCertificate=Yes;APP=dbt-sqlserver/1.11.1;Pooling=true;SQL_ATTR_TRACE=SQL_OPT_TRACE_OFF;ConnectRetryCount=3;ConnectRetryInterval=10
[0m18:55:43.080644 [debug] [Thread-4 (]: SQL status: OK in 0.000 seconds
[0m18:55:43.083295 [debug] [Thread-2 (]: sqlserver adapter: Connected to db: VENDAS
[0m18:55:43.085359 [debug] [Thread-4 (]: On model.dbt_vendas.intermediate_estados: Close
[0m18:55:43.084131 [debug] [Thread-1 (]: SQL status: OK in 0.000 seconds
[0m18:55:43.085831 [debug] [Thread-3 (]: SQL status: OK in 0.000 seconds
[0m18:55:43.086324 [debug] [Thread-4 (]: Sending event: {'category': 'dbt', 'action': 'run_model', 'label': '97133950-3efa-4aab-8730-c32ca1e0be3f', 'context': [<snowplow_tracker.self_describing_json.SelfDescribingJson object at 0x0000023CF7A3C350>]}
[0m18:55:43.089929 [debug] [Thread-1 (]: Using sqlserver connection "model.dbt_vendas.intermediate_faturamento"
[0m18:55:43.090896 [debug] [Thread-1 (]: On model.dbt_vendas.intermediate_faturamento: /* {"app": "dbt", "dbt_version": "1.12.3", "profile_name": "dbt_vendas", "target_name": "dev", "node_id": "model.dbt_vendas.intermediate_faturamento"} */

      
      
    
    USE [VENDAS];
    EXEC('DROP view IF EXISTS "dbo"."intermediate_faturamento__dbt_backup";');

[0m18:55:43.088736 [info ] [Thread-4 (]: 4 of 10 OK created sql view model dbo.intermediate_estados ..................... [[32mOK[0m in 0.12s]
[0m18:55:43.090415 [debug] [Thread-2 (]: SQL status: OK in 0.000 seconds
[0m18:55:43.092140 [debug] [Thread-4 (]: Finished running node model.dbt_vendas.intermediate_estados
[0m18:55:43.093505 [debug] [Thread-3 (]: Using sqlserver connection "model.dbt_vendas.intermediate_datas"
[0m18:55:43.094984 [debug] [Thread-1 (]: SQL status: OK in 0.000 seconds
[0m18:55:43.095606 [debug] [Thread-4 (]: Began running node model.dbt_vendas.marts_faturamento_regiao
[0m18:55:43.099431 [debug] [Thread-1 (]: On model.dbt_vendas.intermediate_faturamento: Close
[0m18:55:43.096917 [debug] [Thread-3 (]: On model.dbt_vendas.intermediate_datas: /* {"app": "dbt", "dbt_version": "1.12.3", "profile_name": "dbt_vendas", "target_name": "dev", "node_id": "model.dbt_vendas.intermediate_datas"} */

      
      
    
    USE [VENDAS];
    EXEC('DROP view IF EXISTS "dbo"."intermediate_datas__dbt_backup";');

[0m18:55:43.097926 [info ] [Thread-4 (]: 8 of 10 START sql view model dbo.marts_faturamento_regiao ...................... [RUN]
[0m18:55:43.096532 [debug] [Thread-2 (]: On model.dbt_vendas.marts_faturamento_produto: COMMIT
[0m18:55:43.103077 [debug] [Thread-2 (]: Applying DROP to: "VENDAS"."dbo"."marts_faturamento_produto__dbt_backup"
[0m18:55:43.101403 [debug] [Thread-4 (]: Re-using an available connection from the pool (formerly model.dbt_vendas.intermediate_estados, now model.dbt_vendas.marts_faturamento_regiao)
[0m18:55:43.100738 [debug] [Thread-1 (]: Sending event: {'category': 'dbt', 'action': 'run_model', 'label': '97133950-3efa-4aab-8730-c32ca1e0be3f', 'context': [<snowplow_tracker.self_describing_json.SelfDescribingJson object at 0x0000023CF79D31D0>]}
[0m18:55:43.104787 [debug] [Thread-2 (]: dbt-sqlserver
[0m18:55:43.105462 [debug] [Thread-3 (]: SQL status: OK in 0.000 seconds
[0m18:55:43.105914 [debug] [Thread-4 (]: Began compiling node model.dbt_vendas.marts_faturamento_regiao
[0m18:55:43.110474 [debug] [Thread-4 (]: Writing injected SQL for node "model.dbt_vendas.marts_faturamento_regiao"
[0m18:55:43.106606 [info ] [Thread-1 (]: 5 of 10 OK created sql view model dbo.intermediate_faturamento ................. [[32mOK[0m in 0.14s]
[0m18:55:43.107319 [debug] [Thread-2 (]: Using sqlserver connection "model.dbt_vendas.marts_faturamento_produto"
[0m18:55:43.113044 [debug] [Thread-2 (]: On model.dbt_vendas.marts_faturamento_produto: /* {"app": "dbt", "dbt_version": "1.12.3", "profile_name": "dbt_vendas", "target_name": "dev", "node_id": "model.dbt_vendas.marts_faturamento_produto"} */

        USE [VENDAS];
        select
            sch.name as schema_name,
            obj.name as view_name
        from sys.sql_expression_dependencies refs with (nolock)
        inner join sys.objects obj with (nolock)
        on refs.referencing_id = obj.object_id
        inner join sys.schemas sch with (nolock)
        on obj.schema_id = sch.schema_id
        where refs.referenced_database_name = 'VENDAS'
        and refs.referenced_schema_name = 'dbo'
        and refs.referenced_entity_name = 'marts_faturamento_produto__dbt_backup'
        and obj.type = 'V'
        
    OPTION (LABEL = 'dbt-sqlserver');

      
[0m18:55:43.112027 [debug] [Thread-3 (]: On model.dbt_vendas.intermediate_datas: Close
[0m18:55:43.112600 [debug] [Thread-1 (]: Finished running node model.dbt_vendas.intermediate_faturamento
[0m18:55:43.113741 [debug] [Thread-3 (]: Sending event: {'category': 'dbt', 'action': 'run_model', 'label': '97133950-3efa-4aab-8730-c32ca1e0be3f', 'context': [<snowplow_tracker.self_describing_json.SelfDescribingJson object at 0x0000023CF7A3D190>]}
[0m18:55:43.114308 [debug] [Thread-4 (]: Began executing node model.dbt_vendas.marts_faturamento_regiao
[0m18:55:43.121423 [debug] [Thread-4 (]: Writing runtime sql for node "model.dbt_vendas.marts_faturamento_regiao"
[0m18:55:43.115395 [info ] [Thread-3 (]: 3 of 10 OK created sql view model dbo.intermediate_datas ....................... [[32mOK[0m in 0.14s]
[0m18:55:43.116204 [debug] [Thread-1 (]: Began running node model.dbt_vendas.marts_vendas_vendedor
[0m18:55:43.122526 [debug] [Thread-3 (]: Finished running node model.dbt_vendas.intermediate_datas
[0m18:55:43.123172 [info ] [Thread-1 (]: 9 of 10 START sql view model dbo.marts_vendas_vendedor ......................... [RUN]
[0m18:55:43.124220 [debug] [Thread-1 (]: Re-using an available connection from the pool (formerly model.dbt_vendas.intermediate_faturamento, now model.dbt_vendas.marts_vendas_vendedor)
[0m18:55:43.125353 [debug] [Thread-1 (]: Began compiling node model.dbt_vendas.marts_vendas_vendedor
[0m18:55:43.128779 [debug] [Thread-1 (]: Writing injected SQL for node "model.dbt_vendas.marts_vendas_vendedor"
[0m18:55:43.124671 [debug] [Thread-4 (]: Using sqlserver connection "model.dbt_vendas.marts_faturamento_regiao"
[0m18:55:43.125030 [debug] [Thread-3 (]: Began running node model.dbt_vendas.marts_faturamento_mensal
[0m18:55:43.129494 [debug] [Thread-4 (]: On model.dbt_vendas.marts_faturamento_regiao: /* {"app": "dbt", "dbt_version": "1.12.3", "profile_name": "dbt_vendas", "target_name": "dev", "node_id": "model.dbt_vendas.marts_faturamento_regiao"} */
USE [VENDAS];
    
    

    

    USE [VENDAS];
    EXEC('
        CREATE OR ALTER VIEW "dbo"."marts_faturamento_regiao" AS SELECT
    regiao,
    COUNT(*) AS quantidade_vendas,
    SUM(preco) AS faturamento_total,
    AVG(preco) AS ticket_medio
FROM "VENDAS"."dbo"."intermediate_vendas_enriquecidas"
GROUP BY regiao;
    ')


[0m18:55:43.130666 [debug] [Thread-4 (]: Opening a new connection, currently in state closed
[0m18:55:43.131191 [debug] [Thread-4 (]: sqlserver adapter: Using connection string: DRIVER={ODBC Driver 18 for SQL Server};SERVER=DESKTOP-DUBDQD2,1433;Database=VENDAS;Trusted_Connection=yes;encrypt=No;TrustServerCertificate=Yes;APP=dbt-sqlserver/1.11.1;Pooling=true;SQL_ATTR_TRACE=SQL_OPT_TRACE_OFF;ConnectRetryCount=3;ConnectRetryInterval=10
[0m18:55:43.130279 [info ] [Thread-3 (]: 10 of 10 START sql view model dbo.marts_faturamento_mensal ..................... [RUN]
[0m18:55:43.132818 [debug] [Thread-3 (]: Re-using an available connection from the pool (formerly model.dbt_vendas.intermediate_datas, now model.dbt_vendas.marts_faturamento_mensal)
[0m18:55:43.133785 [debug] [Thread-3 (]: Began compiling node model.dbt_vendas.marts_faturamento_mensal
[0m18:55:43.131965 [debug] [Thread-1 (]: Began executing node model.dbt_vendas.marts_vendas_vendedor
[0m18:55:43.133362 [debug] [Thread-4 (]: sqlserver adapter: Connected to db: VENDAS
[0m18:55:43.136090 [debug] [Thread-3 (]: Writing injected SQL for node "model.dbt_vendas.marts_faturamento_mensal"
[0m18:55:43.140309 [debug] [Thread-1 (]: Writing runtime sql for node "model.dbt_vendas.marts_vendas_vendedor"
[0m18:55:43.140780 [debug] [Thread-2 (]: SQL status: OK in 0.000 seconds
[0m18:55:43.142460 [debug] [Thread-2 (]: Using sqlserver connection "model.dbt_vendas.marts_faturamento_produto"
[0m18:55:43.143417 [debug] [Thread-2 (]: On model.dbt_vendas.marts_faturamento_produto: /* {"app": "dbt", "dbt_version": "1.12.3", "profile_name": "dbt_vendas", "target_name": "dev", "node_id": "model.dbt_vendas.marts_faturamento_produto"} */

      
      
    
    USE [VENDAS];
    EXEC('DROP view IF EXISTS "dbo"."marts_faturamento_produto__dbt_backup";');

[0m18:55:43.144237 [debug] [Thread-1 (]: Using sqlserver connection "model.dbt_vendas.marts_vendas_vendedor"
[0m18:55:43.145389 [debug] [Thread-1 (]: On model.dbt_vendas.marts_vendas_vendedor: /* {"app": "dbt", "dbt_version": "1.12.3", "profile_name": "dbt_vendas", "target_name": "dev", "node_id": "model.dbt_vendas.marts_vendas_vendedor"} */
USE [VENDAS];
    
    

    

    USE [VENDAS];
    EXEC('
        CREATE OR ALTER VIEW "dbo"."marts_vendas_vendedor" AS SELECT
    vendedor,
    COUNT(*) AS quantidade_vendas,
    SUM(preco) AS faturamento_total
FROM "VENDAS"."dbo"."intermediate_faturamento"
GROUP BY vendedor;
    ')


[0m18:55:43.145863 [debug] [Thread-1 (]: Opening a new connection, currently in state closed
[0m18:55:43.146446 [debug] [Thread-1 (]: sqlserver adapter: Using connection string: DRIVER={ODBC Driver 18 for SQL Server};SERVER=DESKTOP-DUBDQD2,1433;Database=VENDAS;Trusted_Connection=yes;encrypt=No;TrustServerCertificate=Yes;APP=dbt-sqlserver/1.11.1;Pooling=true;SQL_ATTR_TRACE=SQL_OPT_TRACE_OFF;ConnectRetryCount=3;ConnectRetryInterval=10
[0m18:55:43.144906 [debug] [Thread-3 (]: Began executing node model.dbt_vendas.marts_faturamento_mensal
[0m18:55:43.151556 [debug] [Thread-3 (]: Writing runtime sql for node "model.dbt_vendas.marts_faturamento_mensal"
[0m18:55:43.146904 [debug] [Thread-2 (]: SQL status: OK in 0.000 seconds
[0m18:55:43.152095 [debug] [Thread-1 (]: sqlserver adapter: Connected to db: VENDAS
[0m18:55:43.152413 [debug] [Thread-4 (]: SQL status: OK in 0.000 seconds
[0m18:55:43.154549 [debug] [Thread-2 (]: On model.dbt_vendas.marts_faturamento_produto: Close
[0m18:55:43.156470 [debug] [Thread-2 (]: Sending event: {'category': 'dbt', 'action': 'run_model', 'label': '97133950-3efa-4aab-8730-c32ca1e0be3f', 'context': [<snowplow_tracker.self_describing_json.SelfDescribingJson object at 0x0000023CF7AB4EF0>]}
[0m18:55:43.158323 [debug] [Thread-4 (]: On model.dbt_vendas.marts_faturamento_regiao: COMMIT
[0m18:55:43.161136 [debug] [Thread-4 (]: Applying DROP to: "VENDAS"."dbo"."marts_faturamento_regiao__dbt_backup"
[0m18:55:43.157314 [info ] [Thread-2 (]: 7 of 10 OK created sql view model dbo.marts_faturamento_produto ................ [[32mOK[0m in 0.09s]
[0m18:55:43.158766 [debug] [Thread-3 (]: Using sqlserver connection "model.dbt_vendas.marts_faturamento_mensal"
[0m18:55:43.164113 [debug] [Thread-3 (]: On model.dbt_vendas.marts_faturamento_mensal: /* {"app": "dbt", "dbt_version": "1.12.3", "profile_name": "dbt_vendas", "target_name": "dev", "node_id": "model.dbt_vendas.marts_faturamento_mensal"} */
USE [VENDAS];
    
    

    

    USE [VENDAS];
    EXEC('
        CREATE OR ALTER VIEW "dbo"."marts_faturamento_mensal" AS SELECT
    ano_venda,
    mes_venda,
    COUNT(*) AS quantidade_vendas,
    SUM(preco) AS faturamento_total
FROM "VENDAS"."dbo"."intermediate_datas"
GROUP BY
    ano_venda,
    mes_venda;
    ')


[0m18:55:43.164427 [debug] [Thread-3 (]: Opening a new connection, currently in state closed
[0m18:55:43.164891 [debug] [Thread-3 (]: sqlserver adapter: Using connection string: DRIVER={ODBC Driver 18 for SQL Server};SERVER=DESKTOP-DUBDQD2,1433;Database=VENDAS;Trusted_Connection=yes;encrypt=No;TrustServerCertificate=Yes;APP=dbt-sqlserver/1.11.1;Pooling=true;SQL_ATTR_TRACE=SQL_OPT_TRACE_OFF;ConnectRetryCount=3;ConnectRetryInterval=10
[0m18:55:43.162845 [debug] [Thread-4 (]: dbt-sqlserver
[0m18:55:43.163240 [debug] [Thread-1 (]: SQL status: OK in 0.000 seconds
[0m18:55:43.163776 [debug] [Thread-2 (]: Finished running node model.dbt_vendas.marts_faturamento_produto
[0m18:55:43.166107 [debug] [Thread-4 (]: Using sqlserver connection "model.dbt_vendas.marts_faturamento_regiao"
[0m18:55:43.167778 [debug] [Thread-4 (]: On model.dbt_vendas.marts_faturamento_regiao: /* {"app": "dbt", "dbt_version": "1.12.3", "profile_name": "dbt_vendas", "target_name": "dev", "node_id": "model.dbt_vendas.marts_faturamento_regiao"} */

        USE [VENDAS];
        select
            sch.name as schema_name,
            obj.name as view_name
        from sys.sql_expression_dependencies refs with (nolock)
        inner join sys.objects obj with (nolock)
        on refs.referencing_id = obj.object_id
        inner join sys.schemas sch with (nolock)
        on obj.schema_id = sch.schema_id
        where refs.referenced_database_name = 'VENDAS'
        and refs.referenced_schema_name = 'dbo'
        and refs.referenced_entity_name = 'marts_faturamento_regiao__dbt_backup'
        and obj.type = 'V'
        
    OPTION (LABEL = 'dbt-sqlserver');

      
[0m18:55:43.168803 [debug] [Thread-1 (]: On model.dbt_vendas.marts_vendas_vendedor: COMMIT
[0m18:55:43.170398 [debug] [Thread-1 (]: Applying DROP to: "VENDAS"."dbo"."marts_vendas_vendedor__dbt_backup"
[0m18:55:43.172636 [debug] [Thread-1 (]: dbt-sqlserver
[0m18:55:43.171207 [debug] [Thread-3 (]: sqlserver adapter: Connected to db: VENDAS
[0m18:55:43.173427 [debug] [Thread-1 (]: Using sqlserver connection "model.dbt_vendas.marts_vendas_vendedor"
[0m18:55:43.173878 [debug] [Thread-1 (]: On model.dbt_vendas.marts_vendas_vendedor: /* {"app": "dbt", "dbt_version": "1.12.3", "profile_name": "dbt_vendas", "target_name": "dev", "node_id": "model.dbt_vendas.marts_vendas_vendedor"} */

        USE [VENDAS];
        select
            sch.name as schema_name,
            obj.name as view_name
        from sys.sql_expression_dependencies refs with (nolock)
        inner join sys.objects obj with (nolock)
        on refs.referencing_id = obj.object_id
        inner join sys.schemas sch with (nolock)
        on obj.schema_id = sch.schema_id
        where refs.referenced_database_name = 'VENDAS'
        and refs.referenced_schema_name = 'dbo'
        and refs.referenced_entity_name = 'marts_vendas_vendedor__dbt_backup'
        and obj.type = 'V'
        
    OPTION (LABEL = 'dbt-sqlserver');

      
[0m18:55:43.188798 [debug] [Thread-3 (]: SQL status: OK in 0.000 seconds
[0m18:55:43.190841 [debug] [Thread-3 (]: On model.dbt_vendas.marts_faturamento_mensal: COMMIT
[0m18:55:43.192400 [debug] [Thread-3 (]: Applying DROP to: "VENDAS"."dbo"."marts_faturamento_mensal__dbt_backup"
[0m18:55:43.194265 [debug] [Thread-3 (]: dbt-sqlserver
[0m18:55:43.192996 [debug] [Thread-4 (]: SQL status: OK in 0.000 seconds
[0m18:55:43.194797 [debug] [Thread-1 (]: SQL status: OK in 0.000 seconds
[0m18:55:43.195455 [debug] [Thread-3 (]: Using sqlserver connection "model.dbt_vendas.marts_faturamento_mensal"
[0m18:55:43.198441 [debug] [Thread-3 (]: On model.dbt_vendas.marts_faturamento_mensal: /* {"app": "dbt", "dbt_version": "1.12.3", "profile_name": "dbt_vendas", "target_name": "dev", "node_id": "model.dbt_vendas.marts_faturamento_mensal"} */

        USE [VENDAS];
        select
            sch.name as schema_name,
            obj.name as view_name
        from sys.sql_expression_dependencies refs with (nolock)
        inner join sys.objects obj with (nolock)
        on refs.referencing_id = obj.object_id
        inner join sys.schemas sch with (nolock)
        on obj.schema_id = sch.schema_id
        where refs.referenced_database_name = 'VENDAS'
        and refs.referenced_schema_name = 'dbo'
        and refs.referenced_entity_name = 'marts_faturamento_mensal__dbt_backup'
        and obj.type = 'V'
        
    OPTION (LABEL = 'dbt-sqlserver');

      
[0m18:55:43.197934 [debug] [Thread-4 (]: Using sqlserver connection "model.dbt_vendas.marts_faturamento_regiao"
[0m18:55:43.197289 [debug] [Thread-1 (]: Using sqlserver connection "model.dbt_vendas.marts_vendas_vendedor"
[0m18:55:43.199720 [debug] [Thread-1 (]: On model.dbt_vendas.marts_vendas_vendedor: /* {"app": "dbt", "dbt_version": "1.12.3", "profile_name": "dbt_vendas", "target_name": "dev", "node_id": "model.dbt_vendas.marts_vendas_vendedor"} */

      
      
    
    USE [VENDAS];
    EXEC('DROP view IF EXISTS "dbo"."marts_vendas_vendedor__dbt_backup";');

[0m18:55:43.199039 [debug] [Thread-4 (]: On model.dbt_vendas.marts_faturamento_regiao: /* {"app": "dbt", "dbt_version": "1.12.3", "profile_name": "dbt_vendas", "target_name": "dev", "node_id": "model.dbt_vendas.marts_faturamento_regiao"} */

      
      
    
    USE [VENDAS];
    EXEC('DROP view IF EXISTS "dbo"."marts_faturamento_regiao__dbt_backup";');

[0m18:55:43.200801 [debug] [Thread-1 (]: SQL status: OK in 0.000 seconds
[0m18:55:43.202047 [debug] [Thread-1 (]: On model.dbt_vendas.marts_vendas_vendedor: Close
[0m18:55:43.202497 [debug] [Thread-1 (]: Sending event: {'category': 'dbt', 'action': 'run_model', 'label': '97133950-3efa-4aab-8730-c32ca1e0be3f', 'context': [<snowplow_tracker.self_describing_json.SelfDescribingJson object at 0x0000023CF7B04830>]}
[0m18:55:43.202970 [info ] [Thread-1 (]: 9 of 10 OK created sql view model dbo.marts_vendas_vendedor .................... [[32mOK[0m in 0.08s]
[0m18:55:43.203632 [debug] [Thread-1 (]: Finished running node model.dbt_vendas.marts_vendas_vendedor
[0m18:55:43.204951 [debug] [Thread-4 (]: SQL status: OK in 0.000 seconds
[0m18:55:43.206827 [debug] [Thread-4 (]: On model.dbt_vendas.marts_faturamento_regiao: Close
[0m18:55:43.207368 [debug] [Thread-4 (]: Sending event: {'category': 'dbt', 'action': 'run_model', 'label': '97133950-3efa-4aab-8730-c32ca1e0be3f', 'context': [<snowplow_tracker.self_describing_json.SelfDescribingJson object at 0x0000023CF7A3D8B0>]}
[0m18:55:43.207870 [info ] [Thread-4 (]: 8 of 10 OK created sql view model dbo.marts_faturamento_regiao ................. [[32mOK[0m in 0.11s]
[0m18:55:43.208423 [debug] [Thread-4 (]: Finished running node model.dbt_vendas.marts_faturamento_regiao
[0m18:55:43.218609 [debug] [Thread-3 (]: SQL status: OK in 0.000 seconds
[0m18:55:43.220030 [debug] [Thread-3 (]: Using sqlserver connection "model.dbt_vendas.marts_faturamento_mensal"
[0m18:55:43.220456 [debug] [Thread-3 (]: On model.dbt_vendas.marts_faturamento_mensal: /* {"app": "dbt", "dbt_version": "1.12.3", "profile_name": "dbt_vendas", "target_name": "dev", "node_id": "model.dbt_vendas.marts_faturamento_mensal"} */

      
      
    
    USE [VENDAS];
    EXEC('DROP view IF EXISTS "dbo"."marts_faturamento_mensal__dbt_backup";');

[0m18:55:43.222181 [debug] [Thread-3 (]: SQL status: OK in 0.000 seconds
[0m18:55:43.224033 [debug] [Thread-3 (]: On model.dbt_vendas.marts_faturamento_mensal: Close
[0m18:55:43.224559 [debug] [Thread-3 (]: Sending event: {'category': 'dbt', 'action': 'run_model', 'label': '97133950-3efa-4aab-8730-c32ca1e0be3f', 'context': [<snowplow_tracker.self_describing_json.SelfDescribingJson object at 0x0000023CF7B05A90>]}
[0m18:55:43.225047 [info ] [Thread-3 (]: 10 of 10 OK created sql view model dbo.marts_faturamento_mensal ................ [[32mOK[0m in 0.09s]
[0m18:55:43.225649 [debug] [Thread-3 (]: Finished running node model.dbt_vendas.marts_faturamento_mensal
[0m18:55:43.227658 [debug] [MainThread]: On master: COMMIT
[0m18:55:43.228316 [debug] [MainThread]: Connection 'master' was properly closed.
[0m18:55:43.228592 [debug] [MainThread]: Connection 'list_VENDAS' was properly closed.
[0m18:55:43.228799 [debug] [MainThread]: Connection 'list_VENDAS_dbo' was properly closed.
[0m18:55:43.229005 [debug] [MainThread]: Connection 'model.dbt_vendas.marts_vendas_vendedor' was properly closed.
[0m18:55:43.229200 [debug] [MainThread]: Connection 'model.dbt_vendas.marts_faturamento_produto' was properly closed.
[0m18:55:43.229391 [debug] [MainThread]: Connection 'model.dbt_vendas.marts_faturamento_regiao' was properly closed.
[0m18:55:43.229584 [debug] [MainThread]: Connection 'model.dbt_vendas.marts_faturamento_mensal' was properly closed.
[0m18:55:43.229867 [info ] [MainThread]: 
[0m18:55:43.230212 [info ] [MainThread]: Finished running 10 view models in 0 hours 0 minutes and 0.94 seconds (0.94s).
[0m18:55:43.231915 [debug] [MainThread]: Command end result
[0m18:55:43.266754 [debug] [MainThread]: Wrote artifact WritableManifest to dbt_vendas\target\manifest.json
[0m18:55:43.272581 [debug] [MainThread]: Wrote artifact SemanticManifest to dbt_vendas\target\semantic_manifest.json
[0m18:55:43.276619 [debug] [MainThread]: Wrote artifact OsiDocument to dbt_vendas\target\osi_document.json
[0m18:55:43.284763 [debug] [MainThread]: Wrote artifact RunExecutionResult to dbt_vendas\target\run_results.json
[0m18:55:43.285123 [info ] [MainThread]: 
[0m18:55:43.285507 [info ] [MainThread]: [32mCompleted successfully[0m
[0m18:55:43.285817 [info ] [MainThread]: 
[0m18:55:43.286143 [info ] [MainThread]: Done. PASS=10 WARN=0 ERROR=0 SKIP=0 NO-OP=0 REUSED=0 TOTAL=10
[0m18:55:43.287650 [debug] [MainThread]: Command `dbt run` succeeded at 18:55:43.287372 after 2.31 seconds
[0m18:55:43.288161 [debug] [MainThread]: Sending event: {'category': 'dbt', 'action': 'invocation', 'label': 'end', 'context': [<snowplow_tracker.self_describing_json.SelfDescribingJson object at 0x0000023CF6C37B90>, <snowplow_tracker.self_describing_json.SelfDescribingJson object at 0x0000023CF4AA0E90>, <snowplow_tracker.self_describing_json.SelfDescribingJson object at 0x0000023CF7B56630>]}
[0m18:55:43.288608 [debug] [MainThread]: Flushing usage events
[0m18:55:44.218019 [debug] [MainThread]: An error was encountered while trying to flush usage events
==================== 2026-09-16T11:39:30.676233Z | 01a0aa03-cbf2-76a3-a9a4-c0cd6d1e1e83 ====================
==================== 2026-09-18T18:59:06.326000Z | 01a0b5e2-f9cb-7412-be78-a7b579b2020a ====================
[0m19:39:01.795084 [debug] [MainThread]: Sending event: {'category': 'dbt', 'action': 'invocation', 'label': 'start', 'context': [<snowplow_tracker.self_describing_json.SelfDescribingJson object at 0x000001E3197DC1A0>, <snowplow_tracker.self_describing_json.SelfDescribingJson object at 0x000001E316FF4E10>, <snowplow_tracker.self_describing_json.SelfDescribingJson object at 0x000001E31BF6B9D0>]}


============================== 19:39:01.810427 | 8b7e2754-b5d0-4d21-9a10-8ef6bcb0b8df ==============================
[0m19:39:01.810427 [info ] [MainThread]: Running with dbt=1.12.3
[0m19:39:01.811434 [debug] [MainThread]: running dbt with arguments {'maximum_seed_size_mib': '1', 'no_print': 'None', 'version_check': 'True', 'target_path': 'None', 'warn_error_options': 'WarnErrorOptionsV2(error=[], warn=[], silence=[])', 'static_parser': 'True', 'printer_width': '80', 'write_json': 'True', 'empty': 'None', 'log_cache_events': 'False', 'introspect': 'True', 'cache_selected_only': 'False', 'fail_fast': 'False', 'debug': 'False', 'log_format': 'default', 'profiles_dir': 'C:\\Users\\User\\.dbt', 'send_anonymous_usage_stats': 'True', 'quiet': 'False', 'warn_error': 'None', 'partial_parse': 'True', 'invocation_command': 'dbt parse --project-dir dbt_vendas', 'hints_enabled': 'True', 'use_colors': 'True', 'use_experimental_parser': 'False', 'indirect_selection': 'eager', 'log_path': 'dbt_vendas\\logs'}
[0m19:39:05.458759 [debug] [MainThread]: Sending event: {'category': 'dbt', 'action': 'project_id', 'label': '8b7e2754-b5d0-4d21-9a10-8ef6bcb0b8df', 'context': [<snowplow_tracker.self_describing_json.SelfDescribingJson object at 0x000001E31C0263F0>]}
[0m19:39:05.532798 [debug] [MainThread]: Sending event: {'category': 'dbt', 'action': 'adapter_info', 'label': '8b7e2754-b5d0-4d21-9a10-8ef6bcb0b8df', 'context': [<snowplow_tracker.self_describing_json.SelfDescribingJson object at 0x000001E3177CF790>]}
[0m19:39:05.533779 [info ] [MainThread]: Registered adapter: sqlserver=1.11.1
[0m19:39:05.983998 [warn ] [MainThread]: [[33mWARNING[0m]: When True, uses SQL Server-native string type mappings: STRING -> VARCHAR(MAX), NCHAR -> NCHAR(1), NVARCHAR -> NVARCHAR(4000). When False (default), preserves legacy mappings: STRING and NVARCHAR -> VARCHAR(8000), NCHAR -> CHAR(1). The new behaviour is intended to become the default in a future release.
You may opt into the new behavior sooner by setting `flags.dbt_sqlserver_use_native_string_types` to `True` in `dbt_project.yml`.
Visit https://docs.getdbt.com/reference/global-configs/behavior-changes for more information.
[0m19:39:05.984627 [debug] [MainThread]: Sending event: {'category': 'dbt', 'action': 'BehaviorChangeEvent', 'label': '8b7e2754-b5d0-4d21-9a10-8ef6bcb0b8df', 'context': [<snowplow_tracker.self_describing_json.SelfDescribingJson object at 0x000001E31C382750>]}
[0m19:39:05.985136 [warn ] [MainThread]: [[33mWARNING[0m]: When True, dbt transaction hooks (begin/commit) emit real T-SQL BEGIN TRANSACTION / COMMIT TRANSACTION statements. When False (default and legacy), begin/commit are no-ops and each statement is auto-committed by the driver. This means earlier successful statements are not rolled back if a later statement fails. This behavior is intended to become the default in a future release.
You may opt into the new behavior sooner by setting `flags.dbt_sqlserver_use_dbt_transactions` to `True` in `dbt_project.yml`.
Visit https://docs.getdbt.com/reference/global-configs/behavior-changes for more information.
[0m19:39:05.986008 [debug] [MainThread]: Sending event: {'category': 'dbt', 'action': 'BehaviorChangeEvent', 'label': '8b7e2754-b5d0-4d21-9a10-8ef6bcb0b8df', 'context': [<snowplow_tracker.self_describing_json.SelfDescribingJson object at 0x000001E31C63FB60>]}
[0m19:39:06.017975 [debug] [MainThread]: checksum: 322f88ac24e63d47c1d31b5534f5eab777388b114faa788d6e85c1bcb9efb5d4, vars: {}, profile: dbt_vendas, target: dev, version: 1.12.3
[0m19:39:07.764364 [debug] [MainThread]: Partial parsing enabled: 0 files deleted, 0 files added, 0 files changed.
[0m19:39:07.764767 [debug] [MainThread]: Nothing changed, skipping partial parsing.
[0m19:39:07.765007 [debug] [MainThread]: Partial parsing enabled, no changes found, skipping parsing
[0m19:39:07.777098 [debug] [MainThread]: Sending event: {'category': 'dbt', 'action': 'load_project', 'label': '8b7e2754-b5d0-4d21-9a10-8ef6bcb0b8df', 'context': [<snowplow_tracker.self_describing_json.SelfDescribingJson object at 0x000001E31CB4E0B0>]}
[0m19:39:07.781418 [info ] [MainThread]: Performance info: dbt_vendas\target\perf_info.json
[0m19:39:07.927240 [debug] [MainThread]: Wrote artifact WritableManifest to dbt_vendas\target\manifest.json
[0m19:39:07.946858 [debug] [MainThread]: Wrote artifact SemanticManifest to dbt_vendas\target\semantic_manifest.json
[0m19:39:08.016834 [debug] [MainThread]: Wrote artifact OsiDocument to dbt_vendas\target\osi_document.json
[0m19:39:08.017845 [debug] [MainThread]: Command `dbt parse` succeeded at 19:39:08.017720 after 6.40 seconds
[0m19:39:08.018276 [debug] [MainThread]: Sending event: {'category': 'dbt', 'action': 'invocation', 'label': 'end', 'context': [<snowplow_tracker.self_describing_json.SelfDescribingJson object at 0x000001E31BDDD710>, <snowplow_tracker.self_describing_json.SelfDescribingJson object at 0x000001E31CBAE150>, <snowplow_tracker.self_describing_json.SelfDescribingJson object at 0x000001E31CBAE750>]}
[0m19:39:08.018729 [debug] [MainThread]: Flushing usage events
[0m19:39:08.973794 [debug] [MainThread]: An error was encountered while trying to flush usage events
[0m19:40:09.076777 [debug] [MainThread]: Sending event: {'category': 'dbt', 'action': 'invocation', 'label': 'start', 'context': [<snowplow_tracker.self_describing_json.SelfDescribingJson object at 0x00000293AC12C1A0>, <snowplow_tracker.self_describing_json.SelfDescribingJson object at 0x00000293A993CF50>, <snowplow_tracker.self_describing_json.SelfDescribingJson object at 0x00000293AE8BB9D0>]}


============================== 19:40:09.087043 | ea0d95c3-cc60-4e21-9971-59f6c56b6d33 ==============================
[0m19:40:09.087043 [info ] [MainThread]: Running with dbt=1.12.3
[0m19:40:09.088150 [debug] [MainThread]: running dbt with arguments {'static_parser': 'True', 'no_print': 'None', 'maximum_seed_size_mib': '1', 'target_path': 'None', 'version_check': 'True', 'warn_error_options': 'WarnErrorOptionsV2(error=[], warn=[], silence=[])', 'printer_width': '80', 'write_json': 'True', 'empty': 'None', 'log_cache_events': 'False', 'introspect': 'True', 'cache_selected_only': 'False', 'fail_fast': 'False', 'debug': 'False', 'log_format': 'default', 'partial_parse': 'True', 'send_anonymous_usage_stats': 'True', 'quiet': 'False', 'warn_error': 'None', 'profiles_dir': 'C:\\Users\\User\\.dbt', 'use_colors': 'True', 'hints_enabled': 'True', 'invocation_command': 'dbt debug --project-dir C:\\Users\\User\\Documents\\GitHub\\fic_data_model_analytic\\dbt_vendas', 'use_experimental_parser': 'False', 'indirect_selection': 'eager', 'log_path': 'C:\\Users\\User\\Documents\\GitHub\\fic_data_model_analytic\\dbt_vendas\\logs'}
[0m19:40:09.482685 [info ] [MainThread]: dbt version: 1.12.3
[0m19:40:09.483173 [info ] [MainThread]: python version: 3.14.2
[0m19:40:09.483486 [info ] [MainThread]: python path: C:\Users\User\AppData\Local\Programs\Python\Python314\python.exe
[0m19:40:09.483802 [info ] [MainThread]: os info: Windows-10-10.0.19045-SP0
[0m19:40:09.917740 [info ] [MainThread]: Using profiles dir at C:\Users\User\.dbt
[0m19:40:09.918783 [info ] [MainThread]: Using profiles.yml file at C:\Users\User\.dbt\profiles.yml
[0m19:40:09.919799 [info ] [MainThread]: Using dbt_project.yml file at C:\Users\User\Documents\GitHub\fic_data_model_analytic\dbt_vendas\dbt_project.yml
[0m19:40:09.920390 [info ] [MainThread]: adapter type: sqlserver
[0m19:40:09.920876 [info ] [MainThread]: adapter version: 1.11.1
[0m19:40:10.141915 [info ] [MainThread]: Configuration:
[0m19:40:10.142822 [info ] [MainThread]:   profiles.yml file [[32mOK found and valid[0m]
[0m19:40:10.143245 [info ] [MainThread]:   dbt_project.yml file [[32mOK found and valid[0m]
[0m19:40:10.143643 [info ] [MainThread]: Required dependencies:
[0m19:40:10.144015 [debug] [MainThread]: Executing "git --help"
[0m19:40:10.287285 [debug] [MainThread]: STDOUT: "b"usage: git [-v | --version] [-h | --help] [-C <path>] [-c <name>=<value>]\n           [--exec-path[=<path>]] [--html-path] [--man-path] [--info-path]\n           [-p | --paginate | -P | --no-pager] [--no-replace-objects] [--no-lazy-fetch]\n           [--no-optional-locks] [--no-advice] [--bare] [--git-dir=<path>]\n           [--work-tree=<path>] [--namespace=<name>] [--config-env=<name>=<envvar>]\n           <command> [<args>]\n\nThese are common Git commands used in various situations:\n\nstart a working area (see also: git help tutorial)\n   clone      Clone a repository into a new directory\n   init       Create an empty Git repository or reinitialize an existing one\n\nwork on the current change (see also: git help everyday)\n   add        Add file contents to the index\n   mv         Move or rename a file, a directory, or a symlink\n   restore    Restore working tree files\n   rm         Remove files from the working tree and from the index\n\nexamine the history and state (see also: git help revisions)\n   bisect     Use binary search to find the commit that introduced a bug\n   diff       Show changes between commits, commit and working tree, etc\n   grep       Print lines matching a pattern\n   log        Show commit logs\n   show       Show various types of objects\n   status     Show the working tree status\n\ngrow, mark and tweak your common history\n   backfill   Download missing objects in a partial clone\n   branch     List, create, or delete branches\n   commit     Record changes to the repository\n   history    EXPERIMENTAL: Rewrite history\n   merge      Join two or more development histories together\n   rebase     Reapply commits on top of another base tip\n   reset      Set `HEAD` or the index to a known state\n   switch     Switch branches\n   tag        Create, list, delete or verify tags\n\ncollaborate (see also: git help workflows)\n   fetch      Download objects and refs from another repository\n   pull       Fetch from and integrate with another repository or a local branch\n   push       Update remote refs along with associated objects\n\n'git help -a' and 'git help -g' list available subcommands and some\nconcept guides. See 'git help <command>' or 'git help <concept>'\nto read about a specific subcommand or concept.\nSee 'git help git' for an overview of the system.\n""
[0m19:40:10.288369 [debug] [MainThread]: STDERR: "b''"
[0m19:40:10.289306 [info ] [MainThread]:  - git [[32mOK found[0m]

[0m19:40:10.292180 [info ] [MainThread]: Connection:
[0m19:40:10.293173 [info ] [MainThread]:   driver: ODBC Driver 18 for SQL Server
[0m19:40:10.293923 [info ] [MainThread]:   server: DESKTOP-DUBDQD2
[0m19:40:10.294621 [info ] [MainThread]:   port: 1433
[0m19:40:10.295445 [info ] [MainThread]:   database: VENDAS
[0m19:40:10.296126 [info ] [MainThread]:   schema: dbo
[0m19:40:10.296636 [info ] [MainThread]:   UID: None
[0m19:40:10.297280 [info ] [MainThread]:   authentication: sql
[0m19:40:10.298725 [info ] [MainThread]:   windows_login: True
[0m19:40:10.299642 [info ] [MainThread]:   retries: 3
[0m19:40:10.300240 [info ] [MainThread]:   login_timeout: 0
[0m19:40:10.301025 [info ] [MainThread]:   query_timeout: 0
[0m19:40:10.301630 [info ] [MainThread]:   trace_flag: False
[0m19:40:10.302492 [info ] [MainThread]:   encrypt: False
[0m19:40:10.303268 [info ] [MainThread]:   trust_cert: True
[0m19:40:10.303956 [info ] [MainThread]:   backend: pyodbc
[0m19:40:10.304701 [info ] [MainThread]:   xact_abort: True
[0m19:40:10.306250 [info ] [MainThread]: Registered adapter: sqlserver=1.11.1
[0m19:40:10.789520 [warn ] [MainThread]: [[33mWARNING[0m]: When True, uses SQL Server-native string type mappings: STRING -> VARCHAR(MAX), NCHAR -> NCHAR(1), NVARCHAR -> NVARCHAR(4000). When False (default), preserves legacy mappings: STRING and NVARCHAR -> VARCHAR(8000), NCHAR -> CHAR(1). The new behaviour is intended to become the default in a future release.
You may opt into the new behavior sooner by setting `flags.dbt_sqlserver_use_native_string_types` to `True` in `dbt_project.yml`.
Visit https://docs.getdbt.com/reference/global-configs/behavior-changes for more information.
[0m19:40:10.790623 [debug] [MainThread]: Sending event: {'category': 'dbt', 'action': 'BehaviorChangeEvent', 'label': 'ea0d95c3-cc60-4e21-9971-59f6c56b6d33', 'context': [<snowplow_tracker.self_describing_json.SelfDescribingJson object at 0x00000293AEE31480>]}
[0m19:40:10.791525 [warn ] [MainThread]: [[33mWARNING[0m]: When True, dbt transaction hooks (begin/commit) emit real T-SQL BEGIN TRANSACTION / COMMIT TRANSACTION statements. When False (default and legacy), begin/commit are no-ops and each statement is auto-committed by the driver. This means earlier successful statements are not rolled back if a later statement fails. This behavior is intended to become the default in a future release.
You may opt into the new behavior sooner by setting `flags.dbt_sqlserver_use_dbt_transactions` to `True` in `dbt_project.yml`.
Visit https://docs.getdbt.com/reference/global-configs/behavior-changes for more information.
[0m19:40:10.792837 [debug] [MainThread]: Sending event: {'category': 'dbt', 'action': 'BehaviorChangeEvent', 'label': 'ea0d95c3-cc60-4e21-9971-59f6c56b6d33', 'context': [<snowplow_tracker.self_describing_json.SelfDescribingJson object at 0x00000293AEF75D00>]}
[0m19:40:10.793767 [debug] [MainThread]: Acquiring new sqlserver connection 'debug'
[0m19:40:10.794164 [debug] [MainThread]: Using sqlserver connection "debug"
[0m19:40:10.794470 [debug] [MainThread]: On debug: select 1 as id
[0m19:40:10.794748 [debug] [MainThread]: Opening a new connection, currently in state init
[0m19:40:10.972689 [debug] [MainThread]: sqlserver adapter: Using connection string: DRIVER={ODBC Driver 18 for SQL Server};SERVER=DESKTOP-DUBDQD2,1433;Database=VENDAS;Trusted_Connection=yes;encrypt=No;TrustServerCertificate=Yes;APP=dbt-sqlserver/1.11.1;Pooling=true;SQL_ATTR_TRACE=SQL_OPT_TRACE_OFF;ConnectRetryCount=3;ConnectRetryInterval=10
[0m19:40:11.276727 [debug] [MainThread]: sqlserver adapter: Connected to db: VENDAS
[0m19:40:11.283483 [debug] [MainThread]: SQL status: OK in 0.000 seconds
[0m19:40:11.285987 [debug] [MainThread]: On debug: Close
[0m19:40:11.286639 [info ] [MainThread]:   Connection test: [[32mOK connection ok[0m]

[0m19:40:11.287232 [info ] [MainThread]: [32mAll checks passed![0m
[0m19:40:11.288502 [debug] [MainThread]: Command `dbt debug` succeeded at 19:40:11.288374 after 2.56 seconds
[0m19:40:11.288807 [debug] [MainThread]: Connection 'debug' was properly closed.
[0m19:40:11.289143 [debug] [MainThread]: Sending event: {'category': 'dbt', 'action': 'invocation', 'label': 'end', 'context': [<snowplow_tracker.self_describing_json.SelfDescribingJson object at 0x00000293AEE76450>, <snowplow_tracker.self_describing_json.SelfDescribingJson object at 0x00000293AEE76050>, <snowplow_tracker.self_describing_json.SelfDescribingJson object at 0x00000293AEFB95E0>]}
[0m19:40:11.289566 [debug] [MainThread]: Flushing usage events
[0m19:40:12.163621 [debug] [MainThread]: An error was encountered while trying to flush usage events
[0m23:06:00.824834 [debug] [MainThread]: Sending event: {'category': 'dbt', 'action': 'invocation', 'label': 'start', 'context': [<snowplow_tracker.self_describing_json.SelfDescribingJson object at 0x7cdff9e97470>, <snowplow_tracker.self_describing_json.SelfDescribingJson object at 0x7cdff9e97860>, <snowplow_tracker.self_describing_json.SelfDescribingJson object at 0x7cdff9445be0>]}


============================== 23:06:00.835972 | fb94d8d8-246a-4204-8aca-cbe2822cbd06 ==============================
[0m23:06:00.835972 [info ] [MainThread]: Running with dbt=1.12.5
[0m23:06:00.837633 [debug] [MainThread]: running dbt with arguments {'use_colors': 'True', 'log_format': 'default', 'quiet': 'False', 'debug': 'False', 'log_cache_events': 'False', 'invocation_command': 'dbt debug --project-dir /opt/airflow/project/dbt_vendas --profiles-dir /opt/airflow/project/dbt_vendas', 'use_experimental_parser': 'False', 'log_path': '/opt/airflow/project/dbt_vendas/logs', 'cache_selected_only': 'False', 'partial_parse': 'True', 'fail_fast': 'False', 'version_check': 'True', 'send_anonymous_usage_stats': 'True', 'write_json': 'True', 'introspect': 'True', 'warn_error': 'None', 'printer_width': '80', 'target_path': 'None', 'static_parser': 'True', 'indirect_selection': 'eager', 'no_print': 'None', 'hints_enabled': 'True', 'warn_error_options': 'WarnErrorOptionsV2(error=[], warn=[], silence=[])', 'empty': 'None', 'maximum_seed_size_mib': '1', 'profiles_dir': '/opt/airflow/project/dbt_vendas'}
[0m23:06:00.859968 [info ] [MainThread]: dbt version: 1.12.5
[0m23:06:00.860943 [info ] [MainThread]: python version: 3.12.9
[0m23:06:00.862572 [info ] [MainThread]: python path: /home/airflow/.local/bin/python
[0m23:06:00.864356 [info ] [MainThread]: os info: Linux-6.18.33.2-microsoft-standard-WSL2-x86_64-with-glibc2.36
[0m23:06:01.011090 [info ] [MainThread]: Using profiles dir at /opt/airflow/project/dbt_vendas
[0m23:06:01.013408 [info ] [MainThread]: Using profiles.yml file at /opt/airflow/project/dbt_vendas/profiles.yml
[0m23:06:01.015238 [info ] [MainThread]: Using dbt_project.yml file at /opt/airflow/project/dbt_vendas/dbt_project.yml
[0m23:06:01.016250 [info ] [MainThread]: adapter type: sqlserver
[0m23:06:01.017712 [info ] [MainThread]: adapter version: 1.11.1
[0m23:06:01.163404 [info ] [MainThread]: Configuration:
[0m23:06:01.164979 [info ] [MainThread]:   profiles.yml file [[32mOK found and valid[0m]
[0m23:06:01.165840 [info ] [MainThread]:   dbt_project.yml file [[32mOK found and valid[0m]
[0m23:06:01.166618 [info ] [MainThread]: Required dependencies:
[0m23:06:01.168472 [debug] [MainThread]: Executing "git --help"
[0m23:06:01.171334 [info ] [MainThread]:  - git [[31mERROR[0m]

[0m23:06:01.172497 [info ] [MainThread]: Connection:
[0m23:06:01.174540 [info ] [MainThread]:   driver: ODBC Driver 17 for SQL Server
[0m23:06:01.176105 [info ] [MainThread]:   server: DESKTOP-DUBDQD2
[0m23:06:01.177203 [info ] [MainThread]:   port: 1433
[0m23:06:01.178397 [info ] [MainThread]:   database: VENDAS
[0m23:06:01.180598 [info ] [MainThread]:   schema: dbo
[0m23:06:01.182155 [info ] [MainThread]:   UID: 
[0m23:06:01.183482 [info ] [MainThread]:   authentication: sql
[0m23:06:01.185493 [info ] [MainThread]:   windows_login: False
[0m23:06:01.187183 [info ] [MainThread]:   retries: 3
[0m23:06:01.188473 [info ] [MainThread]:   login_timeout: 0
[0m23:06:01.190209 [info ] [MainThread]:   query_timeout: 0
[0m23:06:01.192042 [info ] [MainThread]:   trace_flag: False
[0m23:06:01.193869 [info ] [MainThread]:   encrypt: False
[0m23:06:01.195732 [info ] [MainThread]:   trust_cert: True
[0m23:06:01.197480 [info ] [MainThread]:   backend: pyodbc
[0m23:06:01.198880 [info ] [MainThread]:   xact_abort: True
[0m23:06:01.200454 [info ] [MainThread]: Registered adapter: sqlserver=1.11.1
[0m23:06:01.320267 [warn ] [MainThread]: [[33mWARNING[0m]: When True, uses SQL Server-native string type mappings: STRING -> VARCHAR(MAX), NCHAR -> NCHAR(1), NVARCHAR -> NVARCHAR(4000). When False (default), preserves legacy mappings: STRING and NVARCHAR -> VARCHAR(8000), NCHAR -> CHAR(1). The new behaviour is intended to become the default in a future release.
You may opt into the new behavior sooner by setting `flags.dbt_sqlserver_use_native_string_types` to `True` in `dbt_project.yml`.
Visit https://docs.getdbt.com/reference/global-configs/behavior-changes for more information.
[0m23:06:01.321681 [debug] [MainThread]: Sending event: {'category': 'dbt', 'action': 'BehaviorChangeEvent', 'label': 'fb94d8d8-246a-4204-8aca-cbe2822cbd06', 'context': [<snowplow_tracker.self_describing_json.SelfDescribingJson object at 0x7cdff8221820>]}
[0m23:06:01.323234 [warn ] [MainThread]: [[33mWARNING[0m]: When True, dbt transaction hooks (begin/commit) emit real T-SQL BEGIN TRANSACTION / COMMIT TRANSACTION statements. When False (default and legacy), begin/commit are no-ops and each statement is auto-committed by the driver. This means earlier successful statements are not rolled back if a later statement fails. This behavior is intended to become the default in a future release.
You may opt into the new behavior sooner by setting `flags.dbt_sqlserver_use_dbt_transactions` to `True` in `dbt_project.yml`.
Visit https://docs.getdbt.com/reference/global-configs/behavior-changes for more information.
[0m23:06:01.325752 [debug] [MainThread]: Sending event: {'category': 'dbt', 'action': 'BehaviorChangeEvent', 'label': 'fb94d8d8-246a-4204-8aca-cbe2822cbd06', 'context': [<snowplow_tracker.self_describing_json.SelfDescribingJson object at 0x7cdff8284770>]}
[0m23:06:01.327100 [debug] [MainThread]: Acquiring new sqlserver connection 'debug'
[0m23:06:01.328300 [debug] [MainThread]: Using sqlserver connection "debug"
[0m23:06:01.330280 [debug] [MainThread]: On debug: select 1 as id
[0m23:06:01.331429 [debug] [MainThread]: Opening a new connection, currently in state init
[0m23:06:01.333971 [debug] [MainThread]: sqlserver adapter: Using connection string: DRIVER={ODBC Driver 17 for SQL Server};SERVER=DESKTOP-DUBDQD2,1433;Database=VENDAS;UID=***;PWD=***;encrypt=No;TrustServerCertificate=Yes;APP=dbt-sqlserver/1.11.1;Pooling=true;SQL_ATTR_TRACE=SQL_OPT_TRACE_OFF;ConnectRetryCount=3;ConnectRetryInterval=10
[0m23:06:01.337590 [debug] [MainThread]: sqlserver adapter: SQL execution raised FailedToConnectError: Database Error
  ('01000', "[01000] [unixODBC][Driver Manager]Can't open lib 'ODBC Driver 17 for SQL Server' : file not found (0) (SQLDriverConnect)")
[0m23:06:01.338620 [debug] [MainThread]: sqlserver adapter: Error running SQL: select 1 as id
[0m23:06:01.340145 [debug] [MainThread]: sqlserver adapter: Rolling back transaction.
[0m23:06:01.341585 [debug] [MainThread]: On debug: No close available on handle
[0m23:06:01.343153 [info ] [MainThread]:   Connection test: [[31mERROR[0m]

[0m23:06:01.344498 [info ] [MainThread]: [31m2 checks failed:[0m
[0m23:06:01.346535 [info ] [MainThread]: Error from git --help: User does not have permissions for this command: "git"

[0m23:06:01.348167 [info ] [MainThread]: dbt was unable to connect to the specified database.
The database returned the following error:

  >Database Error
  ('01000', "[01000] [unixODBC][Driver Manager]Can't open lib 'ODBC Driver 17 for SQL Server' : file not found (0) (SQLDriverConnect)")

Check your database credentials and try again. For more information, visit:
https://docs.getdbt.com/docs/configure-your-profile


[0m23:06:01.350836 [debug] [MainThread]: Resource report: {"command_name": "debug", "command_success": false, "command_wall_clock_time": 0.6629896, "process_in_blocks": "1965", "process_kernel_time": 0.646569, "process_mem_max_rss": "123104", "process_out_blocks": "0", "process_user_time": 3.947688}
[0m23:06:01.353023 [debug] [MainThread]: Command `dbt debug` failed at 23:06:01.352674 after 0.67 seconds
[0m23:06:01.354159 [debug] [MainThread]: Connection 'debug' was properly closed.
[0m23:06:01.355020 [debug] [MainThread]: Sending event: {'category': 'dbt', 'action': 'invocation', 'label': 'end', 'context': [<snowplow_tracker.self_describing_json.SelfDescribingJson object at 0x7cdff88dfcb0>, <snowplow_tracker.self_describing_json.SelfDescribingJson object at 0x7cdff82c5490>, <snowplow_tracker.self_describing_json.SelfDescribingJson object at 0x7cdff869cda0>]}
[0m23:06:01.356176 [debug] [MainThread]: Flushing usage events
[0m23:06:01.965631 [debug] [MainThread]: An error was encountered while trying to flush usage events
[0m23:07:52.198238 [debug] [MainThread]: Sending event: {'category': 'dbt', 'action': 'invocation', 'label': 'start', 'context': [<snowplow_tracker.self_describing_json.SelfDescribingJson object at 0x75e41ea8a7b0>, <snowplow_tracker.self_describing_json.SelfDescribingJson object at 0x75e41ea8bf80>, <snowplow_tracker.self_describing_json.SelfDescribingJson object at 0x75e42014d4f0>]}


============================== 23:07:52.212038 | fbe95c20-625c-4e4d-8d96-68f2a5519eab ==============================
[0m23:07:52.212038 [info ] [MainThread]: Running with dbt=1.12.5
[0m23:07:52.214660 [debug] [MainThread]: running dbt with arguments {'log_format': 'default', 'fail_fast': 'False', 'target_path': 'None', 'version_check': 'True', 'quiet': 'False', 'profiles_dir': '/opt/airflow/project/dbt_vendas', 'partial_parse': 'True', 'use_experimental_parser': 'False', 'printer_width': '80', 'empty': 'None', 'static_parser': 'True', 'log_path': '/opt/airflow/project/dbt_vendas/logs', 'debug': 'False', 'no_print': 'None', 'write_json': 'True', 'log_cache_events': 'False', 'use_colors': 'True', 'warn_error_options': 'WarnErrorOptionsV2(error=[], warn=[], silence=[])', 'cache_selected_only': 'False', 'invocation_command': 'dbt debug --project-dir /opt/airflow/project/dbt_vendas --profiles-dir /opt/airflow/project/dbt_vendas', 'hints_enabled': 'True', 'warn_error': 'None', 'send_anonymous_usage_stats': 'True', 'indirect_selection': 'eager', 'maximum_seed_size_mib': '1', 'introspect': 'True'}
[0m23:07:52.236917 [info ] [MainThread]: dbt version: 1.12.5
[0m23:07:52.238713 [info ] [MainThread]: python version: 3.12.9
[0m23:07:52.240719 [info ] [MainThread]: python path: /home/airflow/.local/bin/python
[0m23:07:52.242265 [info ] [MainThread]: os info: Linux-6.18.33.2-microsoft-standard-WSL2-x86_64-with-glibc2.36
[0m23:08:22.880281 [debug] [MainThread]: Sending event: {'category': 'dbt', 'action': 'invocation', 'label': 'start', 'context': [<snowplow_tracker.self_describing_json.SelfDescribingJson object at 0x791c60b3b170>, <snowplow_tracker.self_describing_json.SelfDescribingJson object at 0x791c626b3ce0>, <snowplow_tracker.self_describing_json.SelfDescribingJson object at 0x791c60b382f0>]}


============================== 23:08:22.891536 | 1f266ae8-eb92-4c02-8f0e-985b60bb6808 ==============================
[0m23:08:22.891536 [info ] [MainThread]: Running with dbt=1.12.5
[0m23:08:22.893170 [debug] [MainThread]: running dbt with arguments {'debug': 'False', 'log_cache_events': 'False', 'target_path': 'None', 'partial_parse': 'True', 'quiet': 'False', 'introspect': 'True', 'invocation_command': 'dbt debug --project-dir /opt/airflow/project/dbt_vendas --profiles-dir /opt/airflow/project/dbt_vendas', 'use_experimental_parser': 'False', 'cache_selected_only': 'False', 'indirect_selection': 'eager', 'use_colors': 'True', 'maximum_seed_size_mib': '1', 'profiles_dir': '/opt/airflow/project/dbt_vendas', 'write_json': 'True', 'log_format': 'default', 'no_print': 'None', 'version_check': 'True', 'printer_width': '80', 'send_anonymous_usage_stats': 'True', 'static_parser': 'True', 'warn_error': 'None', 'empty': 'None', 'warn_error_options': 'WarnErrorOptionsV2(error=[], warn=[], silence=[])', 'fail_fast': 'False', 'log_path': '/opt/airflow/project/dbt_vendas/logs', 'hints_enabled': 'True'}
[0m23:08:22.913923 [info ] [MainThread]: dbt version: 1.12.5
[0m23:08:22.915094 [info ] [MainThread]: python version: 3.12.9
[0m23:08:22.917382 [info ] [MainThread]: python path: /home/airflow/.local/bin/python
[0m23:08:22.918957 [info ] [MainThread]: os info: Linux-6.18.33.2-microsoft-standard-WSL2-x86_64-with-glibc2.36
[0m23:08:23.074508 [info ] [MainThread]: Using profiles dir at /opt/airflow/project/dbt_vendas
[0m23:08:23.075754 [info ] [MainThread]: Using profiles.yml file at /opt/airflow/project/dbt_vendas/profiles.yml
[0m23:08:23.077997 [info ] [MainThread]: Using dbt_project.yml file at /opt/airflow/project/dbt_vendas/dbt_project.yml
[0m23:08:23.079634 [info ] [MainThread]: adapter type: sqlserver
[0m23:08:23.080886 [info ] [MainThread]: adapter version: 1.11.1
[0m23:08:23.259472 [info ] [MainThread]: Configuration:
[0m23:08:23.262101 [info ] [MainThread]:   profiles.yml file [[32mOK found and valid[0m]
[0m23:08:23.263847 [info ] [MainThread]:   dbt_project.yml file [[32mOK found and valid[0m]
[0m23:08:23.265511 [info ] [MainThread]: Required dependencies:
[0m23:08:23.269144 [debug] [MainThread]: Executing "git --help"
[0m23:08:23.272873 [info ] [MainThread]:  - git [[31mERROR[0m]

[0m23:08:23.274963 [info ] [MainThread]: Connection:
[0m23:08:23.277185 [info ] [MainThread]:   driver: ODBC Driver 18 for SQL Server
[0m23:08:23.279853 [info ] [MainThread]:   server: DESKTOP-DUBDQD2
[0m23:08:23.282620 [info ] [MainThread]:   port: 1433
[0m23:08:23.286160 [info ] [MainThread]:   database: VENDAS
[0m23:08:23.289528 [info ] [MainThread]:   schema: dbo
[0m23:08:23.291964 [info ] [MainThread]:   UID: 
[0m23:08:23.295847 [info ] [MainThread]:   authentication: sql
[0m23:08:23.297679 [info ] [MainThread]:   windows_login: False
[0m23:08:23.299614 [info ] [MainThread]:   retries: 3
[0m23:08:23.301509 [info ] [MainThread]:   login_timeout: 0
[0m23:08:23.303171 [info ] [MainThread]:   query_timeout: 0
[0m23:08:23.305610 [info ] [MainThread]:   trace_flag: False
[0m23:08:23.308609 [info ] [MainThread]:   encrypt: False
[0m23:08:23.310715 [info ] [MainThread]:   trust_cert: True
[0m23:08:23.312849 [info ] [MainThread]:   backend: pyodbc
[0m23:08:23.314665 [info ] [MainThread]:   xact_abort: True
[0m23:08:23.319216 [info ] [MainThread]: Registered adapter: sqlserver=1.11.1
[0m23:08:23.490352 [warn ] [MainThread]: [[33mWARNING[0m]: When True, uses SQL Server-native string type mappings: STRING -> VARCHAR(MAX), NCHAR -> NCHAR(1), NVARCHAR -> NVARCHAR(4000). When False (default), preserves legacy mappings: STRING and NVARCHAR -> VARCHAR(8000), NCHAR -> CHAR(1). The new behaviour is intended to become the default in a future release.
You may opt into the new behavior sooner by setting `flags.dbt_sqlserver_use_native_string_types` to `True` in `dbt_project.yml`.
Visit https://docs.getdbt.com/reference/global-configs/behavior-changes for more information.
[0m23:08:23.492250 [debug] [MainThread]: Sending event: {'category': 'dbt', 'action': 'BehaviorChangeEvent', 'label': '1f266ae8-eb92-4c02-8f0e-985b60bb6808', 'context': [<snowplow_tracker.self_describing_json.SelfDescribingJson object at 0x791c60555f40>]}
[0m23:08:23.493736 [warn ] [MainThread]: [[33mWARNING[0m]: When True, dbt transaction hooks (begin/commit) emit real T-SQL BEGIN TRANSACTION / COMMIT TRANSACTION statements. When False (default and legacy), begin/commit are no-ops and each statement is auto-committed by the driver. This means earlier successful statements are not rolled back if a later statement fails. This behavior is intended to become the default in a future release.
You may opt into the new behavior sooner by setting `flags.dbt_sqlserver_use_dbt_transactions` to `True` in `dbt_project.yml`.
Visit https://docs.getdbt.com/reference/global-configs/behavior-changes for more information.
[0m23:08:23.496303 [debug] [MainThread]: Sending event: {'category': 'dbt', 'action': 'BehaviorChangeEvent', 'label': '1f266ae8-eb92-4c02-8f0e-985b60bb6808', 'context': [<snowplow_tracker.self_describing_json.SelfDescribingJson object at 0x791c60a605f0>]}
[0m23:08:23.497862 [debug] [MainThread]: Acquiring new sqlserver connection 'debug'
[0m23:08:23.499154 [debug] [MainThread]: Using sqlserver connection "debug"
[0m23:08:23.500805 [debug] [MainThread]: On debug: select 1 as id
[0m23:08:23.502116 [debug] [MainThread]: Opening a new connection, currently in state init
[0m23:08:23.505812 [debug] [MainThread]: sqlserver adapter: Using connection string: DRIVER={ODBC Driver 18 for SQL Server};SERVER=DESKTOP-DUBDQD2,1433;Database=VENDAS;UID=***;PWD=***;encrypt=No;TrustServerCertificate=Yes;APP=dbt-sqlserver/1.11.1;Pooling=true;SQL_ATTR_TRACE=SQL_OPT_TRACE_OFF;ConnectRetryCount=3;ConnectRetryInterval=10
[0m23:08:47.614968 [debug] [MainThread]: Sending event: {'category': 'dbt', 'action': 'invocation', 'label': 'start', 'context': [<snowplow_tracker.self_describing_json.SelfDescribingJson object at 0x70201aa861e0>, <snowplow_tracker.self_describing_json.SelfDescribingJson object at 0x70201a5d5160>, <snowplow_tracker.self_describing_json.SelfDescribingJson object at 0x70201a4c2c60>]}


============================== 23:08:47.624753 | c19e32d7-9009-4ad2-bc88-fed96481051b ==============================
[0m23:08:47.624753 [info ] [MainThread]: Running with dbt=1.12.5
[0m23:08:47.626265 [debug] [MainThread]: running dbt with arguments {'warn_error': 'None', 'use_experimental_parser': 'False', 'maximum_seed_size_mib': '1', 'send_anonymous_usage_stats': 'True', 'no_print': 'None', 'debug': 'False', 'target_path': 'None', 'hints_enabled': 'True', 'invocation_command': 'dbt debug --project-dir /opt/airflow/project/dbt_vendas --profiles-dir /opt/airflow/project/dbt_vendas', 'partial_parse': 'True', 'indirect_selection': 'eager', 'static_parser': 'True', 'log_cache_events': 'False', 'log_format': 'default', 'profiles_dir': '/opt/airflow/project/dbt_vendas', 'empty': 'None', 'version_check': 'True', 'cache_selected_only': 'False', 'use_colors': 'True', 'warn_error_options': 'WarnErrorOptionsV2(error=[], warn=[], silence=[])', 'printer_width': '80', 'write_json': 'True', 'quiet': 'False', 'log_path': '/opt/airflow/project/dbt_vendas/logs', 'fail_fast': 'False', 'introspect': 'True'}
[0m23:08:47.647719 [info ] [MainThread]: dbt version: 1.12.5
[0m23:08:47.648777 [info ] [MainThread]: python version: 3.12.9
[0m23:08:47.649884 [info ] [MainThread]: python path: /home/airflow/.local/bin/python
[0m23:08:47.651828 [info ] [MainThread]: os info: Linux-6.18.33.2-microsoft-standard-WSL2-x86_64-with-glibc2.36
[0m23:08:47.791379 [info ] [MainThread]: Using profiles dir at /opt/airflow/project/dbt_vendas
[0m23:08:47.792429 [info ] [MainThread]: Using profiles.yml file at /opt/airflow/project/dbt_vendas/profiles.yml
[0m23:08:47.793166 [info ] [MainThread]: Using dbt_project.yml file at /opt/airflow/project/dbt_vendas/dbt_project.yml
[0m23:08:47.793948 [info ] [MainThread]: adapter type: sqlserver
[0m23:08:47.795740 [info ] [MainThread]: adapter version: 1.11.1
[0m23:08:47.955851 [info ] [MainThread]: Configuration:
[0m23:08:47.958035 [info ] [MainThread]:   profiles.yml file [[32mOK found and valid[0m]
[0m23:08:47.959418 [info ] [MainThread]:   dbt_project.yml file [[32mOK found and valid[0m]
[0m23:08:47.960475 [info ] [MainThread]: Required dependencies:
[0m23:08:47.962495 [debug] [MainThread]: Executing "git --help"
[0m23:08:47.965198 [info ] [MainThread]:  - git [[31mERROR[0m]

[0m23:08:47.966359 [info ] [MainThread]: Connection:
[0m23:08:47.968448 [info ] [MainThread]:   driver: ODBC Driver 18 for SQL Server
[0m23:08:47.970241 [info ] [MainThread]:   server: DESKTOP-DUBDQD2
[0m23:08:47.971453 [info ] [MainThread]:   port: 1433
[0m23:08:47.973470 [info ] [MainThread]:   database: VENDAS
[0m23:08:47.975417 [info ] [MainThread]:   schema: dbo
[0m23:08:47.976650 [info ] [MainThread]:   UID: 
[0m23:08:47.977828 [info ] [MainThread]:   authentication: sql
[0m23:08:47.979856 [info ] [MainThread]:   windows_login: False
[0m23:08:47.981413 [info ] [MainThread]:   retries: 3
[0m23:08:47.982607 [info ] [MainThread]:   login_timeout: 0
[0m23:08:47.984304 [info ] [MainThread]:   query_timeout: 0
[0m23:08:47.986493 [info ] [MainThread]:   trace_flag: False
[0m23:08:47.988010 [info ] [MainThread]:   encrypt: False
[0m23:08:47.989606 [info ] [MainThread]:   trust_cert: True
[0m23:08:47.991331 [info ] [MainThread]:   backend: pyodbc
[0m23:08:47.992819 [info ] [MainThread]:   xact_abort: True
[0m23:08:47.994037 [info ] [MainThread]: Registered adapter: sqlserver=1.11.1
[0m23:08:48.128550 [warn ] [MainThread]: [[33mWARNING[0m]: When True, uses SQL Server-native string type mappings: STRING -> VARCHAR(MAX), NCHAR -> NCHAR(1), NVARCHAR -> NVARCHAR(4000). When False (default), preserves legacy mappings: STRING and NVARCHAR -> VARCHAR(8000), NCHAR -> CHAR(1). The new behaviour is intended to become the default in a future release.
You may opt into the new behavior sooner by setting `flags.dbt_sqlserver_use_native_string_types` to `True` in `dbt_project.yml`.
Visit https://docs.getdbt.com/reference/global-configs/behavior-changes for more information.
[0m23:08:48.131183 [debug] [MainThread]: Sending event: {'category': 'dbt', 'action': 'BehaviorChangeEvent', 'label': 'c19e32d7-9009-4ad2-bc88-fed96481051b', 'context': [<snowplow_tracker.self_describing_json.SelfDescribingJson object at 0x7020194a9f10>]}
[0m23:08:48.132597 [warn ] [MainThread]: [[33mWARNING[0m]: When True, dbt transaction hooks (begin/commit) emit real T-SQL BEGIN TRANSACTION / COMMIT TRANSACTION statements. When False (default and legacy), begin/commit are no-ops and each statement is auto-committed by the driver. This means earlier successful statements are not rolled back if a later statement fails. This behavior is intended to become the default in a future release.
You may opt into the new behavior sooner by setting `flags.dbt_sqlserver_use_dbt_transactions` to `True` in `dbt_project.yml`.
Visit https://docs.getdbt.com/reference/global-configs/behavior-changes for more information.
[0m23:08:48.134911 [debug] [MainThread]: Sending event: {'category': 'dbt', 'action': 'BehaviorChangeEvent', 'label': 'c19e32d7-9009-4ad2-bc88-fed96481051b', 'context': [<snowplow_tracker.self_describing_json.SelfDescribingJson object at 0x7020194aa360>]}
[0m23:08:48.137162 [debug] [MainThread]: Acquiring new sqlserver connection 'debug'
[0m23:08:48.138234 [debug] [MainThread]: Using sqlserver connection "debug"
[0m23:08:48.139548 [debug] [MainThread]: On debug: select 1 as id
[0m23:08:48.141326 [debug] [MainThread]: Opening a new connection, currently in state init
[0m23:08:48.144648 [debug] [MainThread]: sqlserver adapter: Using connection string: DRIVER={ODBC Driver 18 for SQL Server};SERVER=DESKTOP-DUBDQD2,1433;Database=VENDAS;UID=***;PWD=***;encrypt=No;TrustServerCertificate=Yes;APP=dbt-sqlserver/1.11.1;Pooling=true;SQL_ATTR_TRACE=SQL_OPT_TRACE_OFF;ConnectRetryCount=3;ConnectRetryInterval=10
[0m23:12:52.858921 [debug] [MainThread]: Sending event: {'category': 'dbt', 'action': 'invocation', 'label': 'start', 'context': [<snowplow_tracker.self_describing_json.SelfDescribingJson object at 0x7e7df2eac380>, <snowplow_tracker.self_describing_json.SelfDescribingJson object at 0x7e7df407e630>, <snowplow_tracker.self_describing_json.SelfDescribingJson object at 0x7e7df4cfa630>]}


============================== 23:12:52.876894 | c180b19d-3f82-491f-a54b-af42d6ce17a5 ==============================
[0m23:12:52.876894 [info ] [MainThread]: Running with dbt=1.12.5
[0m23:12:52.880289 [debug] [MainThread]: running dbt with arguments {'no_print': 'None', 'empty': 'None', 'partial_parse': 'True', 'version_check': 'True', 'warn_error_options': 'WarnErrorOptionsV2(error=[], warn=[], silence=[])', 'use_experimental_parser': 'False', 'static_parser': 'True', 'fail_fast': 'False', 'indirect_selection': 'eager', 'printer_width': '80', 'introspect': 'True', 'maximum_seed_size_mib': '1', 'log_format': 'default', 'invocation_command': 'dbt debug --project-dir /opt/airflow/project/dbt_vendas --profiles-dir /opt/airflow/project/dbt_vendas', 'quiet': 'False', 'warn_error': 'None', 'use_colors': 'True', 'hints_enabled': 'True', 'log_cache_events': 'False', 'cache_selected_only': 'False', 'log_path': '/opt/airflow/project/dbt_vendas/logs', 'profiles_dir': '/opt/airflow/project/dbt_vendas', 'target_path': 'None', 'send_anonymous_usage_stats': 'True', 'write_json': 'True', 'debug': 'False'}
[0m23:12:52.906394 [info ] [MainThread]: dbt version: 1.12.5
[0m23:12:52.908692 [info ] [MainThread]: python version: 3.12.9
[0m23:12:52.910266 [info ] [MainThread]: python path: /home/airflow/.local/bin/python
[0m23:12:52.912317 [info ] [MainThread]: os info: Linux-6.18.33.2-microsoft-standard-WSL2-x86_64-with-glibc2.36
[0m23:12:53.079236 [info ] [MainThread]: Using profiles dir at /opt/airflow/project/dbt_vendas
[0m23:12:53.081399 [info ] [MainThread]: Using profiles.yml file at /opt/airflow/project/dbt_vendas/profiles.yml
[0m23:12:53.083131 [info ] [MainThread]: Using dbt_project.yml file at /opt/airflow/project/dbt_vendas/dbt_project.yml
[0m23:12:53.085272 [info ] [MainThread]: adapter type: sqlserver
[0m23:12:53.087356 [info ] [MainThread]: adapter version: 1.11.1
[0m23:12:53.301439 [info ] [MainThread]: Configuration:
[0m23:12:53.303169 [info ] [MainThread]:   profiles.yml file [[32mOK found and valid[0m]
[0m23:12:53.304634 [info ] [MainThread]:   dbt_project.yml file [[32mOK found and valid[0m]
[0m23:12:53.307010 [info ] [MainThread]: Required dependencies:
[0m23:12:53.308632 [debug] [MainThread]: Executing "git --help"
[0m23:12:53.313558 [debug] [MainThread]: STDOUT: "b"usage: git [-v | --version] [-h | --help] [-C <path>] [-c <name>=<value>]\n           [--exec-path[=<path>]] [--html-path] [--man-path] [--info-path]\n           [-p | --paginate | -P | --no-pager] [--no-replace-objects] [--bare]\n           [--git-dir=<path>] [--work-tree=<path>] [--namespace=<name>]\n           [--super-prefix=<path>] [--config-env=<name>=<envvar>]\n           <command> [<args>]\n\nThese are common Git commands used in various situations:\n\nstart a working area (see also: git help tutorial)\n   clone     Clone a repository into a new directory\n   init      Create an empty Git repository or reinitialize an existing one\n\nwork on the current change (see also: git help everyday)\n   add       Add file contents to the index\n   mv        Move or rename a file, a directory, or a symlink\n   restore   Restore working tree files\n   rm        Remove files from the working tree and from the index\n\nexamine the history and state (see also: git help revisions)\n   bisect    Use binary search to find the commit that introduced a bug\n   diff      Show changes between commits, commit and working tree, etc\n   grep      Print lines matching a pattern\n   log       Show commit logs\n   show      Show various types of objects\n   status    Show the working tree status\n\ngrow, mark and tweak your common history\n   branch    List, create, or delete branches\n   commit    Record changes to the repository\n   merge     Join two or more development histories together\n   rebase    Reapply commits on top of another base tip\n   reset     Reset current HEAD to the specified state\n   switch    Switch branches\n   tag       Create, list, delete or verify a tag object signed with GPG\n\ncollaborate (see also: git help workflows)\n   fetch     Download objects and refs from another repository\n   pull      Fetch from and integrate with another repository or a local branch\n   push      Update remote refs along with associated objects\n\n'git help -a' and 'git help -g' list available subcommands and some\nconcept guides. See 'git help <command>' or 'git help <concept>'\nto read about a specific subcommand or concept.\nSee 'git help git' for an overview of the system.\n""
[0m23:12:53.315464 [debug] [MainThread]: STDERR: "b''"
[0m23:12:53.316989 [info ] [MainThread]:  - git [[32mOK found[0m]

[0m23:12:53.319065 [info ] [MainThread]: Connection:
[0m23:12:53.320894 [info ] [MainThread]:   driver: ODBC Driver 18 for SQL Server
[0m23:12:53.322881 [info ] [MainThread]:   server: host.docker.internal
[0m23:12:53.324830 [info ] [MainThread]:   port: 1433
[0m23:12:53.326555 [info ] [MainThread]:   database: VENDAS
[0m23:12:53.328467 [info ] [MainThread]:   schema: dbo
[0m23:12:53.330613 [info ] [MainThread]:   UID: 
[0m23:12:53.332231 [info ] [MainThread]:   authentication: sql
[0m23:12:53.334225 [info ] [MainThread]:   windows_login: False
[0m23:12:53.336223 [info ] [MainThread]:   retries: 3
[0m23:12:53.337880 [info ] [MainThread]:   login_timeout: 0
[0m23:12:53.339674 [info ] [MainThread]:   query_timeout: 0
[0m23:12:53.341716 [info ] [MainThread]:   trace_flag: False
[0m23:12:53.343547 [info ] [MainThread]:   encrypt: False
[0m23:12:53.346186 [info ] [MainThread]:   trust_cert: True
[0m23:12:53.348534 [info ] [MainThread]:   backend: pyodbc
[0m23:12:53.350878 [info ] [MainThread]:   xact_abort: True
[0m23:12:53.353547 [info ] [MainThread]: Registered adapter: sqlserver=1.11.1
[0m23:12:53.523211 [warn ] [MainThread]: [[33mWARNING[0m]: When True, uses SQL Server-native string type mappings: STRING -> VARCHAR(MAX), NCHAR -> NCHAR(1), NVARCHAR -> NVARCHAR(4000). When False (default), preserves legacy mappings: STRING and NVARCHAR -> VARCHAR(8000), NCHAR -> CHAR(1). The new behaviour is intended to become the default in a future release.
You may opt into the new behavior sooner by setting `flags.dbt_sqlserver_use_native_string_types` to `True` in `dbt_project.yml`.
Visit https://docs.getdbt.com/reference/global-configs/behavior-changes for more information.
[0m23:12:53.525794 [debug] [MainThread]: Sending event: {'category': 'dbt', 'action': 'BehaviorChangeEvent', 'label': 'c180b19d-3f82-491f-a54b-af42d6ce17a5', 'context': [<snowplow_tracker.self_describing_json.SelfDescribingJson object at 0x7e7df16df590>]}
[0m23:12:53.527424 [warn ] [MainThread]: [[33mWARNING[0m]: When True, dbt transaction hooks (begin/commit) emit real T-SQL BEGIN TRANSACTION / COMMIT TRANSACTION statements. When False (default and legacy), begin/commit are no-ops and each statement is auto-committed by the driver. This means earlier successful statements are not rolled back if a later statement fails. This behavior is intended to become the default in a future release.
You may opt into the new behavior sooner by setting `flags.dbt_sqlserver_use_dbt_transactions` to `True` in `dbt_project.yml`.
Visit https://docs.getdbt.com/reference/global-configs/behavior-changes for more information.
[0m23:12:53.529898 [debug] [MainThread]: Sending event: {'category': 'dbt', 'action': 'BehaviorChangeEvent', 'label': 'c180b19d-3f82-491f-a54b-af42d6ce17a5', 'context': [<snowplow_tracker.self_describing_json.SelfDescribingJson object at 0x7e7df16df3b0>]}
[0m23:12:53.531998 [debug] [MainThread]: Acquiring new sqlserver connection 'debug'
[0m23:12:53.533984 [debug] [MainThread]: Using sqlserver connection "debug"
[0m23:12:53.535913 [debug] [MainThread]: On debug: select 1 as id
[0m23:12:53.537338 [debug] [MainThread]: Opening a new connection, currently in state init
[0m23:12:53.543983 [debug] [MainThread]: sqlserver adapter: Using connection string: DRIVER={ODBC Driver 18 for SQL Server};SERVER=host.docker.internal,1433;Database=VENDAS;UID=***;PWD=***;encrypt=No;TrustServerCertificate=Yes;APP=dbt-sqlserver/1.11.1;Pooling=true;SQL_ATTR_TRACE=SQL_OPT_TRACE_OFF;ConnectRetryCount=3;ConnectRetryInterval=10
[0m23:12:53.613994 [debug] [MainThread]: sqlserver adapter: SQL execution raised FailedToConnectError: Database Error
  ('28000', "[28000] [Microsoft][ODBC Driver 18 for SQL Server][SQL Server]Falha de logon do usuário ''. (18456) (SQLDriverConnect)")
[0m23:12:53.615908 [debug] [MainThread]: sqlserver adapter: Error running SQL: select 1 as id
[0m23:12:53.617958 [debug] [MainThread]: sqlserver adapter: Rolling back transaction.
[0m23:12:53.619688 [debug] [MainThread]: On debug: No close available on handle
[0m23:12:53.621020 [info ] [MainThread]:   Connection test: [[31mERROR[0m]

[0m23:12:53.622488 [info ] [MainThread]: [31m1 check failed:[0m
[0m23:12:53.624595 [info ] [MainThread]: dbt was unable to connect to the specified database.
The database returned the following error:

  >Database Error
  ('28000', "[28000] [Microsoft][ODBC Driver 18 for SQL Server][SQL Server]Falha de logon do usuário ''. (18456) (SQLDriverConnect)")

Check your database credentials and try again. For more information, visit:
https://docs.getdbt.com/docs/configure-your-profile


[0m23:12:53.627816 [debug] [MainThread]: Resource report: {"command_name": "debug", "command_success": false, "command_wall_clock_time": 0.9199347, "process_in_blocks": "157", "process_kernel_time": 0.549951, "process_mem_max_rss": "126792", "process_out_blocks": "2144", "process_user_time": 4.459388}
[0m23:12:53.630348 [debug] [MainThread]: Command `dbt debug` failed at 23:12:53.629956 after 0.92 seconds
[0m23:12:53.631888 [debug] [MainThread]: Connection 'debug' was properly closed.
[0m23:12:53.633034 [debug] [MainThread]: Sending event: {'category': 'dbt', 'action': 'invocation', 'label': 'end', 'context': [<snowplow_tracker.self_describing_json.SelfDescribingJson object at 0x7e7df1dbb860>, <snowplow_tracker.self_describing_json.SelfDescribingJson object at 0x7e7df2e81a00>, <snowplow_tracker.self_describing_json.SelfDescribingJson object at 0x7e7df1668470>]}
[0m23:12:53.634948 [debug] [MainThread]: Flushing usage events
[0m23:12:54.293353 [debug] [MainThread]: An error was encountered while trying to flush usage events
